#event_number primary_type du_ids energy_primary em_energy Xmax_pos(x, y, z), Xmax_grams zenith azimuth shower_core_pos_x shower_core_pos_y shower_core_pos_z, N_tested_cores, units are degrees, GeV and meters
16250 2212      92_97_98_108_118_119_125_279  1.14e+08  9.51e+07   1604.30   -647.85   1968.72    952.81     41.31    338.01    870.29   -476.73      0.00 16
12956 2212      18_19_25_26  1.14e+08  9.31e+07  -9415.87  -2545.89   6880.67    657.00     54.80    195.13  -2902.68  -4515.39      0.00 0
2198 2212      41_42_49_50_51_56_57_58_60_61_62_65_66_72_73_74_82_83  1.14e+08  9.28e+07  14739.90   -571.40   8059.20    666.19     61.35    357.78  -1402.58  -1881.32      0.00 0
23648 2212      0_1_2_3_4_5_6_7_8_9_11_12_13_14_15_16_17_18_19_20_21_22_24_25_26_27_28_29_31_32_33_34_35_36_37_39_40_41_42_43_44_45_47_48_49_50_51_52_53_54_56_57_58_59_60_61_62_63_64_65_66_67_68_69_70_71_72_73_74_75_76_77_78_79_80_82_83_84_85_86_87_88_89_90_91_92_93_94_95_96_97_98_99_100_101_102_103_104_105_106_107_108_109_110_111_114_115_116_117_118_119_120_121_122_123_124_125_126_127_128_129_130_131_132_133_134_135_136_137_138_139_140_141_142_143_144_145_146_147_148_149_150_151_152_153_154_155_156_157_158_159_160_161_162_163_164_165_166_167_168_169_170_171_172_173_174_175_178_179_180_181_182_183_184_185_186_187_188_189_190_191_192_193_194_195_196_197_198_199_200_201_202_203_204_205_206_208_209_210_211_212_213_214_215_216_217_218_219_220_221_222_223_224_225_226_227_228_230_231_232_233_234_235_236_237_238_239_240_241_242_243_244_245_246_247_248_249_250_251_252_253_254_255_256_257_258_259_260_261_262_263_264_265_266_267_268_269_270_271_272_273_274_275_276_277_278_279_280_281_282_283_284_285_286_287_288  1.14e+08  1.04e+08  52876.80 177145.81  14452.12    760.45     85.53     73.38  -3566.46  -1741.26      0.00 0
7060 2212      0_1_2_3_4_5_6_7_8_9_10_11_12_13_14_15_16_17_18_19_20_21_22_23_24_25_26_27_28_29_30_31_32_33_34_35_36_37_38_39_40_41_42_43_44_45_46_47_48_49_50_51_52_53_54_55_56_57_58_59_60_61_62_63_64_65_66_67_68_69_70_71_72_73_74_75_76_77_78_79_80_81_82_83_84_85_86_87_88_89_90_91_92_93_94_95_96_97_98_99_100_101_102_103_104_105_106_107_108_109_110_111_112_113_114_115_116_117_118_119_120_121_122_123_124_125_126_127_128_129_130_131_132_133_134_135_136_137_138_139_140_141_142_143_144_145_146_147_148_149_150_151_152_153_154_155_156_157_158_159_160_161_162_163_164_165_166_167_168_169_170_171_172_173_174_175_176_177_178_179_180_181_182_183_184_185_186_187_188_189_190_191_192_193_194_195_196_197_198_199_200_201_202_203_204_205_206_207_208_209_210_211_212_213_214_215_216_217_218_219_220_221_222_223_224_225_226_227_228_229_230_231_232_233_234_235_236_237_238_239_240_241_242_243_244_245_246_247_248_249_250_251_252_253_254_255_256_257_258_259_260_261_262_263_264_265_266_267_268_269_270_271_272_273_274_275_276_277_278_279_280_281_282_283_284_285_286_287_288  1.14e+08  1.00e+08 245635.73  13905.20  13453.66    734.21     86.87      3.24  -6806.42   -410.97      0.00 0
9818 2212      50_56_57_60_61_65_66_73_74_82_83_84_88_89_93_94_95_104_105_282_287  1.16e+08  9.41e+07  -4553.72  -4608.09   5596.03    690.43     49.18    225.34  -1046.42  -1386.95      0.00 4
11502 2212      99_163_164_195_196_221_222_230_231  1.16e+08  9.85e+07 -10907.07 -11729.19   7870.83    742.41     63.83    227.08  -6460.34   1281.99      0.00 0
12450 2212      0_5_6_11_12_13_18_19_26_27_34  1.16e+08  9.45e+07 -14755.24 -14858.62   9384.59    640.89     65.86    225.20  -3118.78  -6167.75      0.00 0
8630 2212      55_79_80_81_110_111_112_113_119_125_126_132_133_134_138_139_140_141_145_146_147_148_149_152_153_154_155_156_158_159_160_161_162_167_168_169_170_171_172_173_174_175_176_177_178_179_180_181_182_183_184_185_186_187_188_189_190_191_192_193_194_198_199_200_201_202_203_204_205_206_207_208_209_210_211_212_213_214_215_216_217_218_219_220_222_223_224_225_226_227_228_229_230_231_232_233_234_235_236_237_238_239_240_241_242_243_244_245_246_247_248_249_250_251_252_253_254_255_256_257_258_259_260_261_262_263_264_265_266_267_268_269_270_271_272_273_274_275_276_277_278_281_283_285_288  1.16e+08  9.95e+07  81456.88 -36556.92  13917.65    732.25     81.14    335.83  -3099.10   5851.31      0.00 0
11356 2212      0_1_5_6_11_12_13_17_18_19_24_25_26_31_32_33_34_39_40_41_42_47_48_49_50_56_60_65_69_70_71_72_73_82_83_88_93_94_99_100_101_102_103_104_105_114_115_120_121_122_127_128_129_135_136_137_142_143_144_150_151_152_157_158_163_164_165_166_167_168_169_178_179_184_185_189_190_195_196_197_198_199_200_208_212_213_217_221_222_223_224_230_231_232_233_238_239_240_241_246_247_248_253_254_255_260_261_262_266_267_268_272_273_285_286_287  1.16e+08  9.26e+07  -1658.93 -102195.04  14874.17    649.86     81.72    269.07  -5368.71   -731.48      0.00 0
17660 2212      30_37_38_43_44_45_46_50_51_52_53_54_55_56_57_58_59_60_61_62_63_64_65_66_67_68_70_71_72_73_74_75_76_77_78_79_80_81_82_83_84_85_86_87_88_89_90_91_92_93_94_95_96_97_98_99_100_101_102_103_104_105_106_107_108_109_110_111_112_113_114_115_116_117_118_119_120_121_122_123_124_125_126_127_128_129_130_131_132_133_134_135_136_137_138_139_140_141_142_143_144_145_146_147_148_149_150_151_152_153_154_155_156_157_158_159_160_161_162_163_164_165_166_167_168_169_170_171_172_173_174_175_176_177_178_179_180_181_182_183_184_185_186_187_188_189_190_191_192_193_194_195_196_197_198_199_200_201_202_203_204_205_206_207_208_209_210_211_212_213_214_215_216_217_218_219_220_221_222_223_224_225_226_227_228_229_230_231_232_233_234_235_236_237_238_239_240_241_242_243_244_245_246_247_248_249_250_251_252_253_254_255_256_257_258_259_260_261_262_263_264_265_266_267_268_269_270_271_272_273_274_275_276_277_278_279_280_281_282_283_284_285_286_287_288  1.16e+08  9.33e+07 -148643.69  31703.67  15920.85    595.52     84.02    167.96   2168.40   4009.44      0.00 0
6556 2212      3_4_8_9_10_14_15_16_21_22_23_27_28_29_30_35_36_37_38_43_44_45_46_51_52_53_54_55_57_58_59_62_63_64_66_67_68_75_76_77_78_79_80_81_84_85_86_87_90_91_92_95_96_97_98_105_106_107_108_109_110_111_112_113_116_117_118_119_122_123_124_125_126_130_131_132_133_134_137_138_139_140_141_145_146_147_148_149_152_153_154_155_156_159_160_161_162_169_170_171_172_173_174_175_176_177_180_181_182_183_185_186_187_188_191_192_193_194_200_201_202_203_204_205_206_207_209_210_211_213_214_215_216_218_219_220_225_226_227_228_229_234_235_236_237_242_243_244_245_249_250_251_252_256_257_258_259_262_263_264_265_268_269_270_271_274_275_276_277_278_279_280_281_282_283_284_288  1.17e+08  9.41e+07 -16376.82 124730.72  15379.59    639.23     83.03     97.48   5046.68   4872.94      0.00 0
24388 2212      28_35_43_52_78  1.18e+08  1.00e+08   1207.92   9468.66   6095.15    782.42     57.44     82.73   1549.12  -2221.78      0.00 0
24266 2212      14_20_27_34  1.18e+08  1.01e+08   9201.45  -8458.21   7338.59    700.02     59.58    317.41    193.00  -4477.47      0.00 0
2440 2212      27_28_29_30_33_34_35_36_37_38_39_40_41_42_43_44_45_46_47_48_49_50_51_52_53_54_55_56_57_58_59_60_61_62_63_64_65_66_67_68_69_70_71_72_73_74_75_76_77_78_79_80_81_82_83_84_85_86_87_88_89_90_91_92_93_94_95_96_97_98_99_100_101_102_103_104_105_106_107_108_109_110_111_112_113_114_115_116_117_118_119_120_121_122_123_124_125_126_127_128_129_130_131_132_133_134_135_136_137_138_139_140_141_142_143_144_145_146_147_148_149_150_151_152_153_154_155_156_157_158_159_160_161_162_163_164_165_166_167_168_169_170_171_172_173_174_175_176_177_178_179_180_181_182_183_184_185_186_187_188_189_190_191_192_193_194_195_196_197_198_199_200_201_202_203_204_205_206_207_208_209_210_211_212_213_214_215_216_217_218_219_220_221_222_223_224_225_226_227_228_229_230_231_232_233_234_235_236_237_238_239_240_241_242_243_244_245_246_247_248_249_250_251_252_253_254_255_256_257_258_259_260_261_262_263_264_265_266_267_268_269_270_277_278_279_280_281_282_283_284_285_286_287_288  1.18e+08  1.00e+08 -109315.21  11682.43  14317.44    750.22     82.58    173.90  -2030.98   1567.69      0.00 0
5614 2212      52_64_77_78_87_92_98_108_109_119  1.19e+08  1.02e+08   4754.71  -5080.99   5998.13    655.17     49.24    313.10   1770.54  -1418.51      0.00 0
13884 2212      44_45_52_53_54_79_80_111_112  1.19e+08  1.01e+08 -15315.95  -6107.35   8452.24    660.49     62.86    201.74   3596.55  -1984.78      0.00 0
2118 2212      200_208_209_210_213_214_215_217_218_219_225  1.10e+08  9.47e+07  -4596.75  -3158.08   4569.65    814.14     50.67    214.49    -54.41   1676.64      0.00 8
22592 2212      0_1_5_6_11_17  1.22e+08  1.01e+08  20601.63  -6259.25   9330.90    663.54     66.57    343.10  -3992.65  -6605.47      0.00 0
18036 2212      4_10_16_22_23_30_37_38_46_54_55_81_112_113_177  1.22e+08  1.00e+08  13904.82  27277.98  10788.14    635.13     70.59     62.99   6598.36  -2409.47      0.00 0
11030 2212      136_137_143_144_151_152_157_158_159_168_169_178_179_184_185_190_199_283_285  1.24e+08  1.05e+08    242.52  -2876.03   4314.67    642.83     33.78    274.82   -698.55    450.57      0.00 31
14852 2212      11_17_24_25_31_32_39_40_47_48_49_69_70_71_100_101_102_164_165_166_195_196_197_221_222_223_230_231_232_238_239_240_246_247_248_253_254_255_260_261_266_267_272_273  1.24e+08  1.08e+08  -8395.16 -47417.72  11917.20    718.01     76.10    259.96  -5040.65   -308.99      0.00 0
15796 2212      0_1_2_3_4_5_6_7_8_9_10_11_12_13_14_15_16_17_18_19_20_21_22_23_24_25_26_27_28_29_30_31_32_33_34_35_36_37_38_39_40_41_42_43_44_45_46_47_48_49_50_51_52_53_54_55_56_57_58_59_60_61_62_63_64_65_66_67_68_69_70_71_72_73_74_75_76_77_78_79_80_81_82_83_84_85_86_87_88_89_90_91_92_93_94_95_96_97_98_99_100_101_102_103_104_105_106_107_108_109_110_111_112_113_114_115_116_117_118_119_120_121_122_123_124_125_126_127_128_129_130_131_132_133_134_135_136_137_138_139_140_141_142_143_144_145_146_147_148_149_150_151_152_153_154_155_156_157_158_159_160_161_162_163_164_165_166_167_168_169_170_171_172_173_174_175_176_177_178_179_180_181_182_183_184_185_186_187_188_189_190_191_192_193_194_195_196_197_198_199_200_201_202_203_204_205_206_207_208_209_210_211_212_213_214_215_216_217_218_219_220_221_222_223_224_225_226_227_228_229_230_231_232_233_234_235_236_237_238_239_240_241_242_243_244_245_246_247_248_249_250_251_252_253_254_255_256_257_258_259_260_261_262_263_264_265_266_267_268_269_270_271_272_273_274_275_276_277_278_279_280_281_282_283_284_285_286_287_288  1.25e+08  9.89e+07 260091.11 -76548.98  13592.13    626.15     87.13    343.60  -2813.29   3612.05      0.00 0
21920 2212      1_2_3_4_7_8_9_10_13_14_15_16_19_20_21_22_23_26_27_28_29_30_33_34_35_36_37_38_41_42_43_44_45_46_50_51_52_53_54_55_56_57_58_59_60_61_62_63_64_65_66_67_68_72_73_74_75_76_77_78_79_80_81_82_83_84_85_86_87_88_89_90_91_92_93_94_95_96_97_98_102_103_104_105_106_107_108_109_110_111_112_113_114_115_116_117_118_119_120_121_122_123_124_125_126_127_128_129_130_131_132_133_134_135_136_137_138_139_140_141_142_143_144_145_146_147_148_149_150_151_152_153_154_155_156_157_158_159_160_161_162_166_167_168_169_170_171_172_173_174_175_176_177_178_179_180_181_182_183_184_185_186_187_188_189_190_191_192_193_194_197_198_199_200_201_202_203_204_205_206_207_208_209_210_211_212_213_214_215_216_217_218_219_220_223_224_225_226_227_228_229_232_233_234_235_236_237_240_241_242_243_244_245_247_248_249_250_251_252_254_255_256_257_258_259_261_262_263_264_265_266_267_268_269_270_271_272_273_274_275_276_277_278_279_280_281_282_283_284_285_286_287_288  1.26e+08  1.00e+08 -35128.62 170378.31  15066.74    690.55     85.05    101.65   3941.07   5951.53      0.00 0
11444 2212      0_1_2_3_4_5_6_7_8_9_11_12_13_14_15_16_17_18_19_20_21_22_23_24_25_26_27_28_29_30_31_32_33_34_35_36_37_38_39_40_41_42_43_44_45_46_47_48_49_50_51_52_53_54_55_56_57_58_59_60_61_62_63_64_65_66_67_68_69_70_71_72_73_74_75_76_77_78_79_80_81_82_83_84_85_86_87_88_89_90_91_92_93_94_95_96_97_98_99_100_101_102_103_104_105_106_107_108_109_110_111_112_113_114_115_116_117_118_119_120_121_122_123_124_125_126_127_128_129_130_131_132_133_134_135_136_137_138_139_140_141_142_143_144_145_146_147_148_149_150_151_152_153_154_155_156_157_158_159_160_161_162_163_164_165_166_167_168_169_170_171_172_173_174_175_176_177_178_179_180_181_182_183_184_185_186_187_188_189_190_191_192_193_194_195_196_197_198_199_200_201_202_203_204_205_206_207_208_209_210_211_212_213_214_215_216_217_218_219_220_221_222_223_224_225_226_227_228_229_230_231_232_233_234_235_236_237_238_239_240_241_242_243_244_245_246_247_248_249_250_251_252_253_254_255_256_257_258_259_260_261_262_263_264_265_266_267_268_269_270_271_272_273_274_275_276_277_278_279_280_281_282_283_284_285_286_287_288  1.26e+08  9.82e+07 -142905.73 -189987.05  14415.45    642.76     86.53    233.05  -1032.60   4414.03      0.00 0
13060 2212      247_248_249_250_253_254_255_256_257_258_259_260_261_262_263_264_265_266_267_268_269_270_271_272_273_274_275_276  1.27e+08  1.08e+08 -39267.29   -363.24  11237.95    705.95     74.03    180.53  -1894.69   5875.48      0.00 0
4568 2212      3_4_6_7_8_9_10_11_12_13_14_15_16_17_18_19_20_21_22_23_24_25_26_27_28_29_30_31_32_33_34_35_36_37_38_39_40_41_42_43_44_45_46_47_48_49_50_51_52_53_54_55_56_57_58_59_60_61_62_63_64_65_66_67_68_69_70_71_72_73_74_75_76_77_78_79_80_81_82_83_84_85_86_87_88_89_90_91_92_93_94_95_96_97_98_99_100_101_102_103_104_105_106_107_108_109_110_111_112_113_114_115_116_117_118_119_120_121_122_123_124_125_126_127_128_129_130_131_132_133_134_135_136_137_138_139_140_141_142_143_144_145_146_147_148_149_150_151_152_153_154_155_156_157_158_159_160_161_162_163_164_165_166_167_168_169_170_171_172_173_174_175_176_177_178_179_180_181_182_183_184_185_186_187_188_189_190_191_192_193_194_195_196_197_198_199_200_201_202_203_204_205_206_207_208_209_210_211_212_213_214_215_216_217_218_219_220_221_222_223_224_225_226_227_228_229_230_231_232_233_234_235_236_237_238_239_240_241_242_243_244_245_246_247_248_249_250_251_252_253_254_255_256_257_258_259_260_261_262_263_264_265_277_278_279_280_281_282_283_284_285_286_287_288  1.27e+08  1.02e+08 -135093.05   8357.31  14775.57    731.08     83.77    176.46  -1055.11   -369.05      0.00 0
21176 2212      123_130_131_137_138_139_144_145_146_147_152_153_154_158_159_160_161_168_169_170_171_178_179_180_181_182_184_185_186_187_189_190_191_192_199_200_201_202_208_209_210_212_213_214_217_218_219_277_278_281_283_285_288  1.28e+08  1.08e+08   4663.85  -6374.68   5751.32    750.12     53.94    306.19   -239.10    784.80      0.00 0
12844 2212      47_69_99_100_163_164_195_221_230  1.29e+08  1.08e+08   -453.56 -27940.68  10215.12    670.13     69.92    269.07  -7556.18   -446.01      0.00 0
9352 2212      183_188_194_203_204_216  1.20e+08  1.00e+08  -4109.43  -1809.05   4833.51    681.51     42.89    203.76   1387.70   1150.28      0.00 0
2796 2212      93_103_104_114_120_121_127_128_135_136_142_143_144_150_151_157_158_167_168_178_184_285_286_287  1.20e+08  9.94e+07  -1384.58  -4815.92   4123.41    859.97     50.55    253.96  -1282.35   -158.29      0.00 8
8122 2212      46_54_55_79_80_81_110_111_112_113_126_133_134_140_141_148_149_155_156_161_162_171_172_173_174_175_176_177_181_182_183_186_187_188_191_192_193_194_200_201_202_203_204_205_206_207_208_209_210_211_212_213_214_215_216_217_218_219_220_224_225_226_227_228_233_234_235_236_240_241_242_243_244_247_248_249_250_251_253_254_255_256_257_260_261_262_263_266_267_268_272_273_277_281_288  1.20e+08  9.98e+07 -38703.37  27090.33  11910.29    708.12     75.85    145.01    -24.63   3717.86      0.00 0
9370 2212      0_1_2_3_4_5_6_7_8_9_10_11_12_13_14_15_16_17_18_19_20_21_22_23_24_25_26_27_28_29_30_31_32_33_34_35_36_37_38_39_40_41_42_43_44_45_46_47_48_49_50_51_52_53_54_55_56_57_58_59_60_61_62_63_64_65_66_67_68_69_70_71_72_73_74_75_76_77_78_79_80_81_82_83_84_85_86_87_88_89_90_91_92_93_94_95_96_97_98_99_100_101_102_103_104_105_106_107_108_109_110_111_112_113_114_115_116_117_118_119_120_121_122_123_124_125_126_127_128_129_130_131_132_133_134_135_136_137_138_139_140_141_142_143_144_145_146_147_148_149_150_151_152_153_154_155_156_157_158_159_160_161_162_163_164_165_166_167_168_169_170_171_172_173_174_175_176_177_178_179_180_181_182_183_184_185_186_187_188_189_190_191_192_193_194_195_196_197_198_199_200_201_202_203_204_205_206_207_208_209_210_211_212_213_214_215_216_217_218_219_220_221_222_223_224_225_226_227_228_229_230_231_232_233_234_235_236_237_238_239_240_241_242_243_244_245_246_247_248_249_250_251_252_253_254_255_256_257_258_259_260_261_262_263_264_265_266_267_268_269_270_271_272_273_274_275_276_277_278_279_280_281_282_283_284_285_286_287_288  1.20e+08  9.73e+07 -123965.04 -247876.55  13506.23    613.43     87.21    243.43   4366.09   4873.13      0.00 0
6238 2212      43_44_45_51_52_53_56_57_58_59_60_61_62_63_64_65_66_67_68_73_74_75_76_77_78_79_82_83_84_85_86_87_88_89_90_91_92_93_94_95_96_97_98_103_104_105_106_107_108_109_110_114_115_116_117_118_119_120_121_122_123_124_125_126_127_128_129_130_131_132_133_134_135_136_137_138_139_140_141_142_143_144_145_146_147_148_149_150_151_152_153_154_155_156_157_158_159_160_161_162_166_167_168_169_170_171_172_173_178_179_180_181_182_183_184_185_186_187_188_189_190_191_192_193_194_198_199_200_201_202_203_208_209_210_211_212_213_214_215_216_217_218_219_220_224_277_278_279_280_281_282_283_284_285_286_287_288  1.31e+08  1.08e+08 -20272.28  14263.46   9954.39    644.45     68.12    144.87     30.30   -135.73      0.00 0
12118 2212      26_27_34_42_43_50_51_56_57_58_59_60_61_62_63_64_65_66_67_68_72_73_74_75_76_77_82_83_84_85_86_87_88_89_90_91_92_93_94_95_96_97_98_102_103_104_105_106_107_108_114_115_116_117_118_119_120_121_122_123_124_125_127_128_129_130_131_132_133_135_136_137_138_139_140_141_142_143_144_145_146_147_148_150_151_152_153_154_155_156_157_158_159_160_161_162_166_167_168_169_170_171_172_173_178_179_180_181_182_183_184_185_186_187_188_189_190_191_192_193_194_198_199_200_201_202_203_208_209_210_211_212_213_214_215_216_217_218_219_220_224_225_232_233_234_240_241_242_248_249_255_256_261_262_263_267_268_269_273_274_277_278_279_280_281_282_283_284_285_286_287_288  1.31e+08  1.14e+08    937.06 -42944.80  10686.00    860.09     76.03    271.25   -850.23   2543.05      0.00 0
4984 2212      41_49_71_102_166  1.32e+08  1.10e+08   -325.10 -13693.61   7639.58    696.71     60.85    268.64  -3162.39  -1661.02      0.00 0
21344 2212      31_39_47_48_69_70_99_100_163_164_165_195_196_221_222_223_230_231_238_239_246_247_253_254_260_261_266_267_272  1.32e+08  1.16e+08 -14054.16 -36939.56  11124.24    727.88     74.28    249.17  -6234.57    588.00      0.00 0
3464 2212      243_250_251_257  1.33e+08  1.14e+08  -6283.20   8398.92   6892.65    687.92     56.69    126.80   2349.60   4206.25      0.00 0
7140 2212      249_256_257_263_264_269_270_271_275_276  1.33e+08  1.11e+08  15366.73   8101.96   8517.86    677.12     63.88     27.80   2144.89   5944.92      0.00 0
12446 2212      4_9_10_14_15_16_20_21_22_23_26_27_28_29_30_33_34_35_36_37_38_40_41_42_43_44_45_46_48_49_50_51_52_53_54_56_57_58_59_60_61_62_63_64_65_66_67_68_69_70_71_72_73_74_75_76_77_78_79_82_83_84_85_86_87_88_89_90_91_92_93_94_95_96_97_98_99_100_101_102_103_104_105_106_107_108_109_110_114_115_116_117_118_119_120_121_122_123_124_125_126_127_128_129_130_131_132_133_134_135_136_137_138_139_140_141_142_143_144_145_146_147_148_149_150_151_152_153_154_155_156_157_158_159_160_161_162_163_164_165_166_167_168_169_170_171_172_178_179_180_181_182_184_185_186_189_190_191_195_196_197_198_199_200_208_212_221_222_223_230_231_277_278_279_280_281_282_283_284_285_286_287  1.33e+08  1.20e+08 -51572.61  25388.05  11684.59    867.84     78.51    153.79    -89.52  -2327.59      0.00 0
9006 2212      155_161_162_172_173_182_183_187_188_193_194_202_203_211_216_220_277_288  1.34e+08  1.10e+08     64.27   4002.51   5016.30    624.11     38.59     89.08    997.49    954.93      0.00 19
15844 2212      89_90_94_95_96_105_106_115_116_117_121_122_123_129_130_131_136_137_138_144_145_152_282_284_287  1.34e+08  1.10e+08   3565.24  -1630.79   4256.06    731.33     42.65    335.42   -211.91   -308.10      0.00 10
20756 2212      4_9_10_13_14_15_16_19_20_21_22_23_25_26_27_28_29_30_31_32_33_34_35_36_37_38_39_40_41_42_43_44_45_46_47_48_49_50_51_52_53_54_55_56_57_58_59_60_61_62_63_64_65_66_67_68_69_70_71_72_73_74_75_76_77_78_79_80_81_82_83_84_85_86_87_88_89_90_91_92_93_94_95_96_97_98_99_100_101_102_103_104_105_106_107_108_109_110_111_112_113_114_115_116_117_118_119_120_121_122_123_124_125_126_127_128_129_130_131_132_133_134_135_136_137_138_139_140_141_142_143_144_145_146_147_148_149_150_151_152_153_154_155_156_157_158_159_160_161_162_163_164_165_166_167_168_169_170_171_172_173_174_175_176_177_178_179_180_181_182_183_184_185_186_187_188_189_190_191_192_193_194_195_196_197_198_199_200_201_202_203_204_205_206_207_208_209_210_211_212_213_214_215_216_217_218_219_220_221_222_223_224_225_226_227_228_229_230_231_232_233_234_235_236_237_238_239_240_241_242_243_244_245_246_247_248_249_250_251_252_253_254_255_256_257_258_259_260_261_262_263_264_265_266_267_268_272_273_277_278_279_280_281_282_283_284_285_286_287_288  1.35e+08  1.08e+08 -126601.64  42458.62  15001.58    697.99     83.59    161.46   5271.86  -1332.50      0.00 0
7104 2212      226_234_235_242  1.36e+08  1.14e+08  -8784.40   1744.14   6245.38    722.07     55.11    168.77   1006.85   2849.29      0.00 5
2968 2212      0_1_2_3_4_5_6_7_8_9_10_11_12_13_14_15_16_17_18_19_20_21_22_23_24_25_26_27_28_29_30_31_32_33_34_35_36_37_38_39_40_41_42_43_44_45_46_47_48_49_50_51_52_53_54_55_56_57_58_59_60_61_62_63_64_65_66_67_68_69_70_71_72_73_74_75_76_77_78_79_80_81_82_83_84_85_86_87_88_89_90_91_92_93_94_95_96_97_98_99_100_101_102_103_104_105_106_107_108_109_110_111_112_113_114_115_116_117_118_119_120_121_122_123_124_125_126_127_128_129_130_131_132_133_134_135_136_137_138_139_140_141_142_143_144_145_146_147_148_149_150_151_152_153_154_155_156_157_158_159_160_161_162_163_164_165_166_167_168_169_170_171_172_173_174_175_176_177_178_179_180_181_182_183_184_185_186_187_188_189_190_191_192_193_194_195_196_197_198_199_200_201_202_203_204_205_206_207_208_209_210_211_212_213_214_215_216_217_218_219_220_221_222_223_224_225_226_227_228_229_230_231_232_233_234_235_236_237_238_239_240_241_242_243_244_245_246_247_248_249_250_251_252_253_254_255_256_257_258_259_260_261_262_263_264_265_266_267_268_269_270_271_272_273_274_275_276_277_278_279_280_281_282_283_284_285_286_287_288  1.36e+08  1.17e+08 103647.00 158268.62  14391.07    762.07     85.65     56.78   3467.24   5383.91      0.00 0
13874 2212      31_39_40_47_48_49_70_71_100_101_102_127_135_142_150_157_165_166_167_178_184_189_197_198_199_212_217_224  1.37e+08  1.19e+08 -19707.52 -17362.29   9393.79    769.64     70.32    221.38  -5336.04  -1986.28      0.00 0
10032 2212      73_74_82_83_84_85_88_89_90_91_93_94_95_96_97_103_104_105_106_107_108_114_115_116_117_118_119_120_121_122_123_124_125_126_127_128_129_130_131_132_133_134_135_136_137_138_139_140_141_142_143_144_145_146_147_148_149_150_151_152_153_154_155_156_157_158_159_160_161_162_167_168_169_170_171_172_173_174_178_179_180_181_182_183_184_185_186_187_188_189_190_191_192_193_194_199_200_201_202_203_204_205_208_209_210_211_212_213_214_215_216_217_218_219_220_225_226_227_234_235_236_242_243_244_245_250_251_252_258_259_265_277_278_279_281_282_283_284_285_286_287_288  1.38e+08  1.25e+08  22591.44  17454.35  10003.20    715.97     70.69     37.69   3275.15   3136.90      0.00 0
16796 2212      148_149_155_156_160_161_162_170_171_172_173_174_180_181_182_183_185_186_187_188_189_190_191_192_193_194_199_200_201_202_203_204_205_208_209_210_211_212_213_214_215_216_217_218_219_220_223_224_225_226_227_231_232_233_234_235_239_240_241_242_246_247_248_249_253_254_255_256_260_261_262_266_277_281_288  1.38e+08  1.16e+08  34323.14 -18939.57  11329.86    690.75     73.88    331.11  -1443.33   3368.81      0.00 0
5166 2212      45_46_53_54_55_63_64_67_68_75_76_77_78_79_80_81_83_84_85_86_87_88_89_90_91_92_93_94_95_96_97_98_103_104_105_106_107_108_109_110_111_112_113_114_115_116_117_118_119_120_121_122_123_124_125_126_127_128_129_130_131_132_133_134_135_136_137_138_139_140_141_142_143_144_145_146_147_148_149_150_151_152_153_154_155_156_157_158_159_160_161_162_166_167_168_169_170_171_172_173_174_175_176_177_178_179_180_181_182_183_184_185_186_187_188_189_190_191_192_193_194_197_198_199_200_201_202_203_204_205_206_207_208_209_210_211_212_213_214_215_216_217_218_219_220_222_223_224_225_226_227_228_229_231_232_233_234_235_236_237_239_240_241_242_243_277_278_279_280_281_282_283_284_285_286_287_288  1.38e+08  1.23e+08 -55985.43  12545.01  12877.13    670.59     77.35    167.37   5398.92    191.22      0.00 0
13214 2212      163_195_221_222_223_230_231_232_233_238_239_240_241_242_246_247_248_249_250_251_253_254_255_256_257_258_259_260_261_262_263_264_265_266_267_268_269_270_271_272_273_274_275_276  1.38e+08  1.17e+08  84536.33  20998.93  14014.40    707.64     80.86     13.95  -4514.42   5785.23      0.00 0
15680 2212      113_175_176_177_205_206_207_226_227_228_229_234_235_236_237_241_242_243_244_245_248_249_250_251_252_254_255_256_257_258_259_260_261_262_263_264_265_266_267_268_269_270_271_272_273_274_275_276  1.30e+08  1.07e+08 -63536.31  21160.35  13575.98    650.08     78.54    161.58   5517.58   3603.41      0.00 0
11702 2212      17_18_24_25_26_27_31_32_33_34_35_39_40_41_42_43_44_45_47_48_49_50_51_52_53_54_56_57_58_59_60_61_62_63_64_65_66_67_68_69_70_71_72_73_74_75_76_77_78_79_80_81_82_83_84_85_86_87_88_89_90_91_92_93_94_95_96_97_98_99_100_101_102_103_104_105_106_107_108_109_110_111_112_113_114_115_116_117_118_119_120_121_122_123_124_125_126_127_128_129_130_131_132_133_134_135_136_137_138_139_140_141_142_143_144_145_146_147_148_149_150_151_152_153_154_155_156_157_158_159_160_161_162_163_164_165_166_167_168_169_170_171_172_173_174_175_176_177_178_179_180_181_182_183_184_185_186_187_188_189_190_191_192_193_194_195_196_197_198_199_200_201_202_203_204_205_206_207_208_209_210_211_212_213_214_215_216_217_218_219_220_222_223_224_225_226_227_228_229_232_233_234_235_236_237_245_277_278_279_280_281_282_283_284_285_286_287_288  1.41e+08  1.09e+08  69859.90  14912.91  14053.62    616.82     78.87     12.05  -1003.09   -745.94      0.00 0
6896 2212      200_201_209_213_214_218_219  1.42e+08  1.20e+08   1821.16   1127.41   3217.69    737.37     33.65     31.76   -145.45   1345.28      0.00 17
15154 2212      42_50_56_60_61_65  1.42e+08  1.21e+08   4482.26   5168.99   5901.45    663.45     49.22     49.07  -1046.63  -2041.40      0.00 5
23336 2212      57_58_59_61_62_63_64_65_66_67_68_73_74_75_76_77_82_83_84_85_86_87_88_89_90_91_92_93_94_95_96_97_98_103_104_105_106_107_108_114_115_116_117_118_119_120_121_122_123_124_125_127_128_129_130_131_132_135_136_137_138_139_140_142_143_144_145_146_147_150_151_152_153_154_157_158_159_160_167_168_169_170_178_179_180_184_185_189_278_279_280_282_283_284_285_286_287  1.46e+08  1.31e+08   8800.36  -5418.25   6588.93    732.44     57.48    328.38     11.30   -481.08      0.00 0
4906 2212      23_30_37_38_44_45_46_53_54_79  1.46e+08  1.21e+08 -21936.12  13274.52   9837.12    680.58     69.01    148.82   5372.81  -3300.15      0.00 0
2334 2212      41_42_43_49_50_51_52_56_57_58_59_60_61_62_63_64_65_66_67_68_72_73_74_75_76_77_78_79_82_83_84_85_86_87_88_89_90_91_92_93_94_95_96_97_98_102_103_104_105_106_107_108_109_110_111_114_115_116_117_118_119_120_121_122_123_124_125_126_127_128_129_130_131_132_133_134_135_136_137_138_139_140_141_142_143_144_145_146_147_148_149_150_151_152_153_154_155_156_157_158_159_160_161_162_167_168_169_170_171_172_173_174_175_176_178_179_180_181_182_183_184_185_186_187_188_190_191_192_193_194_200_201_202_203_204_205_206_207_209_210_211_214_215_216_219_220_226_227_228_229_235_236_237_245_277_278_279_280_281_282_283_284_285_286_287_288  1.46e+08  1.22e+08 -32063.24 -15094.65  10517.60    762.18     73.47    205.21   1588.74    -83.61      0.00 0
19824 2212      1_2_3_4_6_7_8_9_10_11_12_13_14_15_16_17_18_19_20_21_22_23_24_25_26_27_28_29_30_31_32_33_34_35_36_37_38_39_40_41_42_43_44_45_47_48_49_50_51_52_53_56_57_58_59_60_61_62_63_64_65_66_67_68_69_70_71_72_73_74_75_76_77_78_82_83_84_85_86_87_88_89_90_91_92_93_94_95_96_97_98_99_100_101_102_103_104_105_106_107_108_109_114_115_116_117_118_119_120_121_122_123_124_125_126_127_128_129_130_131_132_133_134_135_136_137_138_139_140_141_142_143_144_145_146_147_148_150_151_152_153_154_155_157_158_159_160_161_163_164_165_166_167_168_169_170_171_178_179_180_181_184_185_186_189_190_191_195_196_197_198_199_200_208_212_221_222_223_230_231_238_277_278_279_280_281_282_283_284_285_286_287  1.47e+08  1.18e+08 -70136.63  48619.26  14418.92    643.93     80.41    145.27  -1756.82  -2971.52      0.00 0
11772 2212      24_25_31_32_33_39_40_41_42_43_47_48_49_50_51_52_56_57_58_59_60_61_62_63_64_65_66_67_68_69_70_71_72_73_74_75_76_77_78_79_82_83_84_85_86_87_88_89_90_91_92_93_94_95_96_97_98_99_100_101_102_103_104_105_106_107_108_109_110_111_112_114_115_116_117_118_119_120_121_122_123_124_125_126_127_128_129_130_131_132_133_134_135_136_137_138_139_140_141_142_143_144_145_146_147_148_149_150_151_152_153_154_155_156_157_158_159_160_161_162_163_164_165_166_167_168_169_170_171_172_173_174_175_176_177_178_179_180_181_182_183_184_185_186_187_188_189_190_191_192_193_194_195_196_197_198_199_200_201_202_203_204_205_206_207_208_209_210_211_212_213_214_215_216_217_218_219_220_221_222_223_224_225_226_227_228_229_230_231_232_233_234_235_236_237_238_239_240_241_242_243_244_245_246_247_248_249_250_251_252_253_254_255_256_257_258_259_260_261_262_263_264_265_266_267_268_269_270_271_272_273_274_275_276_277_278_279_280_281_282_283_284_285_286_287_288  1.47e+08  1.22e+08 -148717.31 -62790.06  14577.60    766.23     84.84    202.89  -2953.57   4226.67      0.00 0
1764 2212      111_174_175_205_206_226_227_228_235_236_243_244_250_251_257_258_263_264_265_269_270_275_276  1.48e+08  1.22e+08  10718.40 -28820.90  10133.70    739.15     71.76    290.40   3051.04   3494.50      0.00 0
17012 2212      177_206_207_225_226_227_228_229_233_234_235_236_237_238_239_240_241_242_243_244_245_246_247_248_249_250_251_252_253_254_255_256_257_258_259_260_261_262_263_264_265_266_267_268_269_270_271_272_273_274_275_276  1.48e+08  1.32e+08 -73872.77  10816.38  13245.28    751.37     79.94    171.67   3305.32   5128.79      0.00 0
21946 2212      2_3_4_8_9_13_14_15_20_21_26_27_28_34_35_36_42_43_50_51_52_56_57_58_59_60_61_62_63_64_65_66_67_68_72_73_74_75_76_77_82_83_84_85_86_87_88_89_90_91_92_93_94_95_96_97_98_102_103_104_105_106_107_108_114_115_116_117_118_119_120_121_122_123_124_125_127_128_129_130_131_132_135_136_137_138_139_140_142_143_144_145_146_147_150_151_152_153_154_157_158_159_160_166_167_168_169_170_171_178_179_180_181_184_185_186_189_190_191_192_198_199_200_201_208_209_212_213_214_217_218_224_232_278_279_280_281_282_283_284_285_286_287  1.49e+08  1.33e+08 -14840.07  35650.98  11211.77    700.31     73.81    112.60      5.64  -2924.72      0.00 0
24344 2212      30_37_38_44_45_46_52_53_54_55_56_57_58_59_60_61_62_63_64_65_66_67_68_73_74_75_76_77_78_79_80_81_82_83_84_85_86_87_88_89_90_91_92_93_94_95_96_97_98_103_104_105_106_107_108_109_110_111_112_113_114_115_116_117_118_119_120_121_122_123_124_125_126_127_128_129_130_131_132_133_134_135_136_137_138_139_140_141_142_143_144_145_146_147_148_149_150_151_152_153_154_155_156_157_158_159_160_161_162_166_167_168_169_170_171_172_173_174_175_176_177_178_179_180_181_182_183_184_185_186_187_188_189_190_191_192_193_194_197_198_199_200_201_202_203_204_205_206_207_208_209_210_211_212_213_214_215_216_217_218_219_220_222_223_224_225_226_227_228_229_230_231_232_233_234_235_236_237_238_239_240_241_242_243_244_245_246_247_248_249_250_251_253_254_255_256_257_260_261_262_266_277_278_279_280_281_282_283_284_285_286_287_288  1.49e+08  1.24e+08 -71928.40  30962.38  13174.76    786.93     80.45    156.71   6255.71   -695.88      0.00 0
15834 2212      39_47_48_69  1.40e+08  1.18e+08   5533.27  -8151.14   6778.56    677.41     55.47    304.17  -5897.48  -2051.85      0.00 0
5348 2212      1_2_3_4_7_8_9_10_13_14_15_16_19_20_21_22_23_26_27_28_29_30_34_35_36_37_38_42_43_44_45_46_50_51_52_53_54_55_56_57_58_59_60_61_62_63_64_65_66_67_68_72_73_74_75_76_77_78_79_80_81_82_83_84_85_86_87_88_89_90_91_92_93_94_95_96_97_98_103_104_105_106_107_108_109_110_111_112_114_115_116_117_118_119_120_121_122_123_124_125_126_127_128_129_130_131_132_133_134_135_136_137_138_139_140_141_142_143_144_145_146_147_148_149_150_151_152_153_154_155_156_157_158_159_160_161_162_167_168_169_170_171_172_173_174_175_176_177_178_179_180_181_182_183_184_185_186_187_188_189_190_191_192_193_194_198_199_200_201_202_203_204_205_206_207_208_209_210_211_212_213_214_215_216_217_218_219_220_225_226_227_228_229_233_234_235_236_237_241_242_243_244_245_249_250_251_252_256_257_258_259_262_263_264_265_268_269_270_271_274_275_276_277_278_279_280_281_282_283_284_285_286_287_288  1.40e+08  1.12e+08 -11944.23 -94814.47  14657.46    655.34     81.28    262.82   2221.55  -5637.97      0.00 0
6158 2212      0_1_2_3_5_6_7_8_9_11_12_13_14_15_17_18_19_20_21_24_25_26_27_28_29_31_32_33_34_35_36_39_40_41_42_43_44_47_48_49_50_51_52_53_56_57_58_59_60_61_62_63_64_65_66_67_68_69_70_71_72_73_74_75_76_77_78_79_82_83_84_85_86_87_88_89_90_91_92_93_94_95_96_97_98_99_100_101_102_103_104_105_106_107_108_109_110_111_114_115_116_117_118_119_120_121_122_123_124_125_126_127_128_129_130_131_132_133_134_135_136_137_138_139_140_141_142_143_144_145_146_147_148_149_150_151_152_153_154_155_156_157_158_159_160_161_162_163_164_165_166_167_168_169_170_171_172_173_174_175_178_179_180_181_182_183_184_185_186_187_188_189_190_191_192_193_194_195_196_197_198_199_200_201_202_203_204_205_208_209_210_211_212_213_214_215_216_217_218_219_220_221_222_223_224_225_226_227_228_230_231_232_233_234_235_236_238_239_240_241_242_243_244_246_247_248_249_250_251_252_253_254_255_256_257_258_259_260_261_262_263_264_265_266_267_268_269_270_271_272_273_274_275_276_277_278_279_280_281_282_283_284_285_286_287_288  1.40e+08  1.13e+08 -34150.35 -142028.02  14863.62    726.11     84.19    256.48  -1151.77   4118.92      0.00 0
21846 2212      29_30_36_37_38_42_43_44_45_46_50_51_52_53_54_55_56_57_58_59_60_61_62_63_64_65_66_67_68_72_73_74_75_76_77_78_79_80_81_82_83_84_85_86_87_88_89_90_91_92_93_94_95_96_97_98_103_104_105_106_107_108_109_110_111_112_113_114_115_116_117_118_119_120_121_122_123_124_125_126_128_129_130_131_132_133_134_137_138_139_140_141_146_147_148_149_278_279_280_282_284_287  1.51e+08  1.28e+08 -36837.95   5098.58  11107.76    694.73     73.37    172.12   3504.34  -1970.80      0.00 0
12898 2212      0_1_2_3_4_5_6_7_8_9_10_11_12_13_14_15_16_17_18_19_20_21_22_23_24_25_26_27_28_29_30_31_32_33_34_35_36_37_38_39_40_41_42_43_44_45_46_47_48_49_50_51_52_53_54_55_56_57_58_59_60_61_62_63_64_65_66_67_68_69_70_71_72_73_74_75_76_77_78_79_80_81_82_83_84_85_86_87_88_89_90_91_92_93_94_95_96_97_98_99_100_101_102_103_104_105_106_107_108_109_110_111_112_113_114_115_116_117_118_119_120_121_122_123_124_125_126_127_128_129_130_131_132_133_134_135_136_137_138_139_140_141_142_143_144_145_146_147_148_149_150_151_152_153_154_155_156_157_158_159_160_161_162_163_164_165_166_167_168_169_170_171_172_173_174_175_176_177_178_179_180_181_182_183_184_185_186_187_188_189_190_191_192_193_194_195_196_197_198_199_200_201_202_203_204_205_206_207_208_209_210_211_212_213_214_215_216_217_218_219_220_221_222_223_224_225_226_227_228_229_230_231_232_233_234_235_236_237_238_239_240_241_242_243_244_245_246_247_248_249_250_251_252_253_254_255_256_257_258_259_260_261_262_263_264_265_266_267_268_269_270_271_272_273_274_275_276_277_278_279_280_281_282_283_284_285_286_287_288  1.51e+08  1.21e+08  11353.61 -259003.12  13541.44    675.18     87.01    272.51   4383.23  -4033.32      0.00 0
9420 2212      45_46_53_54_79_80_110_111_174  1.53e+08  1.37e+08   9582.09  -8134.83   5395.08   1164.46     66.77    319.67   4699.88  -1594.88      0.00 0
5376 2212      168_178_179_184_185_189_190_199_285  1.54e+08  1.28e+08   1816.98    507.99   2161.20    928.04     41.12     15.62   -808.03    709.66      0.00 56
6486 2212      5_11_17_18_24_25_31_32_39_40_47_48_49_69_70_71_99_100_101_102_163_164_165_166_195_196_197_198_221_222_223_224_230_231_232_238_239_240_246_247_248_253_254_255_260_261_262_266_267_268_272_273_274  1.54e+08  1.32e+08  31390.92  85088.80  14072.67    716.00     81.18     69.75  -7000.56  -1495.36      0.00 0
6052 2212      31_39_40_41_47_48_49_50_56_57_58_59_60_61_62_63_64_65_66_67_68_69_70_71_72_73_74_75_76_77_78_82_83_84_85_86_87_88_89_90_91_92_93_94_95_96_97_98_99_100_101_102_103_104_105_106_107_108_109_110_114_115_116_117_118_119_120_121_122_123_124_125_126_127_128_129_130_131_132_133_134_135_136_137_138_139_140_141_142_143_144_145_146_147_148_149_150_151_152_153_154_155_156_157_158_159_160_161_162_163_164_165_166_167_168_169_170_171_172_173_174_175_178_179_180_181_182_183_184_185_186_187_188_189_190_191_192_193_194_195_196_197_198_199_200_201_202_203_204_205_206_208_209_210_211_212_213_214_215_216_217_218_219_220_222_223_224_225_226_227_228_229_231_232_233_234_235_236_237_240_241_242_243_244_245_249_250_251_252_258_259_277_278_279_280_281_282_283_284_285_286_287_288  1.55e+08  1.27e+08 -54823.03 -19446.16  13290.60    621.20     77.13    199.53  -5239.90   -550.22      0.00 0
24044 2212      144_151_152_157_158_159_167_168_169_178_179_180_184_185_186_189_190_191_199_200_201_208_209_212_213_214_217_218_233_281_283_285  1.56e+08  1.33e+08    460.33  -7657.92   6270.31    651.36     50.74    273.44   -688.87   1163.81      0.00 1
14244 2212      7_8_9_10_11_12_13_14_15_16_17_18_19_20_21_22_23_24_25_26_27_28_29_30_31_32_33_34_35_36_37_38_39_40_41_42_43_44_47_48_49_50  1.56e+08  1.29e+08 -41149.87   5673.42  11597.93    682.88     74.40    172.15  -1909.89  -4113.50      0.00 0
20000 2212      2_3_4_7_8_9_10_13_14_15_16_19_20_21_22_26_27_28_33_34_35_36_41_42_43_49_50_51_52_56_57_58_59_60_61_62_63_64_65_66_67_68_71_72_73_74_75_76_82_83_84_85_86_88_89_90_91_93_94_95_96_101_102_103_104_105_106_114_115_116_117_120_121_122_123_127_128_129_130_135_136_137_142_143_144_145_150_151_152_157_158_165_166_167_168_178_184_189_196_197_198_222_223_230_231_280_282_284_285_286_287  1.56e+08  1.34e+08 -28852.90  36731.41  12088.34    675.07     75.49    128.15   -529.18  -3146.55      0.00 0
6964 2212      2_3_4_7_8_9_10_13_14_15_16_19_20_21_22_23_26_27_28_29_30_33_34_35_36_37_41_42_43_44_45_49_50_51_52_53_56_57_58_59_60_61_62_63_64_65_66_67_68_71_72_73_74_75_76_77_78_79_82_83_84_85_86_87_88_89_90_91_92_93_94_95_96_97_98_101_102_103_104_105_106_107_108_109_110_114_115_116_117_118_119_120_121_122_123_124_125_126_127_128_129_130_131_132_133_134_135_136_137_138_139_140_141_142_143_144_145_146_147_148_149_150_151_152_153_154_155_156_157_158_159_160_161_162_165_166_167_168_169_170_171_172_173_174_178_179_180_181_182_183_184_185_186_187_188_189_190_191_192_193_194_197_198_199_200_201_202_203_204_208_209_210_211_212_213_214_215_216_217_218_219_220_222_223_224_225_226_231_232_233_234_238_239_240_241_242_246_247_248_249_253_254_255_256_260_261_262_266_267_268_272_273_277_278_279_280_281_282_283_284_285_286_287_288  1.56e+08  1.32e+08 -30681.76  60112.55  13069.82    726.54     79.04    117.04  -1782.98   1959.92      0.00 0
23244 2212      262_267_268_272_273_274  1.57e+08  1.31e+08 -13648.70   3100.91   7211.77    785.86     62.74    167.20  -2080.00   6590.46      0.00 0
2674 2212      17_24_31_32_39_40_47_48_49_69_70_71_99_100_101_102_163_164_165_166_195_196_197_221_222_223_224_230_231_232_238_239_240_246_247_248_253_254_255_260_261_262_266_267_268_272_273  1.57e+08  1.28e+08  22461.91  57169.13  13414.95    630.75     77.68     68.55  -4644.50   2379.87      0.00 0
628 2212      41_42_49_50_60_70_71_72_82_100_101_102_163_164_165_166_195_196_197_221_222_230  1.58e+08  1.36e+08 -21705.80  14503.35   9055.10    829.78     70.87    146.25  -5675.33    642.17      0.00 0
11964 2212      56_57_58_59_60_61_62_63_64_65_66_67_68_69_70_71_72_73_74_75_76_77_78_79_80_81_82_83_84_85_86_87_88_89_90_91_92_93_94_95_96_97_98_99_100_101_102_103_104_105_106_107_108_109_110_111_112_113_114_115_116_117_118_119_120_121_122_123_124_125_126_127_128_129_130_131_132_133_134_135_136_137_138_139_140_141_142_143_144_145_146_147_148_149_150_151_152_153_154_155_156_157_158_159_160_161_162_163_164_165_166_167_168_169_170_171_172_173_174_175_176_177_178_179_180_181_182_183_184_185_186_187_188_189_190_191_192_193_194_195_196_197_198_199_200_201_202_203_204_205_206_207_208_209_210_211_212_213_214_215_216_217_218_219_220_221_222_223_224_225_226_227_228_229_230_231_232_233_234_235_236_237_238_239_240_241_242_243_244_245_246_247_248_249_250_251_252_253_254_255_256_257_258_259_260_261_262_263_264_265_266_267_268_269_270_271_272_273_274_275_277_278_279_280_281_282_283_284_285_286_287_288  1.58e+08  1.29e+08  96174.96  -4098.19  14266.28    711.54     81.57    357.56  -2995.91   2834.83      0.00 0
8210 2212      16_22_23_29_30_36_37_38_43_44_45_46_51_52_53_54_55_56_57_58_59_60_61_62_63_64_65_66_67_68_73_74_75_76_77_78_79_80_81_82_83_84_85_86_87_88_89_90_91_92_93_94_95_96_97_98_103_104_105_106_107_108_109_110_111_112_114_115_116_117_118_119_120_121_122_123_124_125_126_127_128_129_130_131_132_133_134_135_136_137_138_139_140_141_142_143_144_145_146_147_148_149_150_151_152_153_154_155_156_157_158_159_160_161_162_166_167_168_169_170_171_172_173_174_175_176_178_179_180_181_182_183_184_185_186_187_188_189_190_191_192_193_194_197_198_199_200_201_202_203_204_205_206_208_209_210_211_212_213_214_215_216_217_218_219_220_223_224_225_226_227_231_232_233_234_235_239_240_241_242_243_246_247_248_249_250_253_254_255_256_260_261_262_263_266_267_268_272_273_277_278_279_280_281_282_283_284_285_286_287_288  1.59e+08  1.35e+08  44077.93 -42018.87  12733.15    723.35     78.19    316.37   3241.77  -1048.30      0.00 0
2644 2212      0_1_2_3_4_5_6_7_8_9_10_11_12_13_14_15_16_17_18_19_20_21_22_23_24_25_26_27_28_29_30_31_32_33_34_35_36_37_38_39_40_41_42_43_44_45_46_47_48_49_50_51_52_53_54_55_56_57_58_59_60_61_62_63_64_65_66_67_68_69_70_71_72_73_74_75_76_77_78_79_80_81_82_83_84_85_86_87_88_89_90_91_92_93_94_95_96_97_98_99_100_101_102_103_104_105_106_107_108_109_110_111_112_113_114_115_116_117_118_119_120_121_122_123_124_125_126_127_128_129_130_131_132_133_134_135_136_137_138_139_140_141_142_143_144_145_146_147_148_149_150_151_152_153_154_155_156_157_158_159_160_161_162_163_164_165_166_167_168_169_170_171_172_173_174_175_176_177_178_179_180_181_182_183_184_185_186_187_188_189_190_191_192_193_194_195_196_197_198_199_200_201_202_203_204_205_206_207_208_209_210_211_212_213_214_215_216_217_218_219_220_221_222_223_224_225_226_227_228_229_230_231_232_233_234_235_236_237_238_239_240_241_242_243_244_245_246_247_248_249_250_251_252_253_254_255_256_257_258_259_260_261_262_263_264_265_266_267_268_269_270_271_272_273_274_275_276_277_278_279_280_281_282_283_284_285_286_287_288  1.59e+08  1.30e+08 265065.94 -52772.99  13880.37    598.23     87.06    348.74  -6596.19    391.59      0.00 0
22916 2212      0_1_2_3_4_5_6_7_8_9_10_11_12_13_14_15_16_17_18_19_20_21_22_23_24_25_26_27_28_29_30_31_32_33_34_35_36_37_38_39_40_41_42_43_44_45_46_47_48_49_50_51_52_53_54_55_56_57_58_59_60_61_62_63_64_65_66_67_68_69_70_71_72_73_74_75_76_77_78_79_80_81_82_83_84_85_86_87_88_89_90_91_92_93_94_95_96_97_98_99_100_101_102_103_104_105_106_107_108_109_110_111_112_113_114_115_116_117_118_119_120_121_122_123_124_125_126_127_128_129_130_131_132_133_134_135_136_137_138_139_140_141_142_143_144_145_146_147_148_149_150_151_152_153_154_155_156_157_158_159_160_161_162_163_164_165_166_167_168_169_170_171_172_173_174_175_176_177_178_179_180_181_182_183_184_185_186_187_188_189_190_191_192_193_194_195_196_197_198_199_200_201_202_203_204_205_206_207_208_209_210_211_212_213_214_215_216_217_218_219_220_221_222_223_224_225_226_227_228_229_230_231_232_233_234_235_236_237_238_239_240_241_242_243_244_245_246_247_248_249_250_251_252_253_254_255_256_257_258_260_261_262_263_264_266_267_268_269_272_273_274_277_278_279_280_281_282_283_284_285_286_287_288  1.50e+08  1.20e+08 156960.19 -82475.84  15169.64    674.28     85.11    332.28    263.99  -2180.65      0.00 0
12952 2212      0_1_2_3_4_5_6_7_8_9_10_11_12_13_14_15_16_17_18_19_20_21_22_23_24_25_26_27_28_29_30_31_32_33_34_35_36_37_38_39_40_41_42_43_44_45_46_47_48_49_50_51_52_53_54_55_56_57_58_59_60_61_62_63_64_65_66_67_68_69_70_71_72_73_74_75_76_77_78_79_80_81_82_83_84_85_86_87_88_89_90_91_92_93_94_95_96_97_98_99_100_101_102_103_104_105_106_107_108_109_110_111_112_113_114_115_116_117_118_119_120_121_122_123_124_125_126_127_128_129_130_131_132_133_134_135_136_137_138_139_140_141_142_143_144_145_146_147_148_149_150_151_152_153_154_155_156_157_158_159_160_161_162_163_164_165_166_167_168_169_170_171_172_173_174_175_176_177_178_179_180_181_182_183_184_185_186_187_188_189_190_191_192_193_194_195_196_197_198_199_200_201_202_203_204_205_206_207_208_209_210_211_212_213_214_215_216_217_218_219_220_221_222_223_224_225_226_227_228_229_230_231_232_233_234_235_236_237_238_239_240_241_242_243_244_245_246_247_248_249_250_251_252_253_254_255_256_257_258_259_260_261_262_263_264_265_266_267_268_269_270_271_272_273_274_275_276_277_278_279_280_281_282_283_284_285_286_287_288  1.50e+08  1.32e+08  65108.56 -212165.59  13846.06    760.90     86.43    287.06   -765.57  -2815.14      0.00 0
6222 2212      5_6_11_12_17_18  1.61e+08  1.35e+08  17488.97   2773.11   8287.24    726.29     64.92      9.01  -4384.99  -5792.21      0.00 0
3626 2212      255_262_268_273  1.62e+08  1.37e+08   2283.65  12109.02   7366.09    688.33     59.13     79.32  -1216.93   6927.15      0.00 0
20976 2212      0_1_2_3_5_6_7_8_9_11_12_13_14_15_17_18_19_20_21_22_24_25_26_27_28_29_30_31_32_33_34_35_36_37_39_40_41_42_43_44_45_46_47_48_49_50_51_52_53_54_56_57_58_59_60_61_62_63_64_65_66_67_68_69_70_71_72_73_74_75_76_77_78_79_80_81_82_83_84_85_86_87_88_89_90_91_92_93_94_95_96_97_98_99_100_101_102_103_104_105_106_107_108_109_110_111_112_113_114_115_116_117_118_119_120_121_122_123_124_125_126_127_128_129_130_131_132_133_134_135_136_137_138_139_140_141_142_143_144_145_146_147_148_149_150_151_152_153_154_155_156_157_158_159_160_161_162_163_164_165_166_167_168_169_170_171_172_173_174_175_176_177_178_179_180_181_182_183_184_185_186_187_188_189_190_191_192_193_194_195_196_197_198_199_200_201_202_203_204_205_206_207_208_209_210_211_212_213_214_215_216_217_218_219_220_221_222_223_224_225_226_227_228_229_230_231_232_233_234_235_236_237_238_239_240_241_242_243_244_245_246_247_248_249_250_251_252_253_254_255_256_257_258_259_260_261_262_263_264_265_266_267_268_269_270_271_272_273_274_275_276_277_278_279_280_281_282_283_284_285_286_287_288  1.62e+08  1.27e+08 186079.52 198362.59  13539.98    628.76     87.15     46.83  -7554.48    480.35      0.00 0
18054 2212      4_9_14_15_20_21_22_26_27_28_34_35_36_41_42_43_49_50_51_52_56_57_58_59_60_61_62_63_64_65_66_67_68_71_72_73_74_75_76_77_82_83_84_85_86_88_89_90_91_93_94_95_96_97_101_102_103_104_105_106_107_114_115_116_117_120_121_122_123_127_128_129_130_135_136_137_138_142_143_144_145_150_151_152_157_158_165_166_167_168_169_178_179_184_189_196_197_198_222_223_230_231_238_279_280_282_283_284_285_286_287  1.63e+08  1.36e+08 -25478.66  25684.04  11233.50    660.37     72.75    134.77  -2349.26   -564.45      0.00 0
17880 2212      0_1_2_3_4_5_6_7_8_9_10_11_12_13_14_15_16_17_18_19_20_21_22_23_24_25_26_27_31_32_33_34  1.63e+08  1.44e+08 -64744.04  16274.59  12529.63    808.01     79.37    165.89  -2147.20  -6729.95      0.00 0
20276 2212      0_5_6_11_12_17_18_19_24_25_26_27_31_32_33_34_39_40_41_42_43_47_48_49_50_51_52_56_57_58_59_60_61_62_63_64_65_66_67_68_70_71_72_73_74_75_76_77_78_82_83_84_85_86_87_88_89_90_91_92_93_94_95_96_97_98_101_102_103_104_105_106_107_108_109_110_114_115_116_117_118_119_120_121_122_123_124_125_126_127_128_129_130_131_132_133_134_135_136_137_138_139_140_141_142_143_144_145_146_147_148_149_150_151_152_153_154_155_156_157_158_159_160_161_162_165_166_167_168_169_170_171_172_173_174_175_178_179_180_181_182_183_184_185_186_187_188_189_190_191_192_193_194_197_198_199_200_201_202_203_204_205_206_208_209_210_211_212_213_214_215_216_217_218_219_220_224_225_226_227_228_233_234_235_236_237_242_243_244_245_250_251_252_258_259_265_277_278_279_280_281_282_283_284_285_286_287_288  1.63e+08  1.41e+08  47949.00  38772.94  11050.67   1051.71     79.84     38.96  -2935.47  -2526.45      0.00 0
18302 2212      0_1_2_3_4_5_6_7_8_9_10_11_12_13_14_15_16_17_18_19_20_21_22_23_24_25_26_27_28_29_30_31_32_33_34_35_36_37_38_39_40_41_42_43_44_45_46_47_48_49_50_51_52_53_54_55_56_57_58_59_60_61_62_63_64_65_66_67_68_70_71_72_73_74_75_76_77_78_79_80_81_82_83_84_85_86_87_88_89_90_91_92_93_94_95_96_97_98_101_102_103_104_105_106_107_108_109_110_111_112_113_114_115_116_117_118_119_120_121_122_123_124_125_126_127_128_129_130_131_132_133_134_135_136_137_138_139_140_141_142_143_144_145_146_147_148_149_150_151_152_153_154_155_156_157_158_159_160_161_162_166_167_168_169_170_171_172_173_174_175_176_177_178_179_180_181_182_183_184_185_186_187_188_189_190_191_192_193_194_198_199_200_201_202_203_204_205_206_207_208_209_210_211_212_213_214_215_216_217_218_219_220_224_225_226_227_228_229_233_234_235_236_237_242_243_244_245_250_251_252_258_259_265_277_278_279_280_281_282_283_284_285_286_287_288  1.63e+08  1.41e+08 -113115.85 -65861.43  14427.58    776.84     83.71    210.21  -3891.95  -6813.64      0.00 0
20954 2212      92_97_98_107_108_109_118_119_124_125_126_131_132_133_134_139_140_141_146_147_148_149_154_155_156_160_161_162_171_172_173_181_182_183_187_188_192_193_194_202_203_204_210_211_215_216_219_220_226_234_242_277_278_279_288  1.64e+08  1.42e+08   1540.32  12803.44   6908.85    795.71     61.82     83.14   1213.06   1936.08      0.00 0
4250 2212      20_27_34_35_43  1.65e+08  1.45e+08   5229.82   7083.20   5596.26    839.16     57.56     53.56    105.78  -3673.13      0.00 1
23830 2212      21_22_23_26_27_28_29_30_33_34_35_36_37_38_40_41_42_43_44_45_48_49_50_51_52_53_56_57_58_59_60_61_62_63_64_65_66_67_68_69_70_71_72_73_74_75_76_77_78_79_82_83_84_85_86_87_88_89_90_91_92_93_94_95_96_97_98_99_100_101_102_103_104_105_106_107_108_109_110_114_115_116_117_118_119_120_121_122_123_124_125_126_127_128_129_130_131_132_133_134_135_136_137_138_139_140_141_142_143_144_145_146_147_148_149_150_151_152_153_154_155_156_157_158_159_160_161_162_163_164_165_166_167_168_169_170_171_172_178_179_180_181_182_184_185_186_189_190_191_195_196_197_198_199_200_208_212_221_222_223_230_231_277_278_279_280_281_282_283_284_285_286_287  1.66e+08  1.36e+08  46744.40 -19114.12  11789.21    766.88     76.86    337.76  -1378.97  -1339.68      0.00 0
18008 2212      80_81_110_111_112_113_118_119_123_124_125_126_129_130_131_132_133_134_135_136_137_138_139_140_141_142_143_144_145_146_147_148_149_150_151_152_153_154_155_156_157_158_159_160_161_162_165_166_167_168_169_170_171_172_173_174_175_176_177_178_179_180_181_182_183_184_185_186_187_188_189_190_191_192_193_194_195_196_197_198_199_200_201_202_203_204_205_206_207_208_209_210_211_212_213_214_215_216_217_218_219_220_221_222_223_224_225_226_227_228_229_230_231_232_233_234_235_236_237_238_239_240_241_242_243_244_245_246_247_248_249_250_251_252_253_254_255_256_257_258_259_260_261_262_263_264_265_266_267_268_269_270_271_272_273_274_275_276_277_278_281_283_285_286_288  1.66e+08  1.38e+08 -85320.54  11293.26  13492.76    781.60     81.09    172.46  -4112.20   4759.57      0.00 0
18942 2212      0_1_2_3_4_5_6_7_8_9_10_11_12_13_14_15_16_17_18_19_20_21_22_23_24_25_26_27_28_29_30_32_33_34_35_36_37_38_42_43_44_45_46_51_52_53_54_55_59_64_78_79_80_81_110_111_112_113_176_177_207  1.67e+08  1.36e+08  72482.32  36613.45  13530.76    748.25     80.54     26.80  -2065.10  -6751.19      0.00 0
4154 2212      16_22_23_29_30_37  1.69e+08  1.40e+08  15790.24  -2148.96   8702.92    607.06     61.36    352.25   5209.48  -4714.44      0.00 0
8382 2212      47_48_49_50_56_57_58_59_60_61_62_63_64_65_66_67_68_69_70_71_72_73_74_75_76_77_78_79_82_83_84_85_86_87_88_89_90_91_92_93_94_95_96_97_98_99_100_101_102_103_104_105_106_107_108_109_110_111_112_114_115_116_117_118_119_120_121_122_123_124_125_126_127_128_129_130_131_132_133_134_135_136_137_138_139_140_141_142_143_144_145_146_147_148_149_150_151_152_153_154_155_156_157_158_159_160_161_162_163_164_165_166_167_168_169_170_171_172_173_174_175_176_177_178_179_180_181_182_183_184_185_186_187_188_189_190_191_192_193_194_195_196_197_198_199_200_201_202_203_204_205_206_207_208_209_210_211_212_213_214_215_216_217_218_219_220_221_222_223_224_225_226_227_228_229_230_231_232_233_234_235_236_237_277_278_279_280_281_282_283_284_285_286_287_288  1.69e+08  1.64e+08 -47431.68  -2751.51  11021.29    865.52     76.94    183.32  -5968.26    322.02      0.00 0
11902 2212      194_203_211_215_216_220_225_234  1.72e+08  1.51e+08   2552.51  -5669.00   5030.95    772.53     51.02    294.24    852.12   1729.69      0.00 4
3524 2212      164_195_196_222_230_231_238_239_246  1.72e+08  1.44e+08   6671.75  15041.49   8391.35    669.00     62.98     66.08  -5222.62   2522.29      0.00 0
14676 2212      2_3_4_7_8_9_10_13_14_15_16_20_21_22_23_27_28_29_30_35_36_37_38_43_44_45_46_51_52_53_54_55_57_58_59_62_63_64_66_67_68_75_76_77_78_79_80_81_84_85_86_87_90_91_92_96_97_98_106_107_108_109_110_111_112_117_118_119_123_124_125_126_131_132_133_134_138_139_140_141_146_147_148_149_154_155_156_160_161_162_171_172_173_174_175_176_181_182_183_187_188_192_193_194_202_203_204_205_206_207_211_215_216_220_226_227_228_229_234_235_236_237_242_243_244_245_250_251_252_257_258_259_264_265_270_271_276_277_278_279_280_282_288  1.73e+08  1.57e+08  12694.04  71844.83  13311.27    729.59     79.66     79.98   3242.50  -2039.62      0.00 0
7370 2212      39_48_69_70_99_100_163_164_195_196_221_222_230_238  1.75e+08  1.48e+08   9651.67 -26633.39  10327.45    660.67     69.97    289.92  -6991.54   1780.87      0.00 0
22056 2212      4_9_10_15_16_21_22_23_28_29_30_36_37_38_43_44_45_46_52_53_54_55_58_59_63_64_67_68_76_77_78_79_80_81_85_86_87_90_91_92_96_97_98_106_107_108_109_110_111_112_113_116_117_118_119_123_124_125_126_130_131_132_133_134_138_139_140_141_145_146_147_148_149_152_153_154_155_156_159_160_161_162_169_170_171_172_173_174_175_176_177_180_181_182_183_185_186_187_188_190_191_192_193_194_200_201_202_203_204_205_206_207_208_209_210_211_212_213_214_215_216_217_218_219_220_225_226_227_228_229_233_234_235_236_237_241_242_243_244_245_248_249_250_251_252_255_256_257_258_259_262_263_264_265_267_268_269_270_271_273_274_275_276_277_278_279_280_281_283_288  1.75e+08  1.43e+08  29180.08 -87362.05  14012.02    731.20     81.35    288.47   3339.63   2880.17      0.00 0
2580 2212      195_221_222_230_238_239_246_247_253_254_260_261_266_267_268_272_273  1.76e+08  1.65e+08  21012.48  22826.90  10032.98    762.14     72.08     47.37  -3275.39   6399.64      0.00 0
18938 2212      0_1_2_3_4_5_6_7_8_9_10_11_12_13_14_15_16_17_18_19_20_21_22_23_24_25_26_27_28_29_30_31_32_33_34_35_36_37_38_39_40_41_42_43_44_45_46_47_48_49_50_51_52_53_54_55_56_57_58_59_60_61_62_63_64_65_66_67_68_69_70_71_72_73_74_75_76_77_78_79_80_81_82_83_84_85_86_87_88_89_90_91_92_93_94_95_96_97_98_99_100_101_102_103_104_105_106_107_108_109_110_111_112_113_114_115_116_117_118_119_120_121_122_123_124_125_126_127_128_129_130_131_132_133_134_135_136_137_138_139_140_141_142_143_144_145_146_147_148_149_150_151_152_153_154_155_156_157_158_159_160_161_162_163_164_165_166_167_168_169_170_171_172_173_174_175_176_178_179_180_181_182_183_184_185_186_187_188_189_190_191_192_193_194_195_196_197_198_199_200_201_202_203_204_205_206_208_209_210_211_212_213_214_215_216_217_218_219_220_221_222_223_224_225_226_227_228_230_231_232_233_234_235_236_238_239_240_241_242_243_244_246_247_248_249_250_251_253_254_255_256_257_258_260_261_262_263_264_266_267_268_269_272_273_274_275_277_278_279_280_281_282_283_284_285_286_287_288  1.76e+08  1.45e+08 -109330.24 148835.09  14988.40    688.63     85.36    126.30  -2478.71  -1077.97      0.00 0
2354 2212      38_46_54_55_80_81_112_113_175_176_177_206_207_227_228_229_236_237_244_245_251_252_258_259_264_265_270_271_276  1.78e+08  1.45e+08  17717.64 -47287.32  12834.13    612.45     75.74    290.54   6985.93    143.27      0.00 0
6484 2212      62_66_67_74_75_76_83_84_85_89_90_91_94_95_96_105_106_107_115_116_117_122_123_129_130_131_137_138_145_280_282_284  1.79e+08  1.53e+08   1910.82  -3789.36   4813.73    667.49     41.40    296.76    -81.97   -662.57      0.00 8
16432 2212      28_29_36_37_44_45_46_53_54_79_80_81_111_112_113_175_176_177_206_207_229  1.70e+08  1.44e+08  20046.73  16785.47   9734.07    708.26     69.58     39.94   5783.05   -566.15      0.00 0
3692 2212      17_24_31_32_39_40_47_48_49_70_71_100_101_102_165_166_196_197_223_232_240  1.70e+08  1.56e+08 -12649.15 -27781.71   9859.56    782.63     72.10    245.52  -5424.27  -3201.19      0.00 0
20302 2212      30_37_38_45_46_54_55_81  1.81e+08  1.59e+08 -20427.17  -5225.81   8846.01    731.03     67.24    194.35   6302.91  -2657.93      0.00 0
20156 2212      3_4_8_9_10_13_14_15_16_20_21_22_23_26_27_28_29_30_33_34_35_36_37_38_40_41_42_43_44_45_49_50_51_52_53_54_56_57_58_59_60_61_62_63_64_65_66_67_68_70_71_72_73_74_75_76_77_78_79_82_83_84_85_86_87_88_89_90_91_92_93_94_95_96_97_98_100_101_102_103_104_105_106_107_108_109_110_114_115_116_117_118_119_120_121_122_123_124_125_126_127_128_129_130_131_132_133_134_135_136_137_138_139_140_141_142_143_144_145_146_147_148_149_150_151_152_153_154_155_156_157_158_159_160_161_162_164_165_166_167_168_169_170_171_172_173_178_179_180_181_182_183_184_185_186_187_188_189_190_191_192_193_194_195_196_197_198_199_200_201_202_203_208_209_210_211_212_213_214_215_217_218_219_221_222_223_224_230_231_232_238_239_246_277_278_279_280_281_282_283_284_285_286_287_288  1.81e+08  1.56e+08 -49437.96  37866.58  12624.42    752.70     78.54    142.55   -698.83  -1645.70      0.00 0
14940 2212      39_40_47_48_49_69_70_71_72_82_88_93_94_99_100_101_102_103_104_105_106_114_115_116_117_120_121_122_123_124_127_128_129_130_131_132_135_136_137_138_139_140_142_143_144_145_146_147_148_150_151_152_153_154_155_156_157_158_159_160_161_162_163_164_165_166_167_168_169_170_171_172_173_178_179_180_181_182_183_184_185_186_187_188_189_190_191_192_193_194_195_196_197_198_199_200_201_202_203_204_208_209_210_211_212_213_214_215_216_217_218_219_220_221_222_223_224_225_226_227_228_230_231_232_233_234_235_236_237_238_239_240_241_242_243_244_245_246_247_248_249_250_251_252_253_254_255_256_257_258_259_260_261_262_263_264_265_266_267_268_269_270_271_272_273_274_275_276_277_278_281_283_284_285_286_287_288  1.82e+08  1.47e+08 105089.59  44283.55  15135.00    648.11     82.44     22.85   -445.58   5283.50      0.00 0
24762 2212      0_1_2_3_4_5_6_7_8_9_10_11_12_13_14_15_16_18_19_20_21_22_23_25_26_27_28_29_30_33_34_35_36_37_38_41_42_43_44_45_46_50_51_52_53_54_55_56_57_58_59_60_61_62_63_64_65_66_67_68_72_73_74_75_76_77_78_79_80_81_82_83_84_85_86_87_88_89_90_91_92_93_94_95_96_97_98_103_104_105_106_107_108_109_110_111_112_113_114_115_116_117_118_119_120_121_122_123_124_125_126_127_128_129_130_131_132_133_134_135_136_137_138_139_140_141_142_143_144_145_146_147_148_149_150_151_152_153_154_155_156_157_158_159_160_161_162_167_168_169_170_171_172_173_174_175_176_177_178_179_180_181_182_183_184_185_186_187_188_189_190_191_192_193_194_199_200_201_202_203_204_205_206_207_208_209_210_211_212_213_214_215_216_217_218_219_220_225_226_227_228_229_234_235_236_237_242_243_244_245_250_251_252_257_258_259_264_265_270_271_276_277_278_279_280_281_282_283_284_285_286_287_288  1.83e+08  1.54e+08 -58415.54 -97027.88  14126.78    788.51     82.89    238.95   4983.60    657.86      0.00 0
744 2212      12_13_19_26_34  1.85e+08  1.59e+08   3921.84  10335.18   7072.22    683.52     57.39     69.22  -1445.01  -4395.49      0.00 0
8132 2212      97_98_106_107_108_109_110_111_112_113_116_117_118_119_121_122_123_124_125_126_128_129_130_131_132_133_134_135_136_137_138_139_140_141_142_143_144_145_146_147_148_149_150_151_152_153_154_155_156_157_158_159_160_161_162_167_168_169_170_171_172_173_174_175_176_177_178_179_180_181_182_183_184_185_186_187_188_189_190_191_192_193_194_198_199_200_201_202_203_204_205_206_207_208_209_210_211_212_213_214_215_216_217_218_219_220_225_226_227_228_229_234_235_236_237_244_245_277_278_279_281_283_284_285_286_288  1.85e+08  1.54e+08 -42627.35  -4510.41  11437.63    725.83     75.06    186.04   5611.82   1494.72      0.00 0
10576 2212      80_81_108_109_110_111_112_113_117_118_119_121_122_123_124_125_126_127_128_129_130_131_132_133_134_135_136_137_138_139_140_141_142_143_144_145_146_147_148_149_150_151_152_153_154_155_156_157_158_159_160_161_162_165_166_167_168_169_170_171_172_173_174_175_176_177_178_179_180_181_182_183_184_185_186_187_188_189_190_191_192_193_194_196_197_198_199_200_201_202_203_204_205_206_207_208_209_210_211_212_213_214_215_216_217_218_219_220_221_222_223_224_225_226_227_228_229_230_231_232_233_234_235_236_237_238_239_240_241_242_243_244_245_246_247_248_249_250_251_252_253_254_255_256_257_258_259_260_261_262_263_264_265_266_267_268_277_278_281_283_285_286_288  1.86e+08  1.57e+08  64269.71 -10547.61  12577.33    785.73     79.07    350.68   6191.01   2085.69      0.00 0
24778 2212      0_1_2_3_4_5_6_7_8_9_10_11_12_13_14_15_16_17_18_19_20_21_22_23_24_25_26_27_28_29_30_31_32_33_34_35_36_37_38_39_40_41_42_43_44_45_46_47_48_49_50_51_52_53_54_55_56_57_58_59_60_61_62_63_64_65_66_67_68_69_70_71_72_73_74_75_76_77_78_79_80_81_82_83_84_85_86_87_88_89_90_91_92_93_94_95_96_97_98_99_100_101_102_103_104_105_106_107_108_109_110_111_112_113_114_115_116_117_118_119_120_121_122_123_124_125_126_127_128_129_130_131_132_133_134_135_136_137_138_139_140_141_142_143_144_145_146_147_148_149_150_151_152_153_154_155_156_157_158_159_160_161_162_163_164_165_166_167_168_169_170_171_172_173_174_175_176_177_178_179_180_181_182_183_184_185_186_187_188_189_190_191_192_193_194_195_196_197_198_199_200_201_202_203_204_205_206_207_208_209_210_211_212_213_214_215_216_217_218_219_220_221_222_223_224_225_226_227_228_229_230_231_232_233_234_235_236_237_238_239_240_241_242_243_244_246_247_248_249_250_251_253_254_255_256_257_258_260_261_262_263_264_266_267_268_269_272_273_274_275_277_278_279_280_281_282_283_284_285_286_287_288  1.86e+08  1.58e+08 -99928.54 111528.71  14762.05    741.39     84.37    131.86    422.05  -1470.77      0.00 0
13026 2212      91_96_97_106_107_108_117_118_123_124_125_131_132_133_138_139_140_146_147_148_153_154_155_156_160_161_162_170_171_172_173_181_182_183_187_188_192_193_194_202_203_211_216_277_278_279_288  1.87e+08  1.58e+08  -2117.56  -5201.90   5080.14    720.26     47.87    247.85    595.07    153.94      0.00 1
16242 2212      184_189_190_191_192_195_196_197_198_199_200_201_202_203_208_209_210_211_212_213_214_215_216_217_218_219_220_221_222_223_224_225_226_227_228_230_231_232_233_234_235_236_237_238_239_240_241_242_243_244_245_246_247_248_249_250_251_252_255_256_257_258_259_262_263_264_265_270_271_281  1.88e+08  1.64e+08 -49340.22 -10262.78  11876.03    751.26     76.74    191.75   1309.14   3673.12      0.00 0
21368 2212      41_42_43_49_50_51_52_53_56_57_58_59_60_61_62_63_64_65_66_67_68_71_72_73_74_75_76_77_78_79_80_81_82_83_84_85_86_87_88_89_90_91_92_93_94_95_96_97_98_102_103_104_105_106_107_108_109_110_111_112_113_114_115_116_117_118_119_120_121_122_123_124_125_126_127_128_129_130_131_132_133_134_135_136_137_138_139_140_141_142_143_144_145_146_147_148_149_150_151_152_153_154_155_156_157_158_159_160_161_162_167_168_169_170_171_172_173_174_175_176_177_178_179_180_181_182_183_184_185_186_187_188_189_190_191_192_193_194_199_200_201_202_203_204_205_206_207_208_209_210_211_212_213_214_215_216_217_218_219_220_226_227_228_229_235_236_237_244_245_252_277_278_279_280_281_282_283_284_285_286_287_288  1.88e+08  1.58e+08 -54014.81 -18809.95  13267.90    616.13     76.94    199.20   5770.87   1392.13      0.00 0
14348 2212      0_1_2_3_4_5_6_7_8_9_10_11_12_13_14_15_16_17_18_19_20_21_22_23_24_25_26_27_28_29_30_31_32_33_34_35_36_37_38_39_40_41_42_43_44_45_46_47_48_49_50_51_52_53_54_55_56_57_58_59_60_61_62_63_64_65_66_67_68_69_70_71_72_73_74_75_76_77_78_79_80_81_82_83_84_85_86_87_88_89_90_91_92_93_94_95_96_97_98_99_100_101_102_103_104_105_106_107_108_109_110_111_112_113_114_115_116_117_118_119_120_121_122_123_124_125_126_127_128_129_130_131_132_133_134_135_136_137_138_139_140_141_142_143_144_145_146_147_148_149_150_151_152_153_154_155_156_157_158_159_160_161_162_163_164_165_166_167_168_169_170_171_172_173_174_175_176_177_178_179_180_181_182_183_184_185_186_187_188_189_190_191_192_193_194_195_196_197_198_199_200_201_202_203_204_205_206_207_208_209_210_211_212_213_214_215_216_217_218_219_220_221_222_223_224_225_226_227_228_229_230_231_232_233_234_235_236_237_238_239_240_241_242_243_244_245_246_247_248_249_250_251_252_253_254_255_256_257_258_259_260_261_262_263_264_265_266_267_268_269_270_271_272_273_274_275_276_277_278_279_280_281_282_283_284_285_286_287_288  1.89e+08  1.62e+08 -133846.30 -156326.73  14751.79    682.35     85.90    229.43    251.42  -1286.60      0.00 0
19470 2212      72_82_88_93_103_104_114_115_120_121_127_128_129_135_136_142_143_286_287  1.80e+08  1.55e+08  -4281.21  -3400.55   4954.06    731.51     47.82    218.46  -1592.35   -684.76      0.00 3
6636 2212      42_43_51_52_56_57_58_59_61_62_63_64_65_66_67_68_74_75_76_77_78_83_84_85_86_87_89_90_91_92_95_96_97_98_105_106_107_108_109_110_116_117_118_119_123_124_125_126_131_132_133_134_138_139_140_141_146_147_148_149_154_155_156_160_161_162_171_172_173_174_175_182_183_188_194_203_204_205_206_227_228_236_277_278_279_280_282_284  1.91e+08  1.60e+08  16918.30  14696.49   9049.75    732.09     68.01     40.98   2982.72    767.48      0.00 0
3264 2212      0_1_2_3_4_5_6_7_8_9_10_11_12_13_14_15_16_17_18_19_20_21_22_23_24_25_26_27_28_29_30_31_32_33_34_35_36_37_38_39_40_41_42_43_44_45_46_47_48_49_50_51_52_53_54_55_56_57_58_59_60_61_62_63_64_65_66_67_68_69_70_71_72_73_74_75_76_77_78_79_80_81_82_83_84_85_86_87_88_89_90_91_92_93_94_95_96_97_98_99_100_101_102_103_104_105_106_107_108_109_110_111_112_113_114_115_116_117_118_119_120_121_122_123_124_125_126_127_128_129_130_131_132_133_134_135_136_137_138_139_140_141_142_143_144_145_146_147_148_149_150_151_152_153_154_155_156_157_158_159_160_161_162_163_164_165_166_167_168_169_170_171_172_173_174_175_176_178_179_180_181_182_183_184_185_186_187_188_189_190_191_192_193_194_195_196_197_198_199_200_201_202_203_204_205_206_208_209_210_211_212_213_214_215_216_217_218_219_220_221_222_223_224_225_226_227_230_231_232_233_234_235_238_239_240_241_242_246_247_248_249_253_254_255_260_261_266_277_278_279_280_281_282_283_284_285_286_287_288  1.92e+08  1.67e+08 -127829.22  87657.64  14460.53    785.46     84.67    145.56  -1670.68  -2861.23      0.00 0
5932 2212      0_1_2_3_4_5_6_7_8_9_10_11_12_13_14_15_16_17_18_19_20_21_22_23_24_25_26_27_28_29_30_31_32_33_34_35_36_37_38_39_40_41_42_43_44_45_46_47_48_49_50_51_52_53_54_55_56_57_58_59_60_61_62_63_64_65_66_67_68_69_70_71_72_73_74_75_76_77_78_79_80_81_82_83_84_85_86_87_88_89_90_91_92_93_94_95_96_97_98_99_100_101_102_103_104_105_106_107_108_109_110_111_112_113_114_115_116_117_118_119_120_121_122_123_124_125_126_127_128_129_130_131_132_133_134_135_136_137_138_139_140_141_142_143_144_145_146_147_148_149_150_151_152_153_154_155_156_157_158_159_160_161_162_163_164_165_166_167_168_169_170_171_172_173_174_175_176_177_178_179_180_181_182_183_184_185_186_187_188_189_190_191_192_193_194_195_196_197_198_199_200_201_202_203_204_205_206_207_208_209_210_211_212_213_214_215_216_217_218_219_220_221_222_223_224_225_226_227_228_229_230_231_232_233_234_235_236_237_238_239_240_241_242_243_244_245_246_247_248_249_250_251_252_253_254_255_256_257_258_259_260_261_262_263_264_265_266_267_268_269_270_271_272_273_274_275_276_277_278_279_280_281_282_283_284_285_286_287_288  1.92e+08  1.58e+08 135008.23 112524.54  14542.15    759.84     85.27     39.81   2320.10   1764.44      0.00 0
2804 2212      22_23_27_28_29_30_33_34_35_36_37_38_40_41_42_43_44_45_46_48_49_50_51_52_53_54_55_56_57_58_59_60_61_62_63_64_65_66_67_68_69_70_71_72_73_74_75_76_77_78_79_80_82_83_84_85_86_87_88_89_90_91_92_93_94_95_96_97_98_99_100_101_102_103_104_105_106_107_108_109_110_111_114_115_116_117_118_119_120_121_122_123_124_125_126_127_128_129_130_131_132_133_134_135_136_137_138_139_140_141_142_143_144_145_146_147_148_149_150_151_152_153_154_155_156_157_158_159_160_161_162_163_164_165_166_167_168_169_170_171_172_173_178_179_180_181_182_184_185_186_189_190_195_196_197_198_277_278_279_280_282_283_284_285_286_287  1.93e+08  1.67e+08  45011.41 -10176.78  11497.32    760.62     76.01    347.26   3292.40  -2549.07      0.00 0
8288 2212      42_50_60_72_73_82_93_103  1.94e+08  1.69e+08  -2032.03   6250.24   4663.76    879.95     54.64    108.01  -1509.95  -1321.24      0.00 19
4358 2212      17_24_31_32_39_40_48_49_71  1.94e+08  1.62e+08  15883.81  14261.74   9477.51    637.04     66.06     41.92  -4948.87  -3065.64      0.00 0
8530 2212      0_1_2_3_4_5_6_7_8_9_10_11_12_13_14_15_16_17_18_19_20_21_22_24_25_26_27_28_31_32_33_34_35_36_39_40_41_42_43_47_48_49_50_51_56_57_58_59_60_61_62_63_64_65_66_67_68_69_70_71_72_73_74_75_76_82_83_84_85_88_89_90_93_94_95_96_99_100_101_102_103_104_105_106_114_115_116_120_121_122_127_128_129_130_135_136_137_142_143_144_150_151_157_158_163_164_165_166_167_168_178_195_196_197_198_221_222_223_230_231_238_239_246_253_280_282_284_285_286_287  1.96e+08  1.71e+08 -51006.40  58531.57  13815.38    685.50     79.91    131.07  -4809.87   -807.59      0.00 0
2150 2212      0_1_2_3_4_5_6_7_8_9_10_11_12_13_14_15_16_17_18_19_20_21_22_23_24_25_26_27_28_29_30_31_32_33_34_35_36_37_38_39_40_41_42_43_44_45_46_47_48_49_50_51_52_53_54_55_56_57_58_59_60_61_62_63_64_65_66_67_68_69_70_71_72_73_74_75_76_77_78_79_80_81_82_83_84_85_86_87_88_89_90_91_92_93_94_95_96_97_98_99_100_101_102_103_104_105_106_107_108_109_110_111_112_113_114_115_116_117_118_119_120_121_122_123_124_125_126_127_128_129_130_131_132_133_134_135_136_137_138_139_140_141_142_143_144_145_146_147_148_149_150_151_152_153_154_155_156_157_158_159_160_161_162_163_164_165_166_167_168_169_170_171_172_173_174_175_176_177_178_179_180_181_182_183_184_185_186_187_188_189_190_191_192_193_194_195_196_197_198_199_200_201_202_203_204_205_206_207_208_209_210_211_212_213_214_215_216_217_218_219_220_221_222_223_224_225_226_227_228_229_230_231_232_233_234_235_236_237_238_239_240_241_242_243_244_245_246_247_248_249_250_251_252_253_254_255_256_257_258_259_260_261_262_263_264_265_266_267_268_269_270_271_273_274_275_276_277_278_279_280_281_282_283_284_285_286_287_288  1.97e+08  1.84e+08 -173934.52 -31766.08  13170.39    982.67     85.74    190.35  -5415.58  -2331.38      0.00 0
17290 2212      0_1_2_3_4_5_6_7_8_9_10_11_12_13_14_15_16_17_18_19_20_21_22_23_24_25_26_27_28_29_30_31_32_33_34_35_36_37_38_39_40_41_42_43_44_45_46_47_48_49_50_51_52_53_54_55_56_57_58_59_60_61_62_63_64_65_66_67_68_69_70_71_72_73_74_75_76_77_78_79_80_81_82_83_84_85_86_87_88_89_90_91_92_93_94_95_96_97_98_99_100_101_102_103_104_105_106_107_108_109_110_111_112_113_114_115_116_117_118_119_120_121_122_123_124_125_126_127_128_129_130_131_132_133_134_135_136_137_138_139_140_141_142_143_144_145_146_147_148_149_150_151_152_153_154_155_156_157_158_159_160_161_162_163_164_165_166_167_168_169_170_171_172_173_174_175_176_177_178_179_180_181_182_183_184_185_186_187_188_189_190_191_192_193_194_195_196_197_198_199_200_201_202_203_204_205_206_207_208_209_210_211_212_213_214_215_216_217_218_219_220_221_222_223_224_225_226_227_228_229_230_231_232_233_234_235_236_237_238_239_240_241_242_243_244_245_246_247_248_249_250_251_252_253_254_255_256_257_258_259_260_261_262_263_264_265_266_267_268_269_270_271_272_273_274_275_276_277_278_279_280_281_282_283_284_285_286_287_288  1.97e+08  1.61e+08 -229756.73 -126675.61  13749.91    639.84     87.00    208.87  -4697.04    982.23      0.00 0
13798 2212      0_1_2_3_4_5_6_7_8_9_10_11_12_13_14_15_16_17_18_19_20_21_22_23_24_25_26_27_28_29_30_32_33_34_35_36_37_38_40_41_42_43_44_45_46_48_49_50_51_52_53_54_56_57_58_59_60_61_62_63_64_65_66_67_68_70_71_72_73_74_75_76_77_78_79_80_82_83_84_85_86_87_88_89_90_91_92_93_94_95_96_97_98_101_102_103_104_105_106_107_108_109_110_111_112_114_115_116_117_118_119_120_121_122_123_124_125_126_127_128_129_130_131_132_133_134_135_136_137_138_139_140_141_142_143_144_145_146_147_148_149_150_151_152_153_154_155_156_157_158_159_160_161_162_165_166_167_168_169_170_171_172_173_174_175_176_178_179_180_181_182_183_184_185_186_187_188_189_190_191_192_193_194_197_198_199_200_201_202_203_204_205_206_207_208_209_210_211_212_213_214_215_216_217_218_219_220_223_224_225_226_227_228_229_231_232_233_234_235_236_237_240_241_242_243_244_245_247_248_249_250_251_252_254_255_256_257_258_259_261_262_263_264_265_267_268_269_270_271_273_274_275_276_277_278_279_280_281_282_283_284_285_286_287_288  1.90e+08  1.57e+08 -31959.15 -113394.36  14235.96    782.78     83.11    254.26   -389.23  -4843.41      0.00 0
19780 2212      2_3_7_8_13_14_19_20_21_26_27_28_34_35_42_43_50_51_52_56_57_58_59_60_61_62_63_64_65_66_67_68_72_73_74_75_76_77_78_82_83_84_85_86_87_88_89_90_91_92_93_94_95_96_97_98_103_104_105_106_107_108_109_114_115_116_117_118_119_120_121_122_123_124_125_126_127_128_129_130_131_132_133_135_136_137_138_139_140_141_142_143_144_145_146_147_148_150_151_152_153_154_155_156_157_158_159_160_161_162_167_168_169_170_171_172_173_178_179_180_181_182_183_184_185_186_187_188_189_190_191_192_193_194_198_199_200_201_202_203_208_209_210_211_212_213_214_215_216_217_218_219_220_224_225_233_241_248_277_278_279_280_281_282_283_284_285_286_287_288  2.03e+08  1.74e+08   6590.98 -34453.12  10517.20    755.79     73.31    280.83    232.54  -4408.03      0.00 0
3302 2212      17_24_31_32_39_40_41_47_48_49_69_70_71_72_93_100_101_102_103_114_120_121_127_128_135_136_142_143_144_150_151_157_158_164_165_166_167_168_169_178_179_184_185_189_190_191_196_197_198_199_200_208_209_212_213_214_217_218_222_223_224_225_231_232_233_240_241_242_247_248_249_255_256_257_261_262_263_268_269_274_275_285_286  2.05e+08  1.72e+08 -24009.93 -38379.19  11876.55    689.20     75.30    237.97  -3896.89   -462.89      0.00 0
5824 2212      0_1_2_5_6_7_8_11_12_13_14_17_18_19_20_21_24_25_26_27_28_31_32_33_34_35_36_39_40_41_42_43_44_47_48_49_50_51_52_53_56_57_58_59_60_61_62_63_64_65_66_67_68_69_70_71_72_73_74_75_76_77_78_79_82_83_84_85_86_87_88_89_90_91_92_93_94_95_96_97_98_99_100_101_102_103_104_105_106_107_108_109_110_111_114_115_116_117_118_119_120_121_122_123_124_125_126_127_128_129_130_131_132_133_134_135_136_137_138_139_140_141_142_143_144_145_146_147_148_149_150_151_152_153_154_155_156_157_158_159_160_161_162_163_164_165_166_167_168_169_170_171_172_173_174_175_178_179_180_181_182_183_184_185_186_187_188_189_190_191_192_193_194_195_196_197_198_199_200_201_202_203_204_205_206_208_209_210_211_212_213_214_215_216_217_218_219_220_221_222_223_224_225_226_227_228_230_231_232_233_234_235_236_238_239_240_241_242_243_244_245_246_247_248_249_250_251_252_253_254_255_256_257_258_259_260_261_262_263_264_265_266_267_268_269_270_271_272_273_274_275_276_277_278_279_280_281_282_283_284_285_286_287_288  2.06e+08  1.67e+08  81673.30 154710.80  14936.61    706.60     85.12     62.17  -5912.30  -3533.25      0.00 0
1738 2212      0_1_2_3_4_5_6_7_8_9_10_11_12_13_14_15_16_17_18_19_20_21_22_23_24_25_26_27_28_29_30_31_32_33_34_35_36_37_38_39_40_41_42_43_44_45_46_47_48_49_50_51_52_53_54_55_56_57_58_59_60_61_62_63_64_65_66_67_68_69_70_71_72_73_74_75_76_77_78_79_80_81_82_83_84_85_86_87_88_89_90_91_92_93_94_95_96_97_98_99_100_101_102_103_104_105_106_107_108_109_110_111_112_114_115_116_117_118_119_120_121_122_123_124_125_126_127_128_129_130_131_132_133_134_135_136_137_138_139_140_141_142_143_144_145_146_147_148_149_150_151_152_153_154_155_156_157_158_159_160_161_162_163_164_165_166_167_168_169_170_171_172_173_174_175_178_179_180_181_182_183_184_185_186_187_188_189_190_191_192_193_194_195_196_197_198_199_200_201_202_203_204_205_208_209_210_211_212_213_214_215_216_217_218_219_220_221_222_223_224_225_226_230_231_232_233_234_238_239_240_241_246_247_248_249_253_254_255_260_261_266_277_278_279_280_281_282_283_284_285_286_287_288  2.06e+08  1.68e+08 201582.44 -124499.85  14615.77    622.39     86.47    328.30  -3487.52  -6771.42      0.00 0
4272 2212      64_77_78_87  2.11e+08  1.76e+08   1390.67  -2769.86   4335.54    654.95     35.56    296.66   1339.68  -1323.47      0.00 48
14920 2212      79_110_111_174_175_204_205_226_227_235_236_242_243_244_250_251_257_258_263_264_265_269_270_271_274_275_276  2.11e+08  1.78e+08   9122.76 -41596.54  11339.00    737.86     75.09    282.37   2408.79   5629.68      0.00 0
18652 2212      51_56_57_58_59_61_62_63_64_65_66_67_68_74_75_76_77_84_85_86_90_91_280_282  2.12e+08  1.80e+08   5627.29   1942.03   5553.18    665.70     46.99     19.04    204.38  -1426.61      0.00 1
2806 2212      175_206_228_236  2.12e+08  1.80e+08   1388.61   6746.83   5874.81    670.11     49.54     78.37   4843.20   1800.41      0.00 12
22164 2212      48_70_100_164_196  2.12e+08  1.87e+08   1634.85 -10439.92   6693.19    725.36     57.65    278.90  -5515.91   -785.56      0.00 0
10264 2212      2_3_4_8_9_10_13_14_15_16_19_20_21_22_23_26_27_28_29_30_33_34_35_36_37_38_40_41_42_43_44_45_46_49_50_51_52_53_54_56_57_58_59_60_61_62_63_64_65_66_67_68_70_71_72_73_74_75_76_77_78_79_82_83_84_85_86_87_88_89_90_91_92_93_94_95_96_97_98_100_101_102_103_104_105_106_107_108_109_110_111_114_115_116_117_118_119_120_121_122_123_124_125_126_127_128_129_130_131_132_133_134_135_136_137_138_139_140_141_142_143_144_145_146_147_148_149_150_151_152_153_154_155_156_157_158_159_160_161_162_164_165_166_167_168_169_170_171_172_173_174_178_179_180_181_182_183_184_185_186_187_188_189_190_191_192_193_194_195_196_197_198_199_200_201_202_203_204_208_209_210_211_212_213_214_215_216_217_218_219_220_221_222_223_224_225_226_230_231_232_233_234_238_239_240_241_242_246_247_248_249_253_254_255_260_261_266_267_272_277_278_279_280_281_282_283_284_285_286_287_288  2.12e+08  1.75e+08  55797.52 -58613.65  14196.53    651.51     80.05    313.59   1473.43  -2988.09      0.00 0
23922 2212      0_1_2_3_4_5_6_7_8_9_10_11_12_13_14_15_16_17_18_19_20_21_22_23_24_25_26_27_28_29_30_31_32_33_34_35_36_37_38_39_40_41_42_43_44_45_46_47_48_49_50_51_52_53_54_55_56_57_58_59_60_61_62_63_64_65_66_67_68_69_70_71_72_73_74_75_76_77_78_79_80_81_82_83_84_85_86_87_88_89_90_91_92_93_94_95_96_97_98_99_100_101_102_103_104_105_106_107_108_109_110_111_112_114_115_116_117_118_119_120_121_122_123_124_125_126_127_128_129_130_131_132_133_134_135_136_137_138_139_140_141_142_143_144_145_146_147_148_149_150_151_152_153_154_155_156_157_158_159_160_161_162_163_164_165_166_167_168_169_170_171_172_173_174_175_176_178_179_180_181_182_183_184_185_186_187_188_189_190_191_192_193_194_195_196_197_198_199_200_201_202_203_204_205_206_207_208_209_210_211_212_213_214_215_216_217_218_219_220_221_222_223_224_225_226_227_228_230_231_232_233_234_235_236_237_238_239_240_241_242_243_244_245_246_247_248_249_250_251_252_253_254_255_256_257_258_259_260_261_262_263_264_265_266_267_268_269_270_271_272_273_274_275_276_277_278_279_280_281_282_283_284_285_286_287_288  2.13e+08  1.72e+08 -47869.46 186574.41  14787.29    702.59     85.61    104.39  -1910.06   -744.55      0.00 0
17684 2212      26_27_28_33_34_35_36_40_41_42_43_44_48_49_50_51_52_56_57_58_59_60_61_62_63_64_65_66_67_70_71_72_73_74_75_82_83  2.14e+08  1.78e+08 -23366.01   4174.74   9407.34    705.60     68.38    169.87  -2059.65  -2280.98      0.00 0
14386 2212      16_22_23_28_29_30_35_36_37_38_42_43_44_45_46_50_51_52_53_54_55_56_57_58_59_60_61_62_63_64_65_66_67_68_71_72_73_74_75_76_77_78_79_80_81_82_83_84_85_86_87_88_89_90_91_92_93_94_95_96_97_98_101_102_103_104_105_106_107_108_109_110_111_112_114_115_116_117_118_119_120_121_122_123_124_125_126_127_128_129_130_131_132_133_134_135_136_137_138_139_140_141_142_143_144_145_146_147_148_149_150_151_152_153_154_155_156_157_158_159_160_161_162_165_166_167_168_169_170_171_172_173_174_178_179_180_181_182_183_184_185_186_187_188_189_190_191_192_193_194_196_197_198_199_200_201_202_203_204_208_209_210_211_212_213_214_215_216_217_218_219_220_222_223_224_231_232_277_278_279_280_281_282_283_284_285_286_287_288  2.14e+08  1.79e+08  46849.56 -20429.13  12487.63    665.71     76.27    336.44   6077.96  -3364.59      0.00 0
14640 2212      191_192_193_194_198_199_200_201_202_203_204_205_206_207_208_209_210_211_212_213_214_215_216_217_218_219_220_221_222_223_224_225_226_227_228_229_230_231_232_233_234_235_236_237_238_239_240_241_242_243_244_245_246_247_248_249_250_251_252_253_254_255_256_257_258_259_260_261_262_263_264_265_266_267_268_269_270_271_272_273_274_275_276_281_288  2.16e+08  1.88e+08  74539.19  -5971.09  14007.82    642.61     79.39    355.42   4430.82   4348.66      0.00 0
6430 2212      0_1_5_6_7_11_12_13_17_18_19_24_25_26_31_32_33_34_39_40_41_42_47_48_49_50_56_57_60_61_65_66_69_70_71_72_73_74_82_83_84_88_89_93_94_95_100_101_102_103_104_105_114_115_116_120_121_122_127_128_129_130_135_136_137_142_143_144_145_150_151_152_157_158_159_164_165_166_167_168_169_178_179_184_185_189_190_195_196_197_198_199_200_208_212_213_217_221_222_223_224_230_231_232_233_238_239_240_241_246_247_248_253_254_255_260_261_262_266_267_268_272_273_283_284_285_286_287  2.16e+08  1.93e+08   3818.55 -74099.44  13765.14    671.87     79.49    272.95  -3904.11   -894.45      0.00 0
4252 2212      43_52_58_59_63_64_67_68_76_77_78_85_86_87_91_92_96_97_98_107_108_109_118_119_124_125_126_132_133_134_139_140_141_147_148_149_155_156_161_162_172_173_183_277_278_279_280  2.18e+08  1.87e+08    544.75  12377.70   7744.94    631.90     57.99     87.48   1292.65  -1045.63      0.00 0
21504 2212      45_53_79_110  2.19e+08  1.87e+08   5327.59  -8901.75   6480.01    754.21     58.01    300.90   3481.08  -1624.46      0.00 0
23640 2212      3_4_8_9_10_13_14_15_16_19_20_21_22_25_26_27_28_29_32_33_34_35_36_39_40_41_42_43_47_48_49_50_51_56_57_60_61_65_69_70_71_72_73_82_99_100_101_102_163_164_165_195_196_221  2.22e+08  1.89e+08 -36648.15  19766.01  11149.27    755.57     75.01    151.66  -4897.21  -1405.74      0.00 0
5538 2212      159_169_170_179_180_181_185_186_187_190_191_192_193_200_201_202_208_209_210_211_213_214_215_218_219_220_281_283_288  2.24e+08  1.86e+08  -3493.38  -2220.39   4887.81    649.91     40.26    212.44    -99.97    982.36      0.00 17
20308 2212      0_1_5_6_11_12_13_17_18_19_24_25_26_31_32_33_34_39_40_41_42_47_48_49_50_51_56_57_60_61_62_65_66_67_69_70_71_72_73_74_75_82_83_84_85_88_89_90_93_94_95_96_99_100_101_102_103_104_105_106_114_115_116_117_120_121_122_123_127_128_129_130_131_135_136_137_138_139_142_143_144_145_146_150_151_152_153_154_157_158_159_160_163_164_165_166_167_168_169_170_171_178_179_180_181_184_185_186_187_189_190_191_192_193_195_196_197_198_199_200_201_202_208_209_210_211_212_213_214_215_217_218_219_220_221_222_223_224_225_230_231_232_233_234_238_239_240_241_242_246_247_248_249_253_254_255_256_260_261_262_263_266_267_268_269_272_273_274_275_278_281_282_283_284_285_286_287_288  2.24e+08  1.82e+08 -18450.69 -95813.09  14948.26    625.40     81.29    259.10  -5103.58  -3304.82      0.00 0
24242 2212      119_125_126_132_133_134_140_141_147_148_149_154_155_156_161_162_171_172_173_181_182_183_187_188_192_193_194_202_203_211_216_277_288  2.26e+08  1.97e+08  -2682.82   3811.61   4398.55    769.13     46.66    125.14    900.30    500.16      0.00 11
23952 2212      0_1_2_3_4_6_7_8_9_10_12_13_14_15_16_19_20_21_22_23_26_27_28_29_30_34_35_36_37_38_43_44_45_46_51_52_53_54_55_59_64_78_79_80_81_87_110_111_112_113_174_175_176_177_205_206_207_228_229_237_245  2.26e+08  1.87e+08 -43628.29 -41084.48  11692.24    894.08     78.96    223.28   2282.13  -4147.18      0.00 0
18172 2212      101_102_114_120_121_127_128_129_130_135_136_137_138_142_143_144_145_146_150_151_152_153_154_157_158_159_160_161_162_165_166_167_168_169_170_171_172_173_178_179_180_181_182_183_184_185_186_187_188_189_190_191_192_193_194_196_197_198_199_200_201_202_203_204_208_209_210_211_212_213_214_215_216_217_218_219_220_223_224_225_226_227_232_233_234_235_236_241_242_243_244_249_250_251_252_258_259_277_281_283_285_286_288  2.29e+08  1.87e+08  31141.18  12028.87  11137.62    631.17     71.55     21.12   1212.46   2638.43      0.00 0
420 2212      51_56_57_58_60_61_62_65_66_67_74_75_83_84_282  2.32e+08  1.96e+08   1560.67  -5673.72   5473.92    673.71     47.07    285.38   -207.46  -1964.23      0.00 2
12760 2212      223_224_232_233_240_241_248_249_256_263  2.36e+08  2.07e+08 -13322.99  -7568.51   6947.45    901.79     65.61    209.60  -1669.66   3362.27      0.00 0
17676 2212      0_1_2_3_4_5_6_7_8_9_10_11_12_13_14_15_16_17_18_19_20_21_22_23_24_25_26_27_28_29_30_31_32_33_34_35_36_37_38_39_40_41_42_43_44_45_46_47_48_49_50_51_52_53_54_55_56_57_58_59_60_61_62_63_64_65_66_67_68_69_70_71_72_73_74_75_76_77_78_79_80_81_82_83_84_85_86_87_88_89_90_91_92_93_94_95_96_97_98_99_100_101_102_103_104_105_106_107_108_109_110_111_112_113_114_115_116_117_118_119_120_121_122_123_124_125_126_127_128_129_130_131_132_133_134_135_136_137_138_139_140_141_142_143_144_145_146_147_148_149_150_151_152_153_154_155_156_157_158_159_160_161_162_163_164_165_166_167_168_169_170_171_172_173_174_175_176_177_178_179_180_181_182_183_184_185_186_187_188_189_190_191_192_193_194_195_196_197_198_199_200_201_202_203_204_205_206_207_208_209_210_211_212_213_214_215_216_217_218_219_220_221_222_223_224_225_226_227_228_229_230_231_232_233_234_235_236_237_238_239_240_241_242_243_244_245_246_247_248_249_250_251_252_253_254_255_256_257_258_259_260_261_262_263_264_265_266_267_268_269_270_271_272_273_274_275_276_277_278_279_280_281_282_283_284_285_286_287_288  2.36e+08  2.03e+08 235067.77 -16190.19  14328.87    658.92     86.52    356.06  -2030.63    785.98      0.00 0
702 2212      57_61_62_65_66_67_73_74_75_82_83_84_85_88_89_90_93_94_95_96_103_104_105_106_114_115_116_117_120_121_122_123_127_128_129_130_135_136_137_142_143_144_145_150_151_152_157_158_282_284_285_286_287  2.37e+08  2.01e+08  -5008.66   3570.01   5371.31    706.87     48.87    144.52   -785.27   -366.47      0.00 3
8592 2212      38_45_46_54_55_79_80_81_111_112_113_174_175_176_205_206_207_226_227_228_229_235_236_237_242_243_244_245_250_251_252_256_257_258_259_263_264_265_269_270_271_274_275_276  2.37e+08  2.01e+08  22667.91 -53872.18  12572.63    725.61     77.86    292.82   3301.17   4922.57      0.00 0
15192 2212      212_217_223_224_231_232_233_238_239_240_246_247  2.30e+08  1.94e+08 -17460.75   5920.33   8809.87    662.25     64.46    161.27  -3813.65   2993.26      0.00 0
7418 2212      11_17_24_25_31_32_39_40_41_48_49_70_71_100_101_102_142_165_166_196_197_198_222_223_224_231_232_239_240_241_247_248_254_255_261_262_267_268_273  2.30e+08  1.91e+08  -9413.81 -33991.16  10695.87    729.15     73.13    254.52  -3874.88   -219.58      0.00 0
21894 2212      0_1_2_3_4_5_6_7_8_9_10_11_12_13_14_15_16_17_18_19_20_21_22_23_24_25_26_27_28_29_30_31_32_33_34_35_36_37_38_39_40_41_42_43_44_45_46_47_48_49_50_51_52_53_54_55_56_57_58_59_60_61_62_63_64_65_66_67_68_69_70_71_72_73_74_75_76_77_78_79_80_81_82_83_84_85_86_87_88_89_90_91_92_93_94_95_96_97_98_99_100_101_102_103_104_105_106_107_108_109_110_111_112_113_114_115_116_117_118_119_120_121_122_123_124_125_126_127_128_129_130_131_132_133_134_135_136_137_138_139_140_141_142_143_144_145_146_147_148_149_150_151_152_153_154_155_156_157_158_159_160_161_162_163_164_165_166_167_168_169_170_171_172_173_174_175_176_177_178_179_180_181_182_183_184_185_186_187_188_189_190_191_192_193_194_195_196_197_198_199_200_201_202_203_204_205_206_207_208_209_210_211_212_213_214_215_216_217_218_219_220_221_222_223_224_225_226_227_228_229_230_231_232_233_234_235_236_237_238_239_240_241_242_243_244_245_246_247_248_249_250_251_252_253_254_255_256_257_258_259_260_261_262_263_264_265_266_267_268_269_270_271_272_273_274_275_276_277_278_279_280_281_282_283_284_285_286_287_288  2.30e+08  2.01e+08 197264.34  37808.63  14009.92    793.46     86.01     10.85   -739.65    160.84      0.00 0
16020 2212      24_31_39_47_48_69_70_99_100_163_164_195_196_221_222_230_238_246_253  2.41e+08  1.94e+08  -1072.18 -37677.84  11711.23    615.04     72.74    268.37  -6706.81   -296.53      0.00 0
23776 2212      234_242_249_250_256_257_263_264_269_270_274_275_276  2.44e+08  2.16e+08 -10004.02 -25100.74   9893.58    701.51     69.89    248.27   1690.30   6539.53      0.00 0
676 2212      0_1_2_3_4_5_6_7_8_9_10_11_12_13_14_15_16_17_18_19_20_21_22_23_25_26_27_28_29_30_32_33_34_35_36_37_38_41_42_43_44_45_46_50_51_52_53_54_55_56_57_58_59_60_61_62_63_64_65_66_67_68_72_73_74_75_76_77_78_79_80_81_82_83_84_85_86_87_88_89_90_91_92_93_94_95_96_97_98_103_104_105_106_107_108_109_110_111_112_113_114_115_116_117_118_119_120_121_122_123_124_125_126_127_128_129_130_131_132_133_134_135_136_137_138_139_140_141_142_143_144_145_146_147_148_149_150_151_152_153_154_155_156_157_158_159_160_161_162_168_169_170_171_172_173_174_175_176_177_178_179_180_181_182_183_184_185_186_187_188_190_191_192_193_194_199_200_201_202_203_204_205_206_207_208_209_210_211_213_214_215_216_218_219_220_225_226_227_228_229_234_235_236_237_243_244_245_250_251_252_258_259_265_271_277_278_279_280_281_282_283_284_285_286_287_288  2.44e+08  1.94e+08  59188.14  78545.31  14505.43    685.90     81.61     53.00   5864.23   1738.06      0.00 0
5296 2212      1_2_3_4_7_8_9_10_12_13_14_15_16_19_20_21_22_23_25_26_27_28_29_30_33_34_35_36_37_38_40_41_42_43_44_45_46_49_50_51_52_53_54_55_56_57_58_59_60_61_62_63_64_65_66_67_68_70_71_72_73_74_75_76_77_78_79_80_81_82_83_84_85_86_87_88_89_90_91_92_93_94_95_96_97_98_101_102_103_104_105_106_107_108_109_110_111_112_113_114_115_116_117_118_119_120_121_122_123_124_125_126_127_128_129_130_131_132_133_134_135_136_137_138_139_140_141_142_143_144_145_146_147_148_149_150_151_152_153_154_155_156_157_158_159_160_161_162_164_165_166_167_168_169_170_171_172_173_174_175_176_177_178_179_180_181_182_183_184_185_186_187_188_189_190_191_192_193_194_196_197_198_199_200_201_202_203_204_205_206_207_208_209_210_211_212_213_214_215_216_217_218_219_220_221_222_223_224_225_226_227_228_229_230_231_232_233_234_235_236_237_238_239_240_241_242_243_244_245_246_247_248_249_250_251_252_253_254_255_256_257_258_259_260_261_262_263_264_265_266_267_268_269_270_271_272_273_274_275_276_277_278_279_280_281_282_283_284_285_286_287_288  2.45e+08  1.98e+08 119045.28 -232935.55  13114.40    718.99     87.13    297.07   4958.88   5196.00      0.00 0
10176 2212      169_179_180_184_185_190_191_199_200_201_208_209_212_213_217_218_281_283  2.47e+08  2.22e+08     83.95  -2584.96   3678.60    708.08     35.11    271.86   -472.12    944.06      0.00 26
4448 2212      0_5_6_11_12_17_18_19_24_25_26_31_32_33_34_39_40_41_42_48_49_50_51_56_57_58_59_60_61_62_63_64_65_66_67_68_70_71_72_73_74_75_76_77_78_82_83_84_85_86_87_88_89_90_91_92_93_94_95_96_97_98_101_102_103_104_105_106_107_108_109_114_115_116_117_118_119_120_121_122_123_124_125_126_127_128_129_130_131_132_133_134_135_136_137_138_139_140_141_142_143_144_145_146_147_148_149_150_151_152_153_154_155_156_157_158_159_160_161_162_165_166_167_168_169_170_171_172_173_174_178_179_180_181_182_183_184_185_186_187_188_189_190_191_192_193_194_197_198_199_200_201_202_203_204_208_209_210_211_212_213_214_215_216_217_218_219_220_224_225_226_227_232_233_234_235_241_242_243_244_249_250_251_256_257_258_259_263_264_265_269_270_271_275_276_277_278_279_280_281_282_283_284_285_286_287_288  2.47e+08  2.05e+08  33413.34  45353.89  12860.63    663.52     77.14     53.62     81.27   1626.26      0.00 0
16652 2212      95_106_116_117_122_123_124_130_131_137_138_139_145_146_152_153_159_160_170_278_283_284  2.48e+08  2.12e+08   -293.32  -2673.95   3977.59    673.34     34.07    263.74    -45.31    -96.72      0.00 23
11850 2212      17_24_31_32_39_40_48_49_70_71_101_165_197  2.51e+08  2.11e+08  -5077.65 -16754.57   8736.35    647.09     63.48    253.14  -4659.38  -2364.29      0.00 0
13088 2212      4_9_10_15_16_21_22_23_27_28_29_30_34_35_36_37_38_41_42_43_44_45_46_49_50_51_52_53_54_55_56_57_58_59_60_61_62_63_64_65_66_67_68_71_72_73_74_75_76_77_78_79_80_81_82_83_84_85_86_87_88_89_90_91_92_93_94_95_96_97_98_101_102_103_104_105_106_107_108_109_110_111_112_114_115_116_117_118_119_120_121_122_123_124_125_126_127_128_129_130_131_132_133_134_135_136_137_138_139_140_141_142_143_144_145_146_147_148_149_150_151_152_153_154_155_156_157_158_159_160_161_162_164_165_166_167_168_169_170_171_172_173_174_175_178_179_180_181_182_183_184_185_186_187_188_189_190_191_192_193_194_195_196_197_198_199_200_201_202_203_204_205_208_209_210_211_212_213_214_215_216_217_218_219_220_221_222_223_224_225_226_227_230_231_232_233_234_235_238_239_240_241_242_246_247_248_249_253_254_255_256_260_261_262_266_267_272_277_278_279_280_281_282_283_284_285_286_287_288  2.51e+08  2.20e+08  58921.24 -48674.64  13820.07    677.73     79.75    320.44   3412.36  -2563.42      0.00 0
14728 2212      0_1_2_3_4_5_6_7_8_9_10_11_12_13_14_15_16_17_18_19_20_21_22_23_24_25_26_27_28_29_30_31_32_33_34_35_36_37_38_39_40_41_42_43_44_45_46_47_48_49_50_51_52_53_54_55_56_57_58_59_60_61_62_63_64_65_66_67_68_69_70_71_72_73_74_75_76_77_78_79_80_81_82_83_84_85_86_87_88_89_90_91_92_93_94_95_96_97_98_99_100_101_102_103_104_105_106_107_108_109_110_111_112_113_114_115_116_117_118_119_120_121_122_123_124_125_126_127_128_129_130_131_132_133_134_135_136_137_138_139_140_141_142_143_144_145_146_147_148_149_150_151_152_153_154_155_156_157_158_159_160_161_162_163_164_165_166_167_168_169_170_171_172_173_174_175_176_177_178_179_180_181_182_183_184_185_186_187_188_189_190_191_192_193_194_195_196_197_198_199_200_201_202_203_204_205_206_207_208_209_210_211_212_213_214_215_216_217_218_219_220_221_222_223_224_225_226_227_228_229_230_231_232_233_234_235_236_237_238_239_240_241_242_243_244_245_246_247_248_249_250_251_252_253_254_255_256_257_258_259_260_261_262_263_264_265_266_267_268_269_270_271_272_273_274_275_276_277_278_279_280_281_282_283_284_285_286_287_288  2.51e+08  2.16e+08 -200914.33 -103477.68  14060.07    720.24     86.44    207.25    231.90    903.41      0.00 0
6648 2212      3_4_8_9_10_13_14_15_16_20_21_22_23_26_27_28_29_30_34_35_36_37_38_41_42_43_44_45_46_49_50_51_52_53_54_55_56_57_58_59_60_61_62_63_64_65_66_67_68_71_72_73_74_75_76_77_78_79_80_81_82_83_84_85_86_87_88_89_90_91_92_93_94_95_96_97_98_101_102_103_104_105_106_107_108_109_110_111_112_113_114_115_116_117_118_119_120_121_122_123_124_125_126_127_128_129_130_131_132_133_134_135_136_137_138_139_140_141_142_143_144_145_146_147_148_149_150_151_152_153_154_155_156_157_158_159_160_161_162_165_166_167_168_169_170_171_172_173_174_175_176_177_178_179_180_181_182_183_184_185_186_187_188_189_190_191_192_193_194_196_197_198_199_200_201_202_203_204_205_206_207_208_209_210_211_212_213_214_215_216_217_218_219_220_221_222_223_224_225_226_227_228_229_230_231_232_233_234_235_236_237_238_239_240_241_242_243_244_245_246_247_248_249_250_251_252_253_254_255_256_257_258_259_260_261_262_263_264_265_266_267_268_269_270_271_272_273_274_275_276_277_278_279_280_281_282_283_284_285_286_287_288  2.54e+08  2.33e+08 121209.79 -166281.06  13991.90    784.34     86.11    306.09   4406.73   3351.88      0.00 0
15542 2212      0_1_2_3_4_5_6_7_8_9_10_11_12_13_14_15_16_17_18_19_20_21_22_23_24_25_26_27_28_29_30_31_32_33_34_35_36_37_38_39_40_41_42_43_44_45_46_47_48_49_50_51_52_53_54_55_56_57_58_59_60_61_62_63_64_65_66_67_68_69_70_71_72_73_74_75_76_77_78_79_80_81_82_83_84_85_86_87_88_89_90_91_92_93_94_95_96_97_98_99_100_101_102_103_104_105_106_107_108_109_110_111_112_113_114_115_116_117_118_119_120_121_122_123_124_125_126_127_128_129_130_131_132_133_134_135_136_137_138_139_140_141_142_143_144_145_146_147_148_149_150_151_152_153_154_155_156_157_158_159_160_161_162_163_164_165_166_167_168_169_170_171_172_173_174_175_176_177_178_179_180_181_182_183_184_185_186_187_188_189_190_191_192_193_194_195_196_197_198_199_200_201_202_203_204_205_206_207_208_209_210_211_212_213_214_215_216_217_218_219_220_221_222_223_224_225_226_227_228_229_230_231_232_233_234_235_236_237_238_239_240_241_242_243_244_245_246_247_248_249_250_251_252_253_254_255_256_257_258_259_260_261_262_263_264_265_266_267_268_269_270_271_272_273_274_275_276_277_278_279_280_281_282_283_284_285_286_287_288  2.55e+08  2.08e+08 -274406.56   8335.94  13282.83    647.95     87.23    178.26  -2548.65   -620.74      0.00 0
8224 2212      67_75_76_84_85_86_90_91_95_96_106_107_280_282  2.57e+08  2.23e+08   1737.87   -874.82   2841.54    779.55     34.40    333.28    224.13   -815.10      0.00 1
18852 2212      226_234_235_242_243_250_257  2.58e+08  2.15e+08   1457.30  10435.32   6738.43    716.02     57.40     82.05   1880.15   3356.48      0.00 0
10670 2212      23_30_37_38_45_46_53_54_55_79_80_81_110_111_112_113_174_175_176_177_204_205_206_207_226_227_228_229_235_236_237_242_243_244_245_250_251_252_257_258_259_263_264_265_269_270_271_274_275_276  2.50e+08  2.05e+08 -29201.84  56723.19  13328.23    660.68     78.20    117.24   5517.20    -80.95      0.00 0
8168 2212      0_1_2_3_4_5_6_7_8_9_10_11_12_13_14_15_16_17_18_19_20_21_22_23_24_25_26_27_28_29_30_31_32_33_34_35_36_37_38_39_40_41_42_43_44_45_46_47_48_49_50_51_52_53_54_55_56_57_58_59_60_61_62_63_64_65_66_67_68_69_70_71_72_73_74_75_76_77_78_79_80_81_82_83_84_85_86_87_88_89_90_91_92_93_94_95_96_97_98_99_100_101_102_103_104_105_106_107_108_109_110_111_112_113_114_115_116_117_118_119_120_121_122_123_124_125_126_127_128_129_130_131_132_133_134_135_136_137_138_139_140_141_142_143_144_145_146_147_148_149_150_151_152_153_154_155_156_157_158_159_160_161_162_163_164_165_166_167_168_169_170_171_172_173_174_175_176_177_178_179_180_181_182_183_184_185_186_187_188_189_190_191_192_193_194_195_196_197_198_199_200_201_202_203_204_205_206_207_208_209_210_211_212_213_214_215_216_217_218_219_220_221_222_223_224_225_226_227_228_229_230_231_232_233_234_235_236_237_238_239_240_241_242_243_244_245_246_247_248_249_250_251_252_253_254_255_256_257_258_259_260_261_262_263_264_265_266_267_268_269_270_271_272_273_274_275_276_277_278_279_280_281_282_283_284_285_286_287_288  2.50e+08  2.04e+08 216540.03 -107962.87  13951.44    684.94     86.70    333.50   5237.70  -2221.48      0.00 0
1932 2212      195_196_212_217_218_219_220_221_222_223_224_225_226_227_228_229_230_231_232_233_234_235_236_237_238_239_240_241_242_243_244_245_246_247_248_249_250_251_252_253_254_255_256_257_258_259_260_261_262_263_264_265_266_267_268_269_270_271_272_273_274_275_276  2.61e+08  2.25e+08 -97775.11 -10242.07  13799.08    790.41     82.01    185.98  -4484.85   5861.34      0.00 0
178 2212      12_18_19_25_26_27_33_34_35_41_42_43_50_51_52_56_57_58_59_60_61_62_63_64_65_66_67_68_73_74_75_76_77_78_79_82_83_84_85_86_87_88_89_90_91_92_94_95_96_97_98_104_105_106_107_108_109_110_115_116_117_118_119_122_123_124_125_126_130_131_132_133_134_138_139_140_141_145_146_147_148_149_153_154_155_156_160_161_162_171_172_173_174_175_182_183_188_194_204_205_227_277_278_279_280_282_284_287  2.64e+08  2.34e+08 -19924.45 -18085.41   9980.45    685.29     69.65    222.23    -51.28  -2230.26      0.00 0
18818 2212      50_60_72_73_82  2.65e+08  2.32e+08   1370.85   5952.03   5146.94    742.97     49.88     77.03  -1467.75  -1735.33      0.00 9
10184 2212      2_7_8_13_19_20  2.65e+08  2.32e+08  -7908.70   6704.69   6148.87    818.77     59.33    139.71   -654.15  -5688.64      0.00 0
19714 2212      0_1_2_3_4_5_6_7_8_9_10_11_12_13_14_15_16_17_18_19_20_21_22_23_24_25_26_27_28_29_30_31_32_33_34_35_36_37_38_41_42_43_44_45_46_50_51_52_53_54_55_59_64_79_80_81_111_112_113  2.66e+08  2.24e+08  71791.57  26970.38  13591.62    712.00     79.95     20.59  -4015.49  -6621.38      0.00 0
7578 2212      4_9_10_15_16_21_22_23_28_29_30_35_36_37_38_43_44_45_46_51_52_53_54_55_56_57_58_59_60_61_62_63_64_65_66_67_68_73_74_75_76_77_78_79_80_81_82_83_84_85_86_87_88_89_90_91_92_93_94_95_96_97_98_104_105_106_107_108_109_110_111_112_113_114_115_116_117_118_119_120_121_122_123_124_125_126_128_129_130_131_132_133_134_135_136_137_138_139_140_141_142_143_144_145_146_147_148_149_150_151_152_153_154_155_156_157_158_159_160_161_162_167_168_169_170_171_172_173_174_175_176_177_178_179_180_181_182_183_184_185_186_187_188_189_190_191_192_193_194_198_199_200_201_202_203_204_205_206_207_208_209_210_211_212_213_214_215_216_217_218_219_220_224_225_226_227_228_229_232_233_234_235_236_237_240_241_242_243_244_245_247_248_249_250_251_252_254_255_256_257_258_259_261_262_263_264_265_266_267_268_269_270_271_272_273_274_275_276_277_278_279_280_281_282_283_284_285_286_287_288  2.67e+08  2.31e+08 -49320.69  90799.62  14540.48    698.05     81.99    118.51   2017.02   4131.19      0.00 0
13442 2212      12_19_26_33_34  2.69e+08  2.24e+08  -9082.27  -6167.67   7029.15    687.26     57.37    214.18  -1839.41  -4226.62      0.00 0
4610 2212      0_1_2_3_4_5_6_7_8_9_10_11_12_13_14_15_16_17_18_19_20_21_22_23_24_25_26_27_28_29_30_31_32_33_34_35_36_37_38_39_40_41_42_43_44_45_46_47_48_49_50_51_52_53_54_55_56_57_58_59_60_61_62_63_64_65_66_67_68_69_70_71_72_73_74_75_76_77_78_79_80_81_82_83_84_85_86_87_88_89_90_91_92_93_94_95_96_97_98_99_100_101_102_103_104_105_106_107_108_109_110_111_112_113_114_115_116_117_118_119_120_121_122_123_124_125_126_127_128_129_130_131_132_133_134_135_136_137_138_139_140_141_142_143_144_145_146_147_148_149_150_151_152_153_154_155_156_157_158_159_160_161_162_163_164_165_166_167_168_169_170_171_172_173_174_175_176_177_178_179_180_181_182_183_184_185_186_187_188_189_190_191_192_193_194_195_196_197_198_199_200_201_202_203_204_205_206_207_208_209_210_211_212_213_214_215_216_217_218_219_220_221_222_223_224_225_226_227_228_229_230_231_232_233_234_235_236_237_238_239_240_241_242_243_244_245_246_247_248_249_250_251_252_253_254_255_256_257_258_259_260_261_262_263_264_265_266_267_268_269_270_271_272_273_274_275_276_277_278_279_280_281_282_283_284_285_286_287_288  2.69e+08  2.24e+08 124086.02 215357.09  13852.47    675.32     86.81     60.05   3341.51   2872.22      0.00 0
18528 2212      0_1_2_3_4_5_6_7_8_9_10_11_12_13_14_15_16_17_18_19_20_21_22_23_24_25_26_27_28_29_30_32_33_34_35_36_37_40_41_42_43_44_45_48_49_50_51_52_53_56_57_58_59_60_61_62_63_64_65_66_67_68_70_71_72_73_74_75_76_77_78_79_82_83_84_85_86_87_88_89_90_91_92_93_94_95_96_97_98_100_101_102_103_104_105_106_107_108_109_110_111_114_115_116_117_118_119_120_121_122_123_124_125_126_127_128_129_130_131_132_133_134_135_136_137_138_139_140_141_142_143_144_145_146_147_148_149_150_151_152_153_154_155_156_157_158_159_160_161_162_164_165_166_167_168_169_170_171_172_173_174_175_178_179_180_181_182_183_184_185_186_187_188_189_190_191_192_193_194_196_197_198_199_200_201_202_203_204_205_208_209_210_211_212_213_214_215_216_217_218_219_220_222_223_224_225_226_227_230_231_232_233_234_235_236_238_239_240_241_242_243_246_247_248_249_250_251_253_254_255_256_257_258_260_261_262_263_264_266_267_268_269_270_272_273_274_275_276_277_278_279_280_281_282_283_284_285_286_287_288  2.72e+08  2.49e+08  18861.07 -108292.23  14237.42    762.21     82.62    279.88    181.89  -5739.75      0.00 0
9266 2212      36_43_44_45_51_52_53_56_57_58_59_60_61_62_63_64_65_66_67_68_73_74_75_76_77_78_82_83_84_85_86_87_88_89_90_91_92_93_94_95_96_97_98_103_104_105_106_107_108_109_110_114_115_116_117_118_119_120_121_122_123_124_125_126_127_128_129_130_131_132_133_134_135_136_137_138_139_140_141_142_143_144_145_146_147_148_149_150_151_152_153_154_155_156_157_158_159_160_161_167_168_169_170_171_178_179_180_181_277_278_279_280_282_283_284_285_286_287  2.74e+08  2.32e+08  15852.72  -9226.50   8564.81    698.84     64.97    329.80   1984.09  -1780.32      0.00 0
3280 2212      17_24_25_26_31_32_33_34_39_40_41_42_43_47_48_49_50_51_52_56_57_58_59_60_61_62_63_64_65_66_67_68_69_70_71_72_73_74_75_76_77_78_79_82_83_84_85_86_87_88_89_90_91_92_93_94_95_96_97_98_99_100_101_102_103_104_105_106_107_108_109_110_111_114_115_116_117_118_119_120_121_122_123_124_125_126_127_128_129_130_131_132_133_134_135_136_137_138_139_140_141_142_143_144_145_146_147_148_149_150_151_152_153_154_155_156_157_158_159_160_161_162_164_165_166_167_168_169_170_171_172_173_174_175_176_178_179_180_181_182_183_184_185_186_187_188_189_190_191_192_193_194_196_197_198_199_200_201_202_203_204_205_206_207_208_209_210_211_212_213_214_215_216_217_218_219_220_223_224_225_226_227_228_229_233_234_235_236_237_242_243_244_245_250_251_252_259_277_278_279_280_281_282_283_284_285_286_287_288  2.74e+08  2.37e+08 -54568.86 -25782.93  12883.55    695.97     77.95    205.29  -4482.23  -1981.71      0.00 0
2244 2212      23_29_30_36_37_38_42_43_44_45_46_50_51_52_53_54_55_56_57_58_59_60_61_62_63_64_65_66_67_68_71_72_73_74_75_76_77_78_79_80_81_82_83_84_85_86_87_88_89_90_91_92_93_94_95_96_97_98_101_102_103_104_105_106_107_108_109_110_111_112_113_114_115_116_117_118_119_120_121_122_123_124_125_126_127_128_129_130_131_132_133_134_135_136_137_138_139_140_141_142_143_144_145_146_147_148_149_150_151_152_153_154_155_156_157_158_159_160_161_162_164_165_166_167_168_169_170_171_172_173_174_175_176_177_178_179_180_181_182_183_184_185_186_187_188_189_190_191_192_193_194_195_196_197_198_199_200_201_202_203_204_205_206_207_208_209_210_211_212_213_214_215_216_217_218_219_220_221_222_223_224_225_226_227_228_230_231_232_233_234_235_236_238_239_240_241_242_243_244_246_247_248_249_250_251_253_254_255_256_257_260_261_262_263_266_267_268_272_273_277_278_279_280_281_282_283_284_285_286_287_288  2.76e+08  2.35e+08  75902.02 -44852.57  14011.11    713.20     80.97    329.42  -3072.15   3479.34      0.00 0
15032 2212      0_5_6_11_12_17_18_24_25_31_32_33_39_40_41_47_48_49_69_70_71_99_100_101_163_164_165_195_196_197_221_222_223_230_231_238_239_246_247_253_254_260_266  2.79e+08  2.22e+08  -7943.09 105886.95  14715.42    682.85     82.11     94.29  -7839.02   -251.91      0.00 0
17108 2212      60_65_73_74_82_83_84_88_89_93_94_95_103_104_105_106_114_115_116_120_121_122_123_128_129_130_136_137_144_282_284_286_287  2.70e+08  2.30e+08   3409.21   3244.28   4976.64    674.50     43.40     43.58   -726.78   -584.31      0.00 10
14444 2212      199_200_208_209_212_213_217_218_225  2.81e+08  2.53e+08   1592.22   3572.83   4374.84    710.72     41.80     65.98   -521.84   1760.23      0.00 4
7826 2212      238_239_240_241_242_243_244_246_247_248_249_250_251_252_253_254_255_256_257_258_259_260_261_262_263_264_265_266_267_268_269_270_271_272_273_274_275_276  2.81e+08  2.36e+08  41736.34   -386.08  11826.44    652.14     74.18    359.47    686.36   5208.15      0.00 0
6590 2212      50_56_60_65_72_73_82_88_93_103_104_114  2.85e+08  2.42e+08   -453.60  -4917.63   4947.13    694.98     44.95    264.73  -1330.91  -1360.05      0.00 2
12866 2212      15_16_21_22_23_27_28_29_30_34_35_36_37_38_42_43_44_45_46_50_51_52_53_54_55_56_57_58_59_60_61_62_63_64_65_66_67_68_71_72_73_74_75_76_77_78_79_80_82_83_84_85_86_87_88_89_90_91_92_93_94_95_96_97_98_101_102_103_104_105_106_107_108_109_110_111_112_114_115_116_117_118_119_120_121_122_123_124_125_126_127_128_129_130_131_132_133_134_135_136_137_138_139_140_141_142_143_144_145_146_147_148_149_150_151_152_153_154_155_156_157_158_159_160_161_162_164_165_166_167_168_169_170_171_172_173_174_175_178_179_180_181_182_183_184_185_186_187_188_189_190_191_192_193_194_195_196_197_198_199_200_201_202_203_204_205_208_209_210_211_212_213_214_215_216_217_218_219_220_221_222_223_224_225_226_230_231_232_233_234_238_239_240_241_246_247_248_253_254_260_277_278_279_280_281_282_283_284_285_286_287_288  2.85e+08  2.42e+08  52641.42 -32461.25  13156.92    669.17     77.99    328.34   3809.79  -2647.05      0.00 0
22526 2212      5_11_12_17_18_19_24_25_26_31_32_33_34_39_40_41_42_47_48_49_50_51_56_57_58_59_60_61_62_63_64_65_66_67_68_69_70_71_72_73_74_75_76_77_78_82_83_84_85_86_87_88_89_90_91_92_93_94_95_96_97_98_99_100_101_102_103_104_105_106_107_108_109_110_114_115_116_117_118_119_120_121_122_123_124_125_126_127_128_129_130_131_132_133_134_135_136_137_138_139_140_141_142_143_144_145_146_147_148_149_150_151_152_153_154_155_156_157_158_159_160_161_162_163_164_165_166_167_168_169_170_171_172_173_174_178_179_180_181_182_183_184_185_186_187_188_189_190_191_192_193_194_195_196_197_198_199_200_201_202_203_204_205_208_209_210_211_212_213_214_215_216_217_218_219_220_221_222_223_224_225_226_227_230_231_232_233_234_235_236_238_239_240_241_242_243_244_245_246_247_248_249_250_251_252_253_254_255_256_257_258_259_260_261_262_263_264_265_266_267_268_269_270_271_272_273_274_275_276_277_278_279_280_281_282_283_284_285_286_287_288  2.89e+08  2.40e+08 -116533.69 -134293.19  15243.30    664.62     85.10    229.05  -1897.39   6625.46      0.00 0
17872 2212      110_134_141_148_149_155_156_161_162_171_172_173_174_181_182_183_186_187_188_191_192_193_194_200_201_202_203_204_205_208_209_210_211_212_213_214_215_216_217_218_219_220_224_225_226_232_233_234_235_240_241_242_247_248_249_250_253_254_255_256_260_261_262_266_267_268_272_273_277_281_288  2.80e+08  2.32e+08  27177.52 -26988.45  10809.32    761.06     74.24    315.20  -1549.25   4598.98      0.00 0
7986 2212      0_5_6_11_12_17_18_24_25_31_32_39_40_47_48_49_69_70_71_99_100_101_163_164_165_195_196_221_222_230_238  2.91e+08  2.50e+08  18304.83 -44148.18  11376.98    803.46     76.61    292.52  -6312.35   -653.04      0.00 0
1944 2212      0_1_2_3_5_6_7_8_11_12_13_14_17_18_19_20_24_25_26_27_32_33_34_35_39_40_41_42_43_48_49_50_51_56_57_58_59_60_61_62_63_64_65_66_67_68_70_71_72_73_74_75_76_82_83_84_85_86_88_89_90_91_93_94_95_96_97_100_101_102_103_104_105_106_107_114_115_116_117_118_120_121_122_123_124_127_128_129_130_131_132_135_136_137_138_139_142_143_144_145_146_147_150_151_152_153_154_157_158_159_160_164_165_166_167_168_169_170_171_178_179_180_181_184_185_186_187_189_190_191_192_196_197_198_199_200_201_202_208_209_210_212_213_214_217_218_219_222_223_224_225_230_231_232_233_238_239_240_241_246_247_248_253_254_255_260_261_262_266_267_268_272_273_278_279_280_281_282_283_284_285_286_287_288  2.91e+08  2.50e+08  -7534.49  71565.72  12753.47    812.29     79.95     96.01  -2327.42  -4123.10      0.00 0
11816 2212      43_44_45_51_52_53_56_57_58_59_60_61_62_63_64_65_66_67_68_73_74_75_76_77_78_79_82_83_84_85_86_87_88_89_90_91_92_93_94_95_96_97_98_103_104_105_106_107_108_109_110_114_115_116_117_118_119_120_121_122_123_124_125_126_127_128_129_130_131_132_133_134_135_136_137_138_139_140_141_142_143_144_145_146_147_148_149_150_151_152_153_154_155_156_157_158_159_160_161_162_166_167_168_169_170_171_172_173_174_178_179_180_181_182_183_184_185_186_187_188_189_190_191_192_193_194_197_198_199_200_201_202_203_204_208_209_210_211_212_213_214_215_216_217_218_219_220_223_224_225_226_231_232_233_234_238_239_240_241_246_247_248_249_253_254_255_260_261_266_272_277_278_279_280_281_282_283_284_285_286_287_288  2.93e+08  2.52e+08  30543.58 -28903.83  11661.95    680.15     74.50    316.58  -1182.24   1789.53      0.00 0
10478 2212      110_119_125_126_132_133_134_139_140_141_145_146_147_148_149_152_153_154_155_156_158_159_160_161_162_168_169_170_171_172_173_174_178_179_180_181_182_183_184_185_186_187_188_189_190_191_192_193_194_198_199_200_201_202_203_204_208_209_210_211_212_213_214_215_216_217_218_219_220_224_225_226_232_233_234_239_240_241_242_246_247_248_249_253_254_255_256_260_261_262_266_267_272_277_278_281_283_285_288  2.96e+08  2.50e+08  27775.05 -22323.74  10942.12    695.82     72.93    321.21  -1764.41   3625.81      0.00 0
21548 2212      1_2_3_4_6_7_8_9_10_12_13_14_15_16_19_20_21_22_23_25_26_27_28_29_30_33_34_35_36_37_38_41_42_43_44_45_46_49_50_51_52_53_54_56_57_58_59_60_61_62_63_64_65_66_67_68_71_72_73_74_75_76_77_78_79_80_82_83_84_85_86_87_88_89_90_91_92_93_94_95_96_97_98_101_102_103_104_105_106_107_108_109_110_111_112_114_115_116_117_118_119_120_121_122_123_124_125_126_127_128_129_130_131_132_133_134_135_136_137_138_139_140_141_142_143_144_145_146_147_148_149_150_151_152_153_154_155_156_157_158_159_160_161_162_165_166_167_168_169_170_171_172_173_174_175_176_178_179_180_181_182_183_184_185_186_187_188_189_190_191_192_193_194_197_198_199_200_201_202_203_204_205_206_208_209_210_211_212_213_214_215_216_217_218_219_220_223_224_225_226_227_228_231_232_233_234_235_236_237_239_240_241_242_243_244_246_247_248_249_250_251_252_253_254_255_256_257_258_259_260_261_262_263_264_265_266_267_268_269_270_271_272_273_274_275_276_277_278_279_280_281_282_283_284_285_286_287_288  2.96e+08  2.47e+08  20560.39 -110503.35  14697.94    702.13     82.55    280.54   1243.56  -1359.24      0.00 0
13068 2212      40_41_49_50  2.97e+08  2.57e+08  -8453.52  -1015.50   5497.61    840.92     57.15    186.85  -3619.99  -1969.87      0.00 0
1272 2212      0_1_2_3_4_5_6_7_8_9_10_11_12_13_14_15_16_17_18_19_20_21_22_23_24_25_26_27_28_29_30_31_32_33_34_35_36_37_38_39_40_41_42_43_44_45_46_47_48_49_50_51_52_53_54_55_56_57_58_59_60_61_62_63_64_65_66_67_68_69_70_71_72_73_74_75_76_77_78_79_80_81_82_83_84_85_86_87_88_89_90_91_92_93_94_95_96_97_98_99_100_101_102_103_104_105_106_107_108_109_110_111_112_113_114_115_116_117_118_119_120_121_122_123_124_125_126_127_128_129_130_131_132_133_134_135_136_137_138_139_140_141_142_143_144_145_146_147_148_149_150_151_152_153_154_155_156_157_158_159_160_161_162_163_164_165_166_167_168_169_170_171_172_173_174_175_176_177_178_179_180_181_182_183_184_185_186_187_188_189_190_191_192_193_194_195_196_197_198_199_200_201_202_203_204_205_206_207_208_209_210_211_212_213_214_215_216_217_218_219_220_221_222_223_224_225_226_227_228_229_230_231_232_233_234_235_236_237_238_239_240_241_242_243_244_245_246_247_248_249_250_251_252_253_254_255_256_257_258_259_260_261_262_263_264_265_266_267_268_269_270_271_272_273_274_275_276_277_278_279_280_281_282_283_284_285_286_287_288  2.97e+08  2.53e+08  -9104.25 224719.92  14425.66    677.17     86.33     92.32  -2467.59    974.89      0.00 0
3582 2212      0_1_5_6_7_11_12_13_18_19_20_25_26_27_33_34_41_42_43_49_50_51_56_57_58_59_60_61_62_63_64_65_66_67_68_72_73_74_75_76_77_82_83_84_85_86_87_88_89_90_91_92_93_94_95_96_97_98_102_103_104_105_106_107_108_109_114_115_116_117_118_119_120_121_122_123_124_125_126_127_128_129_130_131_132_133_134_135_136_137_138_139_140_141_142_143_144_145_146_147_148_149_150_151_152_153_154_155_156_157_158_159_160_161_162_166_167_168_169_170_171_172_173_178_179_180_181_182_183_184_185_186_187_188_189_190_191_192_193_194_198_199_200_201_202_203_204_208_209_210_211_212_213_214_215_216_217_218_219_220_224_225_226_233_234_241_242_249_250_256_257_263_277_278_279_280_281_282_283_284_285_286_287_288  2.98e+08  2.44e+08  13486.28  36186.17  11629.93    638.68     73.24     69.56   -515.58   -295.40      0.00 0
17038 2212      0_1_2_3_5_6_7_8_11_12_13_14_15_17_18_19_20_21_22_24_25_26_27_28_29_31_32_33_34_35_36_37_40_41_42_43_44_45_46_48_49_50_51_52_53_54_56_57_58_59_60_61_62_63_64_65_66_67_68_71_72_73_74_75_76_77_78_79_80_81_82_83_84_85_86_87_88_89_90_91_92_93_94_95_96_97_98_101_102_103_104_105_106_107_108_109_110_111_112_113_114_115_116_117_118_119_120_121_122_123_124_125_126_127_128_129_130_131_132_133_134_135_136_137_138_139_140_141_142_143_144_145_146_147_148_149_150_151_152_153_154_155_156_157_158_159_160_161_162_166_167_168_169_170_171_172_173_174_175_176_177_178_179_180_181_182_183_184_185_186_187_188_189_190_191_192_193_194_198_199_200_201_202_203_204_205_206_207_208_209_210_211_212_213_214_215_216_217_218_219_220_224_225_226_227_228_229_233_234_235_236_237_241_242_243_244_245_249_250_251_252_256_257_258_259_263_264_265_270_271_275_276_277_278_279_280_281_282_283_284_285_286_287_288  2.99e+08  2.54e+08 -61960.79 -72137.88  13550.92    817.08     81.89    229.34    792.26  -1460.96      0.00 0
7476 2212      165_196_222_230_231_238_239_246_253  2.00e+08  1.72e+08   4300.21 -18836.12   9165.90    632.43     64.62    282.86  -5372.65   3045.36      0.00 0
13674 2212      0_1_2_3_4_5_6_7_8_9_10_11_12_13_14_15_16_17_18_19_20_21_22_23_24_25_26_27_28_29_30_31_32_33_34_35_36_37_38_39_40_41_42_43_44_45_46_47_48_49_50_51_52_53_54_55_56_57_58_59_60_61_62_63_64_65_66_67_68_69_70_71_72_73_74_75_76_77_78_79_80_81_82_83_84_85_86_87_88_89_90_91_92_93_94_95_96_97_98_99_100_101_102_103_104_105_106_107_108_109_110_111_112_113_114_115_116_117_118_119_120_121_122_123_124_125_126_127_128_129_130_131_132_133_134_135_136_137_138_139_140_141_142_143_144_145_146_147_148_149_150_151_152_153_154_155_156_157_158_159_160_161_162_163_164_165_166_167_168_169_170_171_172_173_174_175_176_177_178_179_180_181_182_183_184_185_186_187_188_189_190_191_192_193_194_195_196_197_198_199_200_201_202_203_204_205_206_207_208_209_210_211_212_213_214_215_216_217_218_219_220_221_222_223_224_225_226_227_228_229_230_231_232_233_234_235_236_237_238_239_240_241_242_243_244_245_246_247_248_249_250_251_252_253_254_255_256_257_258_259_260_261_262_263_264_265_266_267_268_269_270_271_272_273_274_275_276_277_278_279_280_281_282_283_284_285_286_287_288  3.01e+08  2.74e+08 238746.52   -833.39  13766.12    718.71     86.70    359.80   6344.66  -1150.78      0.00 0
6928 2212      80_111_175_205_206_226_227_228_235_236_242_243_244_250_251_257_258_263_264_265_269_270_274_275_276  3.06e+08  2.57e+08 -13060.15  28884.70  10299.97    729.85     72.00    114.33   1649.50   6675.78      0.00 0
1936 2212      15_21_22_28  3.07e+08  2.66e+08   6924.73  -1920.40   5568.07    739.05     52.23    344.50   2325.16  -4756.63      0.00 4
8494 2212      0_1_5_6_7_11_12_13_17_18_19_20_24_25_26_27_28_31_32_33_34_35_36_39_40_41_42_43_44_45_47_48_49_50_51_52_53_54_56_57_58_59_60_61_62_63_64_65_66_67_68_69_70_71_72_73_74_75_76_77_78_79_80_82_83_84_85_86_87_88_89_90_91_92_93_94_95_96_97_98_99_100_101_102_103_104_105_106_107_108_109_110_111_112_114_115_116_117_118_119_120_121_122_123_124_125_126_127_128_129_130_131_132_133_134_135_136_137_138_139_140_141_142_143_144_145_146_147_148_149_150_151_152_153_154_155_156_157_158_159_160_161_162_163_164_165_166_167_168_169_170_171_172_173_174_175_176_177_178_179_180_181_182_183_184_185_186_187_188_189_190_191_192_193_194_195_196_197_198_199_200_201_202_203_204_205_206_207_208_209_210_211_212_213_214_215_216_217_218_219_220_221_222_223_224_225_226_227_228_229_230_231_232_233_234_235_236_237_238_239_240_241_242_243_244_245_246_247_248_249_250_251_252_254_255_256_257_258_259_261_262_263_264_265_267_268_269_270_271_273_274_275_276_277_278_279_280_281_282_283_284_285_286_287_288  3.07e+08  2.59e+08 -89260.99 -72981.26  14381.65    754.74     82.89    219.27  -5761.23  -3321.08      0.00 0
8506 2212      0_5_6_11_12_13_17_18_19_20_24_25_26_27_28_31_32_33_34_35_36_39_40_41_42_43_44_47_48_49_50_51_52_53_56_57_58_59_60_61_62_63_64_65_66_67_68_69_70_71_72_73_74_75_76_77_78_79_80_82_83_84_85_86_87_88_89_90_91_92_93_94_95_96_97_98_99_100_101_102_103_104_105_106_107_108_109_110_111_112_114_115_116_117_118_119_120_121_122_123_124_125_126_127_128_129_130_131_132_133_134_135_136_137_138_139_140_141_142_143_144_145_146_147_148_149_150_151_152_153_154_155_156_157_158_159_160_161_162_163_164_165_166_167_168_169_170_171_172_173_174_175_176_177_178_179_180_181_182_183_184_185_186_187_188_189_190_191_192_193_194_195_196_197_198_199_200_201_202_203_204_205_206_207_208_209_210_211_212_213_214_215_216_217_218_219_220_221_222_223_224_225_226_227_228_229_230_231_232_233_234_235_236_237_238_239_240_241_242_243_244_245_246_247_248_249_250_251_252_253_254_255_256_257_258_259_260_261_262_263_264_265_266_267_268_269_270_271_272_273_274_275_276_277_278_279_280_281_282_283_284_285_286_287_288  3.08e+08  2.62e+08 -137060.88 -96578.37  14138.54    828.42     85.18    215.17   -417.67   4047.38      0.00 0
24970 2212      29_30_37_38_45_46_54_55_81  3.09e+08  2.72e+08 -14982.77  -8298.25   8096.03    740.89     64.70    208.98   5307.50  -3158.75      0.00 0
4404 2212      75_84_85_89_90_95_96_105_106_116_117_123_130_131_138_282_284  3.11e+08  2.69e+08    183.98   2057.43   3283.99    719.22     32.17     84.89    -25.03   -480.93      0.00 6
17750 2212      10_16_22_23_29_30_36_37_38_44_45_46_52_53_54_55_78_79_80_81_98_109_110_111_112_113_119_126_133_134_140_141_148_149_155_156_161_162_172_173_174_175_176_177_182_183_188_193_194_202_203_204_205_206_207_211_215_216_220_226_227_228_229_234_235_236_237_242_243_244_245_249_250_251_252_256_257_258_259_262_263_264_265_268_269_270_271_274_275_276_277  3.12e+08  2.59e+08  25694.62 -78845.73  13996.25    689.22     80.42    288.05   5153.77     10.17      0.00 0
6010 2212      225_233_234_241_242_248_249_255_261_262  3.15e+08  2.77e+08  -9476.09  10176.10   7011.75    821.73     63.24    132.96  -1075.38   4238.36      0.00 0
16584 2212      3_8_13_14_20_21_26_27_28_33_34_35_41_42_43_49_50_51_52_56_57_58_59_60_61_62_63_64_65_66_67_68_71_72_73_74_75_76_77_82_83_84_85_86_87_88_89_90_91_92_93_94_95_96_97_98_102_103_104_105_106_107_108_109_114_115_116_117_118_119_120_121_122_123_124_125_126_127_128_129_130_131_132_133_135_136_137_138_139_140_142_143_144_145_146_147_148_150_151_152_153_154_155_157_158_159_160_161_162_165_166_167_168_169_170_171_172_178_179_180_181_182_183_184_185_186_187_188_189_190_191_192_193_197_198_199_200_201_202_203_208_209_210_211_212_213_214_215_216_217_218_219_220_222_223_224_225_231_232_233_239_240_241_246_247_248_249_253_254_255_260_261_262_266_267_272_273_277_278_279_280_281_282_283_284_285_286_287_288  3.15e+08  2.64e+08  20281.71 -50810.73  12469.76    704.93     77.16    291.76  -2346.49   2110.47      0.00 0
12268 2212      0_1_2_3_4_6_7_8_9_10_13_14_15_16_20_21_22_23_27_28_29_30_35_36_37_38_44_45_46_53_54_55_80_81_112_113_177  3.16e+08  2.65e+08 -48952.70 -24236.47  12510.55    697.96     77.10    206.34   5474.21  -3742.94      0.00 0
10634 2212      1_2_3_4_6_7_8_9_10_12_13_14_15_16_18_19_20_21_22_23_24_25_26_27_28_29_32_33_34_35_36_37_39_40_41_42_43_44_47_48_49_50_51_52_56_57_58_59_60_61_62_63_64_65_66_67_68_69_70_71_72_73_74_75_76_77_78_82_83_84_85_86_87_88_89_90_91_92_93_94_95_96_97_98_99_100_101_102_103_104_105_106_107_108_109_114_115_116_117_118_119_120_121_122_123_124_125_126_127_128_129_130_131_132_133_135_136_137_138_139_140_142_143_144_145_146_147_148_150_151_152_153_154_155_157_158_159_160_161_163_164_165_166_167_168_169_170_171_178_179_180_181_182_184_185_186_187_189_190_191_192_195_196_197_198_199_200_201_208_209_212_213_214_217_218_221_222_223_224_230_231_232_238_239_240_246_247_253_277_278_279_280_281_282_283_284_285_286_287_288  3.16e+08  2.71e+08 -52133.47  57374.35  14060.25    651.34     79.72    132.26  -2218.15  -1916.52      0.00 0
22108 2212      3_4_8_9_10_14_15_16_21_22_23_28_29_30_35_36_37_43_44_45_52_53_54_58_59_63_64_67_68_76_77_78_79_85_86_87_91_92_96_97_98_107_108_109_110_111_117_118_119_124_125_126_131_132_133_134_139_140_141_147_148_149_154_155_156_161_162_171_172_173_174_175_182_183_187_188_193_194_202_203_204_205_211_215_216_220_226_227_234_235_236_242_243_250_251_257_258_264_277_278_279_280_288  3.17e+08  2.72e+08   3192.74 -40477.33  10342.04    888.15     75.71    274.51   3071.42  -6190.56      0.00 0
24308 2212      69_99_100_163_164_165_195_196_221_222_223_230_231_238_239_240_246_247_254  3.10e+08  2.56e+08  20691.66  19946.84  10705.66    614.09     69.57     43.95  -5800.17   1659.89      0.00 0
6680 2212      0_1_2_3_4_5_6_7_8_9_10_11_12_13_14_15_16_17_18_19_20_21_22_23_24_25_26_27_28_29_30_31_32_33_34_35_36_37_38_39_40_41_42_43_44_45_46_47_48_49_50_51_52_53_54_55_56_57_58_59_60_61_62_63_64_65_66_67_68_69_70_71_72_73_74_75_76_77_78_79_80_82_83_84_85_86_87_88_89_90_91_92_93_94_95_96_97_98_99_100_101_102_103_104_105_106_107_108_109_110_111_114_115_116_117_118_119_120_121_122_123_124_125_126_127_128_129_130_131_132_133_134_135_136_137_138_139_140_141_142_143_144_145_146_147_148_149_150_151_152_153_154_155_156_157_158_159_160_161_162_163_164_165_166_167_168_169_170_171_172_173_174_178_179_180_181_182_183_184_185_186_187_188_189_190_191_192_193_194_195_196_197_198_199_200_201_202_203_204_208_209_210_211_212_213_214_215_216_217_218_219_220_221_222_223_224_225_226_230_231_232_233_234_238_239_240_241_246_247_248_253_254_260_277_278_279_280_281_282_283_284_285_286_287_288  3.10e+08  2.67e+08 -122229.15  88186.88  13716.71    906.49     84.80    144.19  -6069.78  -1573.34      0.00 0
20878 2212      1_2_3_4_6_7_8_9_10_12_13_14_15_16_18_19_20_21_22_25_26_27_28_29_32_33_34_35_36_40_41_42_43_44_48_49_50_51_52_53_56_57_58_59_60_61_62_63_64_65_66_67_68_70_71_72_73_74_75_76_77_78_82_83_84_85_86_87_88_89_90_91_92_93_94_95_96_97_98_100_101_102_103_104_105_106_107_108_109_110_114_115_116_117_118_119_120_121_122_123_124_125_126_127_128_129_130_131_132_133_134_135_136_137_138_139_140_141_142_143_144_145_146_147_148_149_150_151_152_153_154_155_156_157_158_159_160_161_162_164_165_166_167_168_169_170_171_172_173_178_179_180_181_182_183_184_185_186_187_188_189_190_191_192_193_194_196_197_198_199_200_201_202_203_204_208_209_210_211_212_213_214_215_216_217_218_219_220_221_222_223_224_225_230_231_232_233_234_238_239_240_241_246_247_248_249_253_254_255_260_261_262_266_267_272_273_277_278_279_280_281_282_283_284_285_286_287_288  3.21e+08  2.83e+08 -34247.41  68840.05  12728.80    853.59     80.60    116.45  -2481.27    896.80      0.00 0
9298 2212      0_1_2_5_6_7_11_12_13_17_18_19_20_24_25_26_27_31_32_33_34_35_39_40_41_42_43_47_48_49_50_51_52_56_57_58_59_60_61_62_63_64_65_66_67_68_69_70_71_72_73_74_75_76_77_78_82_83_84_85_86_87_88_89_90_91_92_93_94_95_96_97_98_99_100_101_102_103_104_105_106_107_108_109_110_114_115_116_117_118_119_120_121_122_123_124_125_126_127_128_129_130_131_132_133_134_135_136_137_138_139_140_141_142_143_144_145_146_147_148_149_150_151_152_153_154_155_156_157_158_159_160_161_162_163_164_165_166_167_168_169_170_171_172_173_174_178_179_180_181_182_183_184_185_186_187_188_189_190_191_192_193_194_195_196_197_198_199_200_201_202_203_204_208_209_210_211_212_213_214_215_216_217_218_219_220_221_222_223_224_225_226_227_230_231_232_233_234_235_238_239_240_241_242_243_244_246_247_248_249_250_251_253_254_255_256_257_258_260_261_262_263_264_265_266_267_268_269_270_271_272_273_274_275_276_277_278_279_280_281_282_283_284_285_286_287_288  3.21e+08  2.66e+08 -68425.46 -191948.95  14428.43    728.35     85.95    250.38  -5780.69   3944.83      0.00 0
958 2212      69_99_163_164_195_196_221_222_230_231_238_239_246_247_253_254_260_261_266_267_272_273  3.22e+08  2.82e+08 -19653.57 -35957.56  10957.07    778.44     75.03    241.34  -5187.65   4923.47      0.00 0
23460 2212      2_3_4_7_8_9_10_12_13_14_15_16_19_20_21_22_23_25_26_27_28_29_30_32_33_34_35_36_37_39_40_41_42_43_44_48_49_50_51_52_56_57_58_59_60_61_62_63_64_65_66_67_68_69_70_71_72_73_74_75_76_77_82_83_84_85_86_87_88_89_90_91_92_93_94_95_96_97_99_100_101_102_103_104_105_106_107_114_115_116_117_120_121_122_123_124_127_128_129_130_131_135_136_137_138_142_143_144_145_150_151_152_157_158_163_164_165_166_167_168_178_195_196_197_198_221_222_223_230_231_238_279_280_282_284_285_286_287  3.23e+08  2.69e+08 -46814.89  34300.98  12632.70    712.53     77.72    143.77  -1770.85  -2376.68      0.00 0
6092 2212      0_1_2_3_4_5_6_7_8_9_10_11_12_13_14_15_16_17_18_19_20_21_22_23_24_25_26_27_28_29_30_31_32_33_34_35_36_37_38_39_40_41_42_43_44_45_46_47_48_49_50_51_52_53_54_55_56_57_58_59_60_61_62_63_64_65_66_67_68_69_70_71_72_73_74_75_76_77_78_79_80_82_83_84_85_86_87_88_89_90_91_92_93_94_95_99_100_101_280_282  3.23e+08  2.73e+08 -107414.40  12010.49  14882.52    665.94     82.16    173.62   4487.63  -6061.23      0.00 0
15142 2212      49_60_65_71_72_73_74_82_83_84_88_89_90_93_94_95_102_103_104_105_106_114_115_116_117_120_121_122_123_124_127_128_129_130_131_132_135_136_137_138_139_140_142_143_144_145_146_147_150_151_152_153_154_155_157_158_159_160_161_162_166_167_168_169_170_171_172_173_178_179_180_181_182_183_184_185_186_187_188_189_190_191_192_193_194_198_199_200_201_202_203_204_208_209_210_211_212_213_214_215_216_217_218_219_220_224_225_226_233_234_235_241_242_243_249_250_251_257_258_263_264_265_270_271_276_277_278_281_282_283_284_285_286_287_288  3.25e+08  2.91e+08 -19415.37 -21404.66   9691.70    777.36     71.46    227.79     52.20   1917.06      0.00 0
12890 2212      82_88_89_93_94_95_96_99_100_101_102_103_104_105_106_107_108_114_115_116_117_118_119_120_121_122_123_124_125_126_127_128_129_130_131_132_133_134_135_136_137_138_139_140_141_142_143_144_145_146_147_148_149_150_151_152_153_154_155_156_157_158_159_160_161_162_163_164_165_166_167_168_169_170_171_172_173_178_179_180_181_182_183_184_185_186_187_188_189_190_191_192_193_194_195_196_197_198_199_200_201_202_203_204_208_209_210_211_212_213_214_215_216_217_218_219_220_221_222_223_224_225_230_231_232_233_238_239_240_246_277_278_279_281_283_284_285_286_287_288  3.25e+08  2.82e+08  45397.44  -6760.39  11844.40    701.82     75.53    351.53  -6218.34   1776.27      0.00 0
15750 2212      10_14_15_16_20_21_22_23_26_27_28_29_30_33_34_35_36_37_38_39_40_41_42_43_44_45_46_47_48_49_50_51_52_53_54_55_56_57_58_59_60_61_62_63_64_65_66_67_68_69_70_71_72_73_74_75_76_77_78_79_80_81_82_83_84_85_86_87_88_89_90_91_92_93_94_95_96_97_98_99_100_101_102_103_104_105_106_107_108_109_110_111_112_113_114_115_116_117_118_119_120_121_122_123_124_125_126_127_128_129_130_131_132_133_134_135_136_137_138_139_140_141_142_143_144_145_146_147_148_149_150_151_152_153_154_155_156_157_158_159_160_161_162_163_164_165_166_167_168_169_170_171_172_173_174_175_176_177_178_179_180_181_182_183_184_185_186_187_188_189_190_191_192_193_194_195_196_197_198_199_200_201_202_203_204_205_206_207_208_209_210_211_212_213_214_215_216_217_218_219_220_221_222_223_224_225_226_227_228_229_230_231_232_233_234_235_236_237_238_239_240_241_242_243_244_245_246_247_248_249_250_251_252_253_254_255_256_257_258_259_260_261_262_263_264_265_266_267_268_269_270_271_272_273_274_275_276_277_278_279_280_281_282_283_284_285_286_287_288  3.25e+08  2.63e+08 -186406.84  74406.50  14492.59    726.28     85.87    158.24   6952.80   1878.60      0.00 0
5852 2212      0_1_2_3_4_5_6_7_8_9_10_11_12_13_14_15_16_17_18_19_20_21_22_23_24_25_26_27_28_29_30_31_32_33_34_35_36_37_38_39_40_41_42_43_44_45_46_47_48_49_50_51_52_53_54_55_56_57_58_59_60_61_62_63_64_65_66_67_68_69_70_71_72_73_74_75_76_77_78_79_80_81_82_83_84_85_86_87_88_89_90_91_92_93_94_95_96_97_98_99_100_101_102_103_104_105_106_107_108_109_110_111_112_113_114_115_116_117_118_119_120_121_122_123_124_125_126_127_128_129_130_131_132_133_134_135_136_137_138_139_140_141_142_143_144_145_146_147_148_149_150_151_152_153_154_155_156_157_158_159_160_161_162_163_164_165_166_167_168_169_170_171_172_173_174_175_176_177_178_179_180_181_182_183_184_185_186_187_188_189_190_191_192_193_194_195_196_197_198_199_200_201_202_203_204_205_206_207_208_209_210_211_212_213_214_215_216_217_218_219_220_221_222_223_224_225_226_227_228_229_230_231_232_233_234_235_236_237_238_239_240_241_242_243_244_245_246_247_248_249_250_251_252_253_254_255_256_257_258_259_260_261_262_263_264_265_266_267_268_269_270_271_272_273_274_275_276_277_278_279_280_281_282_283_284_285_286_287_288  3.25e+08  2.64e+08 104573.98 230639.06  13271.70    731.25     87.00     65.61   4443.42   -798.92      0.00 0
9900 2212      0_1_2_3_5_6_7_8_11_12_13_14_17_18_19_20_24_25_26_27_31_32_33_34_39_40_41_42_47_48_49_50_56_60_69_70_71_72_73_82_93_99_100_101_102_103_120_127_142_163_164_165_166_195_196_197_221_222_223_230_231_238_239_246_253  3.26e+08  2.74e+08 -28153.32  54780.44  13001.81    689.24     78.08    117.20  -3882.40  -1858.89      0.00 0
16626 2212      1_6_7_12_13_19_26_33_41  3.28e+08  2.88e+08   1811.30 -16892.99   8385.83    686.68     63.73    276.12  -1816.23  -6035.27      0.00 0
9138 2212      40_48_49_70_71_72_101_102_120_127_135_142_143_150_157_166_167_168_178_184_189_197_198_199_212  3.20e+08  2.73e+08  12204.88  11716.34   7986.45    753.56     64.73     43.83  -3081.15   -434.33      0.00 0
1686 2212      240_247_248_253_254_255_260_261_266  3.20e+08  2.68e+08  13740.88  -9729.09   7858.13    774.57     64.98    324.70  -3664.11   5049.34      0.00 0
14506 2212      82_83_88_89_93_94_103_104_105_114_115_116_120_121_122_127_128_129_135_136_137_142_143_144_150_151_157_284_286_287  3.32e+08  2.84e+08   5040.76   -470.28   4632.56    758.62     47.54    354.67  -1121.67   -276.70      0.00 12
4872 2212      39_40_48_49_70_71_101_102  3.32e+08  2.84e+08  -8409.77  -7773.91   6395.30    827.70     60.82    222.75  -4372.57  -1687.67      0.00 0
3232 2212      43_51_57_58_59_61_62_63_64_66_67_68_75_76_85  3.33e+08  2.83e+08  -3653.66   4787.44   5568.96    667.41     47.24    127.35    327.23  -1808.44      0.00 10
1696 2212      34_41_42_49_50_51_56_60_61_65_70_71_72_73_82_88_93_100_101_102_103_120_127_163_164_165_166_195_196_197_221_222_230  3.34e+08  2.98e+08 -20762.72  14078.56   8735.79    866.69     70.80    145.86  -5659.68    809.72      0.00 0
6084 2212      255_256_257_258_259_261_262_263_264_265_267_268_269_270_271_272_273_274_275_276  3.35e+08  2.90e+08 -34296.77    526.80  10166.88    803.64     73.49    179.12   2867.09   6391.08      0.00 0
6396 2212      220_226_234_235_242_243_244_250_251_252_257_258_259_264_265_271_276  3.36e+08  2.97e+08 -21111.70 -19673.21   9739.57    767.82     71.35    222.98   4315.78   5062.70      0.00 0
24032 2212      48_49_70_71_72_93_101_102_103_104_114_115_120_121_122_127_128_129_135_136_137_142_143_144_145_150_151_152_153_157_158_159_160_165_166_167_168_169_170_178_179_180_181_184_185_186_187_189_190_191_192_193_197_198_199_200_201_202_208_209_210_211_212_213_214_215_216_217_218_219_220_224_225_233_234_242_281_283_285_286_287_288  3.37e+08  2.85e+08  19478.40  13207.71   9810.74    638.42     67.37     34.14  -1713.59    936.86      0.00 0
11080 2212      29_30_36_37_38_42_43_44_45_46_49_50_51_52_53_54_55_56_57_58_59_60_61_62_63_64_65_66_67_68_69_70_71_72_73_74_75_76_77_78_79_80_81_82_83_84_85_86_87_88_89_90_91_92_93_94_95_96_97_98_99_100_101_102_103_104_105_106_107_108_109_110_111_112_113_114_115_116_117_118_119_120_121_122_123_124_125_126_127_128_129_130_131_132_133_134_135_136_137_138_139_140_141_142_143_144_145_146_147_148_149_150_151_152_153_154_155_156_157_158_159_160_161_162_163_164_165_166_167_168_169_170_171_172_173_174_175_176_177_178_179_180_181_182_183_184_185_186_187_188_189_190_191_192_193_194_195_196_197_198_199_200_201_202_203_204_205_206_207_208_209_210_211_212_213_214_215_216_217_218_219_220_221_222_223_224_225_226_227_228_229_230_231_232_233_234_235_236_237_238_239_240_241_242_243_246_247_248_249_250_253_254_255_260_277_278_279_280_281_282_283_284_285_286_287_288  3.38e+08  2.89e+08  68810.04 -19575.09  12781.91    804.18     79.87    344.12   3361.52   -248.22      0.00 0
2260 2212      78_98_109_110_119_125_126_133_134_140_141_147_148_149_155_156_161_162_171_172_173_174_182_183_187_188_193_194_202_203_204_210_211_215_216_219_220_225_226_234_235_242_249_250_277_288  3.39e+08  2.90e+08  -2936.05  14431.13   7240.09    811.79     63.82    101.50   1264.82   2484.58      0.00 0
24384 2212      1_2_3_4_6_7_8_9_10_12_13_14_15_16_19_20_21_22_23_26_27_28_29_30_33_34_35_36_37_38_41_42_43_44_45_46_50_51_52_53_54_55_56_57_58_59_60_61_62_63_64_65_66_67_68_72_73_74_75_76_77_78_79_80_81_82_83_84_85_86_87_88_89_90_91_92_93_94_95_96_97_98_102_103_104_105_106_107_108_109_110_111_112_113_114_115_116_117_118_119_120_121_122_123_124_125_126_127_128_129_130_131_132_133_134_135_136_137_138_139_140_141_142_143_144_145_146_147_148_149_150_151_152_153_154_155_156_157_158_159_160_161_162_166_167_168_169_170_171_172_173_174_175_176_177_178_179_180_181_182_183_184_185_186_187_188_189_190_191_192_193_194_198_199_200_201_202_203_204_205_206_207_208_209_210_211_212_213_214_215_216_217_218_219_220_224_225_226_227_228_229_232_233_234_235_236_237_240_241_242_243_244_245_248_249_250_251_252_255_256_257_258_259_261_262_263_264_265_268_269_270_271_273_274_275_276_277_278_279_280_281_282_283_284_285_286_287_288  3.39e+08  2.69e+08 -22493.70 -207057.98  14710.21    682.28     85.96    263.80   6610.75  -2330.29      0.00 0
13114 2212      0_1_2_3_4_5_6_7_8_9_10_11_12_13_14_15_16_17_18_19_20_21_22_23_24_25_26_27_28_29_30_31_32_33_34_35_36_37_38_39_40_41_42_43_44_45_46_47_48_49_50_51_52_53_54_56_57_58_59_60_61_62_63_64_65_66_67_68_69_70_71_72_73_74_75_76_77_78_79_80_82_83_84_85_86_87_88_89_90_91_92_93_94_95_96_97_98_99_100_101_102_103_104_105_106_107_108_109_110_111_114_115_116_117_118_119_120_121_122_123_124_125_126_127_128_129_130_131_132_133_134_135_136_137_138_139_140_141_142_143_144_145_146_147_148_149_150_151_152_153_154_155_156_157_158_159_160_161_162_163_164_165_166_167_168_169_170_171_172_173_174_178_179_180_181_182_183_184_185_186_187_188_189_190_191_192_193_194_195_196_197_198_199_200_201_202_203_204_205_208_209_210_211_212_213_214_215_216_217_218_219_220_221_222_223_224_225_226_230_231_232_233_234_235_238_239_240_241_242_246_247_248_249_253_254_255_256_260_261_262_266_267_268_272_273_277_278_279_280_281_282_283_284_285_286_287_288  3.41e+08  2.87e+08 -99826.11 148837.31  14010.07    834.91     85.53    123.85  -2516.59  -4909.38      0.00 0
4364 2212      10_14_15_16_20_21_22_23_26_27_28_29_30_33_34_35_36_37_38_41_42_43_44_45_49_50_51_52_53_56_57_58_59_60_61_62_63_64_65_66_67_68_70_71_72_73_74_75_76_77_78_82_83_84_85_86_87_88_89_90_91_92_93_94_95_96_97_98_101_102_103_104_105_106_107_108_114_115_116_117_120_121_122_123_127_128_129_130_135_136_137_142_143_150_165_166_279_280_282_284_286_287  3.44e+08  2.98e+08 -31958.88  15415.13  10699.24    732.23     73.22    154.25     47.00  -2565.39      0.00 0
7584 2212      32_40_41_49_50_71_72_82_93_101_102_103_104_114_120_121_127_128_135_136_142_143_144_150_151_157_158_166_167_168_178_179_184_185_189_190_197_198_199_200_208_212_213_217_218_223_224_232_233_240_241_248_249_255_262_285_286_287  3.45e+08  3.00e+08  -8343.36 -22688.80   9420.28    714.12     68.71    249.81  -2588.52    -19.76      0.00 0
20004 2212      111_175_176_206  3.58e+07  2.98e+07  12529.20   4199.51   7983.94    625.56     58.86     18.53   5030.03     82.03      0.00 1
4866 2212      9_10_15_16  3.61e+07  2.90e+07  12660.54   1903.43   7394.69    702.90     59.99      8.55   3686.88  -5980.82      0.00 0
16756 2212      4_9_10_15_16_22_23_28_29_30_36_37_38_43_44_45_52_53_54_59_63_64_68_76_77_78_79_85_86_87_91_92_96_97_98_107_108_109_110_111_117_118_119_123_124_125_126_131_132_133_134_138_139_140_141_146_147_148_149_153_154_155_156_160_161_162_170_171_172_173_174_180_181_182_183_186_187_188_191_192_193_194_201_202_203_204_209_210_211_214_215_216_218_219_220_225_226_234_277_278_279_280_281_288  3.61e+07  3.00e+07 -21954.99  38569.36  10744.94    871.61     76.39    119.65   4196.09  -4401.79      0.00 0
3418 2212      248_249_255_256_262_263  3.66e+07  3.17e+07 -15360.20  -6906.37   8287.01    698.27     63.80    204.21   -705.38   4749.60      0.00 0
10214 2212      0_1_2_3_4_6_7_8_9_10_12_13_14_15_16_19_20_21_22_23_26_27_28_29_30_33_34_35_36_37_38_41_42_43_44_45_46_50_51_52_53_54_55_56_57_58_59_60_61_62_63_64_65_66_67_68_72_73_74_75_76_77_78_79_80_81_82_83_84_85_86_87_88_89_90_91_92_93_94_95_96_97_98_103_104_105_106_107_108_109_110_111_112_113_114_115_116_117_118_119_120_121_122_123_124_125_126_127_128_129_130_131_132_133_134_135_136_137_138_139_140_141_142_143_144_145_146_147_148_149_150_151_152_153_154_155_156_157_158_159_160_161_162_167_168_169_170_171_172_173_174_175_176_177_178_179_180_181_182_183_184_185_186_187_188_189_190_191_192_193_194_198_199_200_201_202_203_204_205_206_207_208_209_210_211_212_213_214_215_216_217_218_219_220_225_226_227_228_229_233_234_235_236_237_241_242_243_244_245_249_250_251_252_256_257_258_259_262_263_264_265_269_270_271_274_275_276_277_278_279_280_281_282_283_284_285_286_287_288  3.66e+07  2.94e+07  24235.22 141931.02  15158.87    685.35     83.99     80.31   4240.50  -2476.84      0.00 0
12636 2212      0_1_2_3_4_5_6_7_8_9_10_11_12_13_14_15_16_17_18_19_20_21_22_23_24_25_26_27_28_29_30_31_32_33_34_35_36_37_38_39_40_41_42_43_44_45_46_47_48_49_50_51_52_53_54_55_56_57_58_59_60_61_62_63_64_65_66_67_68_69_70_71_72_73_74_75_76_77_78_79_80_81_82_83_84_85_86_87_88_89_90_91_92_93_94_95_96_97_98_99_100_101_102_103_104_105_106_107_108_109_110_111_112_113_114_115_116_117_118_119_120_121_122_123_124_125_126_127_128_129_130_131_132_133_134_135_136_137_138_139_140_141_142_143_144_145_146_147_148_149_150_151_152_153_154_155_156_157_158_159_160_161_162_163_164_165_166_167_168_169_170_171_172_173_174_175_176_177_178_179_180_181_182_183_184_185_186_187_188_189_190_191_192_193_194_195_196_197_198_199_200_201_202_203_204_205_206_207_208_209_210_211_212_213_214_215_216_217_218_219_220_221_222_223_224_225_226_227_228_229_230_231_232_233_234_235_236_237_238_239_240_241_242_243_244_245_246_247_248_249_250_251_252_253_254_255_256_257_258_259_260_261_262_263_264_265_266_267_268_269_270_271_272_273_274_275_276_277_278_279_280_281_282_283_284_285_286_287_288  3.66e+07  2.83e+07 -169381.34 106211.53  14295.90    754.71     85.91    147.91  -4242.15   3121.86      0.00 0
16352 2212      3_4_9_10_15_16_22_23_29_30_37_38_45_46_53_54_55_80_81_111_112_113_176_177_206_207_229  3.67e+07  3.37e+07 -22195.95 -37278.42  11609.00    705.88     75.02    239.23   5203.73  -3525.33      0.00 0
812 2212      78_87_92_98_108_109_118_119_125_126_132_133_134_140_141_148_149_156  3.70e+07  3.08e+07  -7117.88   4810.12   6646.90    639.67     52.27    145.95   1559.13   -512.48      0.00 10
20212 2212      242_243_250_251_257_258_264_265  3.72e+07  3.13e+07 -15719.30  -8407.44   8930.70    627.18     63.39    208.14   2664.61   4337.28      0.00 0
5124 2212      258_264_269_270_275  3.79e+07  3.02e+07 -13178.47  14107.47   9195.73    627.69     64.53    133.05   1605.62   6982.77      0.00 0
19366 2212      11_17_18_24_25_26_31_32_33_34_40_41_42_43_48_49_50_51_56_57_58_59_60_61_62_63_64_65_66_67_68_71_72_73_74_75_76_77_78_82_83_84_85_86_87_88_89_90_91_92_93_94_95_96_97_98_102_103_104_105_106_107_108_109_110_114_115_116_117_118_119_120_121_122_123_124_125_126_127_128_129_130_131_132_133_134_135_136_137_138_139_140_141_142_143_144_145_146_147_148_149_150_151_152_153_154_155_156_157_158_159_160_161_162_166_167_168_169_170_171_172_173_174_175_178_179_180_181_182_183_184_185_186_187_188_189_190_191_192_193_194_198_199_200_201_202_203_204_205_208_209_210_211_212_213_214_215_216_217_218_219_220_224_225_226_227_228_233_234_235_236_237_241_242_243_244_245_249_250_251_252_257_258_259_264_265_270_271_276_277_278_279_280_281_282_283_284_285_286_287_288  3.79e+07  2.95e+07 -39645.17 -41602.45  13510.61    587.79     76.77    226.38    776.28   1087.52      0.00 0
2798 2212      99_100_101_163_164_165_166_167_178_184_189_190_195_196_197_198_199_200_208_209_212_213_214_217_218_219_222_223_224_225_231_232_233_234  3.70e+07  3.39e+07 -26586.26  -9190.73  10344.26    654.36     69.81    199.07  -4016.43   1071.70      0.00 0
13560 2212      0_1_5_6_7_11_12_13_17_18_19_20_24_25_26_27_31_32_33_34_35_40_41_42_43_48_49_50_51_52_56_57_58_59_60_61_62_63_64_65_66_67_68_70_71_72_73_74_75_76_77_78_82_83_84_85_86_87_88_89_90_91_92_93_94_95_96_97_98_101_102_103_104_105_106_107_108_109_114_115_116_117_118_119_120_121_122_123_124_125_126_127_128_129_130_131_132_133_134_135_136_137_138_139_140_141_142_143_144_145_146_147_148_149_150_151_152_153_154_155_156_157_158_159_160_161_162_165_166_167_168_169_170_171_172_173_174_178_179_180_181_182_183_184_185_186_187_188_189_190_191_192_193_194_196_197_198_199_200_201_202_203_204_208_209_210_211_212_213_214_215_216_217_218_219_220_223_224_225_226_231_232_233_234_235_239_240_241_242_243_247_248_249_250_251_254_255_256_257_258_261_262_263_264_265_267_268_269_270_271_272_273_274_275_276_277_278_279_280_281_282_283_284_285_286_287_288  3.85e+07  3.30e+07 -23037.65 -80025.47  14324.31    646.47     80.24    253.94   -517.55   3249.15      0.00 0
24556 2212      78_87_98_109  3.87e+07  3.19e+07   4741.60   2144.90   5625.89    613.06     42.77     24.34   1762.41   -625.01      0.00 16
3480 2212      3_4_8_9_14_15_20_21_27_28_34_35_42_43_50_51_56_57_58_59_60_61_62_63_64_65_66_67_68_72_73_74_75_76_77_82_83_84_85_86_88_89_90_91_93_94_95_96_97_102_103_104_105_106_107_114_115_116_117_120_121_122_123_127_128_129_130_131_135_136_137_138_142_143_144_145_150_151_152_153_157_158_159_166_167_168_169_178_179_184_185_189_190_197_198_199_212_224_232_279_280_282_283_284_285_286_287  3.86e+07  3.11e+07 -16514.41  30114.25  10927.94    677.03     72.35    118.74   -426.69  -2361.82      0.00 0
10726 2212      24_25_26_27_31_32_33_34_39_40_41_42_47_48_49  3.89e+07  3.18e+07 -30794.56   4552.84  10174.62    739.78     71.90    171.59  -6268.89  -2823.81      0.00 0
14352 2212      47_69_70_71_72_73_74_82_83_84_88_89_90_91_93_94_95_96_97_98_99_100_101_102_103_104_105_106_107_108_109_114_115_116_117_118_119_120_121_122_123_124_125_126_127_128_129_130_131_132_133_134_135_136_137_138_139_140_141_142_143_144_145_146_147_148_149_150_151_152_153_154_155_156_157_158_159_160_161_162_163_164_165_166_167_168_169_170_171_172_173_174_175_178_179_180_181_182_183_184_185_186_187_188_189_190_191_192_193_194_195_196_197_198_199_200_201_202_203_204_205_206_207_208_209_210_211_212_213_214_215_216_217_218_219_220_221_222_223_224_225_226_227_228_229_230_231_232_233_234_235_236_237_239_240_241_242_243_244_245_247_248_249_250_251_252_255_256_257_258_259_262_263_264_265_269_270_271_276_277_278_279_281_282_283_284_285_286_287_288  3.89e+07  3.16e+07 -71527.56 -24768.64  13715.11    688.07     79.73    199.10   5242.82   4321.95      0.00 0
23606 2212      23_29_30_37_45_53_79  3.80e+07  3.34e+07   7437.56 -16855.24   8395.96    730.18     65.50    293.81   4286.46  -3604.05      0.00 0
6700 2212      57_58_59_61_62_63_66_67_68_74_75_76_77_84_85_86_90_91_96_280_282  3.91e+07  3.19e+07  -4888.95  -1297.20   4628.42    759.03     47.54    194.86     84.52  -1165.61      0.00 86
4384 2212      0_1_6_12_13_18_19_25_26_33_34_41_42_49_50_56_57_60_61_65_66_71_72_73_74_82_83_84_88_89_93_94_95_102_103_104_105_114_115_116_120_121_122_127_128_129_130_135_136_137_142_143_144_145_150_151_152_157_158_159_166_167_168_169_178_179_180_184_185_189_190_191_197_198_199_200_208_209_212_213_217_218_224_232_233_240_241_248_282_283_284_285_286_287  3.92e+07  3.24e+07   3478.64  34246.62  10465.02    752.89     73.09     84.20  -1998.81   -904.50      0.00 0
12708 2212      23_29_30_36_37_38_43_44_45_51_52_53_54_57_58_59_61_62_63_64_66_67_68_74_75_76_77_78_79_83_84_85_86_87_89_90_91_92_94_95_96_97_98_105_106_107_108_109_110_115_116_117_118_119_122_123_124_125_126_130_131_132_133_134_137_138_139_140_141_145_146_147_278_279_280_282_284  3.98e+07  3.30e+07  25374.20 -16490.80  10895.04    614.24     70.20    326.98   4253.00  -3329.27      0.00 0
14392 2212      0_1_2_5_6_7_8_11_12_13_14_17_18_19_20_21_24_25_26_27_28_31_32_33_34_35_36_39_40_41_42_43_44_47_48_49_50_51_52_53_56_57_58_59_60_61_62_63_64_65_66_67_68_69_70_71_72_73_74_75_76_77_78_79_82_83_84_85_86_87_88_89_90_91_92_93_94_95_96_97_98_99_100_101_102_103_104_105_106_107_108_109_110_111_114_115_116_117_118_119_120_121_122_123_124_125_126_127_128_129_130_131_132_133_134_135_136_137_138_139_140_141_142_143_144_145_146_147_148_149_150_151_152_153_154_155_156_157_158_159_160_161_162_163_164_165_166_167_168_169_170_171_172_173_174_175_178_179_180_181_182_183_184_185_186_187_188_189_190_191_192_193_194_195_196_197_198_199_200_201_202_203_204_205_206_208_209_210_211_212_213_214_215_216_217_218_219_220_221_222_223_224_225_226_227_228_230_231_232_233_234_235_236_237_238_239_240_241_242_243_244_245_246_247_248_249_250_251_252_253_254_255_256_257_258_259_260_261_262_263_264_265_266_267_268_269_270_271_272_273_274_275_276_277_278_279_280_281_282_283_284_285_286_287_288  4.01e+07  3.16e+07 -102385.79 -165971.03  15005.27    671.06     85.60    238.33  -1999.98   5212.89      0.00 0
9002 2212      2_3_4_7_8_9_10_12_13_14_15_19_20_21_22_25_26_27_28_32_33_34_35_40_41_42_43_48_49_50_51_56_57_60_61_62_65_66_69_70_71_72_73_74_82_83_88_93_99_100_101_102_103_104_114_120_127_163_164_165_166_195_196_197_221_222_230_287  4.02e+07  3.30e+07 -35853.87  31799.00  12322.54    655.20     75.58    138.43  -3219.77  -1774.77      0.00 0
12978 2212      5_11_12_17_18_24_25_26_31_32_33_34_40_41_42_49_50_51_56_57_58_59_60_61_62_63_65_66_67_68_71_72_73_74_75_76_77_82_83_84_85_86_88_89_90_91_92_93_94_95_96_97_98_102_103_104_105_106_107_108_114_115_116_117_118_119_120_121_122_123_124_125_126_127_128_129_130_131_132_133_135_136_137_138_139_140_141_142_143_144_145_146_147_148_149_150_151_152_153_154_155_156_157_158_159_160_161_162_166_167_168_169_170_171_172_173_178_179_180_181_182_183_184_185_186_187_188_189_190_191_192_193_194_198_199_200_201_202_203_204_208_209_210_211_212_213_214_215_216_217_218_219_220_225_226_233_234_242_250_277_278_279_280_281_282_283_284_285_286_287_288  4.04e+07  3.39e+07 -24318.42 -32213.10  10603.76    832.56     75.28    232.95  -4258.93  -4500.67      0.00 0
14438 2212      0_1_2_5_6_7_8_11_12_13_14_15_17_18_19_20_21_22_24_25_26_27_28_29_30_31_32_33_34_35_36_37_38_39_40_41_42_43_44_45_46_47_48_49_50_51_52_53_54_55_56_57_58_59_60_61_62_63_64_65_66_67_68_69_70_71_72_73_74_75_76_77_78_79_80_81_82_83_84_85_86_87_88_89_90_91_92_93_94_95_96_97_98_99_100_101_102_103_104_105_106_107_108_109_110_111_112_113_114_115_116_117_118_119_120_121_122_123_124_125_126_127_128_129_130_131_132_133_134_135_136_137_138_139_140_141_142_143_144_145_146_147_148_149_150_151_152_153_154_155_156_157_158_159_160_161_162_163_164_165_166_167_168_169_170_171_172_173_174_175_176_177_178_179_180_181_182_183_184_185_186_187_188_189_190_191_192_193_194_195_196_197_198_199_200_201_202_203_204_205_206_207_208_209_210_211_212_213_214_215_216_217_218_219_220_221_222_223_224_225_226_227_228_229_230_231_232_233_234_235_236_237_238_239_240_241_242_243_244_245_246_247_248_249_250_251_252_254_255_256_257_258_259_261_262_263_264_265_268_269_270_271_274_275_276_277_278_279_280_281_282_283_284_285_286_287_288  4.06e+07  3.48e+07 -113649.41 -72263.31  15725.72    608.47     83.34    212.45  -2489.87  -1296.91      0.00 0
7726 2212      144_145_152_158_159_168_169_179_180_184_185_190_283_285  4.09e+07  3.49e+07   1308.80  -3027.35   3796.77    755.53     40.98    293.38   -515.39    482.10      0.00 38
21864 2212      23_28_29_30_35_36_37_38_41_42_43_44_45_46_49_50_51_52_53_54_55_56_57_58_59_60_61_62_63_64_65_66_67_68_70_71_72_73_74_75_76_77_78_79_80_81_82_83_84_85_86_87_88_89_90_91_92_93_94_95_96_97_98_100_101_102_103_104_105_106_107_108_109_110_111_112_113_114_115_116_117_118_119_120_121_122_123_124_125_126_127_128_129_130_131_132_133_134_135_136_137_138_139_140_141_142_143_144_145_146_147_148_149_150_151_152_153_154_155_156_157_158_159_160_161_162_163_164_165_166_167_168_169_170_171_172_173_174_175_178_179_180_181_182_183_184_185_186_187_188_189_190_191_192_193_194_195_196_197_198_199_200_201_202_203_204_205_208_209_210_211_212_213_214_215_216_217_218_219_220_221_222_223_224_225_230_231_232_277_278_279_280_281_282_283_284_285_286_287_288  4.12e+07  3.60e+07  52502.85 -14945.92  12743.38    663.84     76.86    344.11   5344.75  -2260.79      0.00 0
11790 2212      56_60_65_73_82  4.15e+07  3.59e+07   2853.38  -2015.82   4414.16    672.52     38.36    324.76   -973.42  -1230.96      0.00 35
21224 2212      0_1_2_3_4_5_6_7_8_9_10_11_12_13_14_15_16_17_18_19_20_21_22_23_24_25_26_27_28_29_30_31_32_33_34_35_36_37_38_39_40_41_42_43_44_45_46_47_48_49_50_51_52_53_54_56_57_58_59_60_61_62_63_64_65_66_67_68_69_70_71_72_73_74_75_76_77_78_79_80_82_83_84_85_86_87_88_89_90_91_92_93_94_95_96_97_98_99_100_101_102_103_104_105_106_107_108_109_110_111_112_114_115_116_117_118_119_120_121_122_123_124_125_126_127_128_129_130_131_132_133_134_135_136_137_138_139_140_141_142_143_144_145_146_147_148_149_150_151_152_153_154_155_156_157_158_159_160_161_162_163_164_165_166_167_168_169_170_171_172_173_174_175_176_178_179_180_181_182_183_184_185_186_187_188_189_190_191_192_193_194_195_196_197_198_199_200_201_202_203_204_205_206_208_209_210_211_212_213_214_215_216_217_218_219_220_221_222_223_224_225_226_227_228_230_231_232_233_234_235_236_237_238_239_240_241_242_243_244_245_246_247_248_249_250_251_252_253_254_255_256_257_258_259_260_261_262_263_264_265_266_267_268_269_270_271_272_273_274_275_276_277_278_279_280_281_282_283_284_285_286_287_288  4.18e+07  3.31e+07  24708.56 244098.69  14404.36    621.78     86.64     84.22  -4906.58  -2746.21      0.00 0
22512 2212      71_102_103_114_120_127_128_135_136_142_143_144_150_151_152_157_158_166_167_168_169_178_179_180_184_185_186_189_190_191_198_199_200_201_208_209_210_212_213_214_217_218_219_224_225_232_233_234_241_242_248_249_250_256_257_262_263_264_269_270_274_275_276_281_283_285_286  4.24e+07  3.44e+07 -17468.52 -29810.12  10149.35    811.81     73.63    239.63   -230.81   3645.64      0.00 0
15812 2212      0_1_2_5_6_7_8_11_12_13_14_18_19_20_21_25_26_27_28_33_34_35_36_41_42_43_44_45_50_51_52_53_56_57_58_59_60_61_62_63_64_65_66_67_68_72_73_74_75_76_77_78_79_80_82_83_84_85_86_87_88_89_90_91_92_93_94_95_96_97_98_103_104_105_106_107_108_109_110_111_114_115_116_117_118_119_120_121_122_123_124_125_126_127_128_129_130_131_132_133_134_135_136_137_138_139_140_141_142_143_144_145_146_147_148_149_150_151_152_153_154_155_156_157_158_159_160_161_162_167_168_169_170_171_172_173_174_175_176_178_179_180_181_182_183_184_185_186_187_188_189_190_191_192_193_194_199_200_201_202_203_204_205_206_208_209_210_211_212_213_214_215_216_217_218_219_220_225_226_227_228_229_234_235_236_237_242_243_244_245_250_251_252_257_258_259_264_265_270_271_276_277_278_279_280_281_282_283_284_285_286_287_288  4.26e+07  3.44e+07 -36911.71 -55619.76  13751.10    625.48     78.36    236.43   -183.34  -3294.59      0.00 0
3674 2212      103_114_120_121_127_128_135_136_142_143_144_150_151_157_158_166_167_168_178_179_184_189_190_197_198_199_208_212_217_223_224_231_232_233_239_240_246_247_248_253_254_255_260_261_266_267_272_285_286  4.27e+07  3.51e+07  15910.63 -31995.65  10693.32    737.51     73.34    296.44  -3625.81   4699.80      0.00 0
12988 2212      205_227_235_243  4.33e+07  3.68e+07   5304.51  -9593.27   6913.92    705.71     57.76    298.94   3376.49   2101.39      0.00 0
19630 2212      174_205_227_236  4.33e+07  3.56e+07  -5670.01  -8681.21   6334.12    781.60     58.58    236.85   3386.70   1358.85      0.00 0
4070 2212      0_1_2_3_4_5_6_7_8_9_10_11_12_13_14_15_16_17_18_19_20_21_22_23_24_25_26_27_28_29_30_31_32_33_34_35_36_37_38_39_40_41_42_43_44_45_46_48_49_50_51_52_53_54_55_56_57_58_59_60_61_62_63_64_65_66_67_68_70_71_72_73_74_75_76_77_78_79_80_81_82_83_84_85_86_87_88_89_90_91_92_93_94_95_96_97_98_101_102_103_104_105_106_107_108_109_110_111_112_113_114_115_116_117_118_119_120_121_122_123_124_125_126_127_128_129_130_131_132_133_134_135_136_137_138_139_140_141_142_143_144_145_146_147_148_149_150_151_152_153_154_155_156_157_158_159_160_161_162_165_166_167_168_169_170_171_172_173_174_175_176_177_178_179_180_181_182_183_184_185_186_187_188_189_190_191_192_193_194_197_198_199_200_201_202_203_204_205_206_207_208_209_210_211_212_213_214_215_216_217_218_219_220_223_224_225_226_227_228_229_231_232_233_234_235_236_237_240_241_242_243_244_245_247_248_249_250_251_252_254_255_256_257_258_259_261_262_263_264_265_267_268_269_270_271_273_274_275_276_277_278_279_280_281_282_283_284_285_286_287_288  4.33e+07  3.56e+07  68938.67 242492.91  13035.62    767.24     87.04     74.13   5918.93  -3754.88      0.00 0
11804 2212      1_7_13_19_20_26_27_33_34_41_42_50_60_72_82  4.34e+07  3.55e+07  -2318.01  23556.25   9592.16    674.44     67.94     95.62  -1415.63  -3764.74      0.00 0
17656 2212      0_1_2_3_4_5_6_7_8_9_10_11_12_13_14_15_16_17_18_19_20_21_22_23_24_25_26_27_28_29_30_32_33_34_35_36_37_38_39_40_41_42_43_44_45_46_48_49_50_51_52_53_54_55_56_57_58_59_60_61_62_63_64_65_66_67_68_69_70_71_72_73_74_75_76_77_78_79_80_81_82_83_84_85_86_87_88_89_90_91_92_93_94_95_96_97_98_100_101_102_103_104_105_106_107_108_109_110_111_112_113_114_115_116_117_118_119_120_121_122_123_124_125_126_127_128_129_130_131_132_133_134_135_136_137_138_139_140_141_142_143_144_145_146_147_148_149_150_151_152_153_154_155_156_157_158_159_160_161_162_163_164_165_166_167_168_169_170_171_172_173_174_175_176_177_178_179_180_181_182_183_184_185_186_187_188_189_190_191_192_193_194_195_196_197_198_199_200_201_202_203_204_205_206_207_208_209_210_211_212_213_214_215_216_217_218_219_220_221_222_223_224_225_226_227_228_229_230_231_232_233_234_235_236_237_238_239_240_241_242_243_244_245_246_247_248_249_250_251_252_253_254_255_256_257_258_259_260_261_262_263_264_265_266_267_268_269_270_271_272_273_274_275_276_277_278_279_280_281_282_283_284_285_286_287_288  4.35e+07  3.46e+07 -75140.49 140136.42  15787.27    610.63     84.33    118.20  -1149.72   3435.15      0.00 0
16960 2212      106_116_117_122_123_124_129_130_131_132_136_137_138_139_143_144_145_146_147_151_152_153_154_157_158_159_160_161_167_168_169_170_171_178_179_180_181_184_185_186_187_189_190_191_192_198_199_200_201_208_209_210_212_213_214_217_218_224_278_281_283_285_288  4.41e+07  3.85e+07   8058.12  -8488.52   7288.05    675.93     58.09    313.51   -476.31    717.55      0.00 0
22416 2212      226_234_235_242_243_249_250_256_257_262_263_264_268_269_274_275  4.42e+07  3.54e+07 -12848.77  27781.82  11013.94    603.89     70.21    114.82    362.57   6718.09      0.00 0
10526 2212      31_32_33_39_40_41_42_43_44_45_46_47_48_49_50_51_52_53_54_55_56_57_58_59_60_61_62_63_64_65_66_67_68_69_70_71_72_73_74_75_76_77_78_79_80_81_82_83_84_85_86_87_88_89_90_91_92_93_94_95_96_97_98_99_100_101_102_103_104_105_106_107_108_109_110_111_112_113_114_115_116_117_118_119_120_121_122_123_124_125_126_127_128_129_130_131_132_133_134_135_136_137_138_139_140_141_142_143_144_145_146_147_148_149_150_151_152_153_154_155_156_157_158_159_160_161_162_163_164_165_166_167_168_169_170_171_172_173_174_175_176_177_178_179_180_181_182_183_184_185_186_187_188_189_190_191_192_193_194_195_196_197_198_199_200_201_202_203_204_205_206_207_208_209_210_211_212_213_214_215_216_217_218_219_220_221_222_223_224_225_226_227_228_229_230_231_232_233_234_235_236_237_238_239_240_241_242_243_244_245_246_247_248_249_250_251_252_253_254_255_256_257_258_259_260_261_262_263_264_265_266_267_268_269_270_271_272_273_274_275_276_277_278_279_280_281_282_283_284_285_286_287_288  4.42e+07  3.82e+07 -145315.73 -14171.52  15010.90    705.92     84.13    185.57  -1494.29   3438.97      0.00 0
10518 2212      16_22_23_28_29_30_35_36_37_38_43_44_45_46_51_52_53_54_56_57_58_59_60_61_62_63_64_65_66_67_68_72_73_74_75_76_77_78_79_80_82_83_84_85_86_87_88_89_90_91_92_93_94_95_96_97_98_102_103_104_105_106_107_108_109_110_111_114_115_116_117_118_119_120_121_122_123_124_125_126_127_128_129_130_131_132_133_134_135_136_137_138_139_140_141_142_143_144_145_146_147_148_149_150_151_152_153_154_155_156_157_158_159_160_161_162_166_167_168_169_170_171_172_173_174_178_179_180_181_182_183_184_185_186_187_188_189_190_191_192_193_194_197_198_199_200_201_202_203_204_208_209_210_211_212_213_214_215_216_217_218_219_220_222_223_224_225_231_232_233_238_239_240_246_247_277_278_279_280_281_282_283_284_285_286_287_288  4.43e+07  3.50e+07 -38121.50  25520.12  12722.29    580.76     74.50    146.20    347.19   -335.76      0.00 0
3610 2212      0_1_2_3_5_6_7_8_9_11_12_13_14_15_17_18_19_20_21_24_25_26_27_28_31_32_33_34_35_36_39_40_41_42_43_44_48_49_50_51_52_56_57_58_59_60_61_62_63_64_65_66_67_68_70_71_72_73_74_75_76_77_78_82_83_84_85_86_87_88_89_90_91_92_93_94_95_96_97_98_100_101_102_103_104_105_106_107_108_109_110_114_115_116_117_118_119_120_121_122_123_124_125_126_127_128_129_130_131_132_133_134_135_136_137_138_139_140_141_142_143_144_145_146_147_148_149_150_151_152_153_154_155_156_157_158_159_160_161_162_164_165_166_167_168_169_170_171_172_173_174_178_179_180_181_182_183_184_185_186_187_188_189_190_191_192_193_194_196_197_198_199_200_201_202_203_204_208_209_210_211_212_213_214_215_216_217_218_219_220_222_223_224_225_226_230_231_232_233_234_238_239_240_241_242_246_247_248_249_250_253_254_255_256_257_260_261_262_263_266_267_268_269_272_273_274_275_277_278_279_280_281_282_283_284_285_286_287_288  4.49e+07  3.58e+07  -7932.07  92145.58  15095.50    589.76     80.73     94.92  -2409.31   6850.30      0.00 0
18210 2212      0_1_2_3_4_5_6_7_8_9_10_11_12_13_14_15_16_17_18_19_20_21_22_23_24_25_26_27_28_29_30_31_32_33_34_35_36_37_38_39_40_41_42_43_44_45_46_47_48_49_50_51_52_53_54_56_57_58_59_60_61_62_63_64_65_66_67_68_69_70_71_72_73_74_75_76_77_78_79_82_83_84_85_86_87_88_89_90_91_92_93_94_95_96_97_98_99_100_101_102_103_104_105_106_107_108_109_110_111_114_115_116_117_118_119_120_121_122_123_124_125_126_127_128_129_130_131_132_133_134_135_136_137_138_139_140_141_142_143_144_145_146_147_148_149_150_151_152_153_154_155_156_157_158_159_160_161_162_163_164_165_166_167_168_169_170_171_172_173_174_178_179_180_181_182_183_184_185_186_187_188_189_190_191_192_193_194_195_196_197_198_199_200_201_202_203_204_208_209_210_211_212_213_214_215_216_217_218_219_220_221_222_223_224_225_230_231_232_233_238_239_240_246_247_253_277_278_279_280_281_282_283_284_285_286_287_288  4.50e+07  3.77e+07 -122529.50  92769.23  15096.20    696.05     84.39    142.87  -2161.00  -4814.58      0.00 0
3566 2212      104_105_114_115_120_121_122_128_129_135_136_137_143_144_150_151_152_157_158_168_284_285_286_287  4.40e+07  3.52e+07   3585.00  -2346.86   5287.58    605.97     39.02    326.79   -806.09    -48.76      0.00 26
10900 2212      43_51_52_57_58_59_62_63_64_67_68_76_77_78_85_86_87_91_92_97_98_108_109_110_119_125_126_133_134_141_149_174_279_280  4.55e+07  3.75e+07 -13621.61 -11971.09   8899.64    640.17     63.86    221.31   1170.42  -1483.52      0.00 0
4632 2212      0_1_2_3_6_7_8_12_13_14_15_19_20_21_26_27_28_29_34_35_36_42_43_44_45_51_52_53_56_57_58_59_60_61_62_63_64_65_66_67_68_73_74_75_76_77_78_79_80_82_83_84_85_86_87_88_89_90_91_92_94_95_96_97_98_104_105_106_107_108_109_110_111_115_116_117_118_119_121_122_123_124_125_126_129_130_131_132_133_134_137_138_139_140_141_144_145_146_147_148_149_152_153_154_155_156_159_160_161_162_169_170_171_172_173_174_175_176_180_181_182_183_186_187_188_191_192_193_194_201_202_203_204_205_206_210_211_214_215_216_219_220_226_227_228_229_234_235_236_237_243_244_245_250_251_252_258_259_264_265_271_276_277_278_279_280_281_282_283_284_287_288  4.61e+07  3.84e+07  27963.84  51653.38  13301.63    624.38     77.24     61.57   4180.54   2702.00      0.00 0
15218 2212      0_5_6_11_12_13_14_17_18_19_20_21_24_25_26_27_28_29_31_32_33_34_35_36_37_39_40_41_42_43_44_45_46_47_48_49_50_51_52_53_54_55_56_57_58_59_60_61_62_63_64_65_66_67_68_69_70_71_72_73_74_75_76_77_78_79_80_81_82_83_84_85_86_87_88_89_90_91_92_93_94_95_96_97_98_99_100_101_102_103_104_105_106_107_108_109_110_111_112_113_114_115_116_117_118_119_120_121_122_123_124_125_126_127_128_129_130_131_132_133_134_135_136_137_138_139_140_141_142_143_144_145_146_147_148_149_150_151_152_153_154_155_156_157_158_159_160_161_162_163_164_165_166_167_168_169_170_171_172_173_174_175_176_177_178_179_180_181_182_183_184_185_186_187_188_189_190_191_192_193_194_195_196_197_198_199_200_201_202_203_204_205_206_207_208_209_210_211_212_213_214_215_216_217_218_219_220_221_222_223_224_225_226_227_228_229_230_231_232_233_234_235_236_237_238_239_240_241_242_243_244_245_246_247_248_249_250_251_252_253_254_255_256_257_258_259_260_261_262_263_264_265_266_267_268_269_270_271_272_273_274_275_276_277_278_279_280_281_282_283_284_285_286_287_288  4.61e+07  3.75e+07 171995.12  79545.77  15379.88    634.41     85.36     24.82  -7336.54     73.80      0.00 0
19656 2212      39_47_48_69_70_99_100_101_163_164_165_166_195_196_197_221_222_223_224_230_231_232_233_238_239_240_241_246_247_248_249_253_254_255_256_257_260_261_262_263_266_267_268_269_270_272_273_274_275  4.65e+07  3.93e+07 -46276.48 -56438.26  13382.06    719.11     79.61    230.65  -3502.38   4552.99      0.00 0
8234 2212      0_1_2_3_4_5_6_7_8_9_10_11_12_13_14_15_16_17_18_19_20_21_22_23_24_25_26_27_28_29_30_31_32_33_34_35_36_37_38_39_40_41_42_43_44_45_46_47_48_49_50_51_52_53_54_55_56_57_58_59_60_61_62_63_64_65_66_67_68_69_70_71_72_73_74_75_76_77_78_79_80_81_82_83_84_85_86_87_88_89_90_91_92_93_94_95_96_97_98_99_100_101_102_103_104_105_106_107_108_109_110_111_112_113_114_115_116_117_118_119_120_121_122_123_124_125_126_127_128_129_130_131_132_133_134_135_136_137_138_139_140_141_142_143_144_145_146_147_148_149_150_151_152_153_154_155_156_157_158_159_160_161_162_163_164_165_166_167_168_169_170_171_172_173_174_175_176_177_178_179_180_181_182_183_184_185_186_187_188_189_190_191_192_193_194_195_196_197_198_199_200_201_202_203_204_205_206_207_208_209_210_211_212_213_214_215_216_217_218_219_220_221_222_223_224_225_226_227_228_229_230_231_232_233_234_235_236_237_238_239_240_241_242_243_244_245_246_247_248_249_250_277_278_279_280_281_282_283_284_285_286_287_288  4.66e+07  3.83e+07 -126775.49  18268.63  13778.79    877.86     83.86    171.80   6089.39  -2649.66      0.00 0
17454 2212      56_60_61_62_63_65_66_67_68_69_70_71_72_73_74_75_76_77_78_82_83_84_85_86_87_88_89_90_91_92_93_94_95_96_97_98_99_100_101_102_103_104_105_106_107_108_109_110_111_114_115_116_117_118_119_120_121_122_123_124_125_126_127_128_129_130_131_132_133_134_135_136_137_138_139_140_141_142_143_144_145_146_147_148_149_150_151_152_153_154_155_156_157_158_159_160_161_162_163_164_165_166_167_168_169_170_171_172_173_174_175_176_177_178_179_180_181_182_183_184_185_186_187_188_189_190_191_192_193_194_195_196_197_198_199_200_201_202_203_204_205_206_207_208_209_210_211_212_213_214_215_216_217_218_219_220_221_222_223_224_225_226_227_228_229_230_231_232_233_234_235_236_237_238_239_240_241_242_243_244_245_246_247_248_249_250_251_252_253_254_255_256_257_258_259_260_261_262_263_264_265_277_278_279_280_281_282_283_284_285_286_287_288  4.67e+07  3.66e+07  74092.47   3779.29  14205.96    613.78     79.16      2.92  -2015.25   2132.53      0.00 0
19442 2212      0_1_2_3_4_5_6_7_8_9_10_11_12_13_14_15_16_17_18_19_20_21_22_23_24_25_26_27_28_29_30_31_32_33_34_35_36_37_38_39_40_41_42_43_44_45_46_48_49_50_51_52_53_54_55_56_57_58_59_60_61_62_63_64_65_66_67_68_70_71_72_73_74_75_76_77_78_79_80_81_82_83_84_85_86_87_88_89_90_91_92_93_94_95_96_97_98_101_102_103_104_105_106_107_108_109_110_111_112_113_114_115_116_117_118_119_120_121_122_123_124_125_126_127_128_129_130_131_132_133_134_135_136_137_138_139_140_141_142_143_144_145_146_147_148_149_150_151_152_153_154_155_156_157_158_159_160_161_162_165_166_167_168_169_170_171_172_173_174_175_176_177_178_179_180_181_182_183_184_185_186_187_188_189_190_191_192_193_194_197_198_199_200_201_202_203_204_205_206_207_208_209_210_211_212_213_214_215_216_217_218_219_220_223_224_225_226_227_228_229_232_233_234_235_236_237_240_241_242_243_244_245_248_249_250_251_252_255_256_257_258_259_262_263_264_265_268_269_270_271_274_275_276_277_278_279_280_281_282_283_284_285_286_287_288  4.67e+07  4.14e+07 -73337.38 -134846.06  15510.63    643.54     84.23    241.46    419.65  -5118.16      0.00 0
19476 2212      15_21_22_28_29_35_36_37_43_44_45_52_53_59_63_64_68_76_77_78_79_80_86_87_91_92_96_97_98_107_108_109_110_111_117_118_119_124_125_126_131_132_133_134_139_140_141_146_147_148_149_154_155_156_160_161_162_171_172_173_174_175_181_182_183_187_188_192_193_194_202_203_204_205_206_210_211_215_216_219_220_226_227_228_234_235_236_237_242_243_244_245_250_251_252_257_258_259_263_264_265_269_270_271_275_276_277_278_279_280_288  4.68e+07  3.97e+07  -7362.10 -62576.32  13312.31    656.79     78.07    263.29   3480.54   5791.75      0.00 0
5528 2212      0_1_2_5_6_7_8_11_12_13_14_17_18_19_20_24_25_26_27_31_32_33_34_35_39_40_41_42_43_47_48_49_50_51_56_57_58_59_60_61_62_63_64_65_66_67_68_69_70_71_72_73_74_75_76_77_82_83_84_85_86_88_89_90_91_92_93_94_95_96_97_99_100_101_102_103_104_105_106_107_108_114_115_116_117_118_120_121_122_123_124_125_127_128_129_130_131_132_135_136_137_138_139_140_142_143_144_145_146_147_150_151_152_153_154_155_157_158_159_160_161_164_165_166_167_168_169_170_171_172_178_179_180_181_182_184_185_186_187_188_189_190_191_192_193_195_196_197_198_199_200_201_202_203_208_209_210_211_212_213_214_215_216_217_218_219_220_221_222_223_224_225_230_231_232_233_234_238_239_240_241_242_246_247_248_249_253_254_255_256_260_261_262_263_266_267_268_269_272_273_274_277_278_279_280_281_282_283_284_285_286_287_288  4.69e+07  3.81e+07   9332.20  99465.49  14520.76    689.30     81.73     84.64  -3972.76  -6563.74      0.00 0
8724 2212      0_1_2_3_4_5_6_7_8_9_10_11_12_13_14_15_16_17_18_19_20_21_22_23_24_25_26_27_28_29_30_31_32_33_34_35_36_37_38_39_40_41_42_43_44_45_46_47_48_49_50_51_52_53_54_55_56_57_58_59_60_61_62_63_64_65_66_67_68_69_70_71_72_73_74_75_76_77_78_79_80_81_82_83_84_85_86_87_88_89_90_91_92_93_94_95_96_97_98_100_101_102_103_104_105_106_107_108_109_110_111_112_113_114_115_116_117_118_119_120_121_122_123_124_125_126_127_128_129_130_131_132_133_134_135_136_137_138_139_140_141_142_143_144_145_146_147_148_149_150_151_152_153_154_155_156_157_158_159_160_161_162_164_165_166_167_168_169_170_171_172_173_174_175_176_177_178_179_180_181_182_183_184_185_186_187_188_189_190_191_192_193_194_196_197_198_199_200_201_202_203_204_205_206_207_208_209_210_211_212_213_214_215_216_217_218_219_220_223_224_225_226_227_228_229_231_232_233_234_235_236_237_240_241_242_243_244_245_247_248_249_250_251_252_255_256_257_258_259_262_263_264_265_268_269_270_271_274_275_276_277_278_279_280_281_282_283_284_285_286_287_288  4.60e+07  3.79e+07 103991.70 140844.94  15194.00    673.36     85.04     53.56   4405.08    883.17      0.00 0
10860 2212      182_187_188_192_193_194_201_202_203_210_211_214_215_216_218_219_220_225_234_288  4.73e+07  4.26e+07   3995.67  -8759.60   6235.71    760.16     57.07    294.52    359.64   1836.48      0.00 1
12778 2212      0_1_2_3_4_5_6_7_8_9_10_11_12_13_14_15_16_17_18_19_20_21_22_23_24_25_26_27_28_29_30_31_32_33_34_35_36_37_38_40_41_42_43_44_45_46_48_49_50_51_52_53_54_55_56_57_58_59_60_61_62_63_64_65_66_67_68_71_72_73_74_75_76_77_78_79_80_81_82_83_84_85_86_87_88_89_90_91_92_93_94_95_96_97_98_101_102_103_104_105_106_107_108_109_110_111_112_113_114_115_116_117_118_119_120_121_122_123_124_125_126_127_128_129_130_131_132_133_134_135_136_137_138_139_140_141_142_143_144_145_146_147_148_149_150_151_152_153_154_155_156_157_158_159_160_161_162_166_167_168_169_170_171_172_173_174_175_176_177_178_179_180_181_182_183_184_185_186_187_188_189_190_191_192_193_194_198_199_200_201_202_203_204_205_206_207_208_209_210_211_212_213_214_215_216_217_218_219_220_224_225_226_227_228_229_233_234_235_236_237_241_242_243_244_245_249_250_251_252_257_258_259_263_264_265_270_271_276_277_278_279_280_281_282_283_284_285_286_287_288  4.73e+07  3.80e+07  67954.88  85186.58  14094.81    781.33     82.63     51.42   4720.86   1931.98      0.00 0
19456 2212      0_1_2_3_4_5_6_7_8_9_10_11_12_13_14_15_16_17_18_19_20_21_22_23_24_25_26_27_28_29_30_31_32_33_34_35_36_37_38_39_40_41_42_43_44_45_46_47_48_49_50_51_52_53_54_55_56_57_58_59_60_61_62_63_64_65_66_67_68_69_70_71_72_73_74_75_76_77_78_79_80_81_82_83_84_85_86_87_88_89_90_91_92_93_94_95_96_97_98_99_100_101_102_103_104_105_106_107_108_109_110_111_112_113_114_115_116_117_118_119_120_121_122_123_124_125_126_127_128_129_130_131_132_133_134_135_136_137_138_139_140_141_142_143_144_145_146_147_148_149_150_151_152_153_154_155_156_157_158_159_160_161_162_163_164_165_166_167_168_169_170_171_172_173_174_175_176_177_178_179_180_181_182_183_184_185_186_187_188_189_190_191_192_193_194_195_196_197_198_199_200_201_202_203_204_205_206_207_208_209_210_211_212_213_214_215_216_217_218_219_220_221_222_223_224_225_226_227_228_229_230_231_232_233_234_235_236_237_238_239_240_241_242_243_244_246_247_248_249_250_253_254_255_260_277_278_279_280_281_282_283_284_285_286_287_288  4.76e+07  3.96e+07 155851.14 -27312.51  15346.95    663.44     84.46    350.06   2106.10  -3290.60      0.00 0
16156 2212      30_37_38_45_46_53_54  4.79e+07  3.83e+07  15742.71 -11117.61   9312.60    610.25     64.21    324.77   5703.37  -3196.23      0.00 0
15008 2212      1_2_3_4_6_7_8_9_10_11_12_13_14_15_16_17_18_19_20_21_22_23_24_25_26_27_28_29_31_32_33_34_35_36_39_40_41  4.81e+07  3.87e+07 -49414.67  14843.91  11542.54    823.33     77.39    163.28   2028.62  -6034.58      0.00 0
24290 2212      0_1_2_5_6_7_8_11_12_13_14_17_18_19_20_21_24_25_26_27_28_31_32_33_34_35_36_39_40_41_42_43_44_48_49_50_51_52_53_56_57_58_59_60_61_62_63_64_65_66_67_68_70_71_72_73_74_75_76_77_78_79_82_83_84_85_86_87_88_89_90_91_92_93_94_95_96_97_98_101_102_103_104_105_106_107_108_109_110_114_115_116_117_118_119_120_121_122_123_124_125_126_127_128_129_130_131_132_133_134_135_136_137_138_139_140_141_142_143_144_145_146_147_148_149_150_151_152_153_154_155_156_157_158_159_160_161_162_165_166_167_168_169_170_171_172_173_174_175_178_179_180_181_182_183_184_185_186_187_188_189_190_191_192_193_194_197_198_199_200_201_202_203_204_205_208_209_210_211_212_213_214_215_216_217_218_219_220_223_224_225_226_227_228_231_232_233_234_235_236_240_241_242_243_244_245_247_248_249_250_251_252_254_255_256_257_258_259_261_262_263_264_265_267_268_269_270_271_273_274_275_276_277_278_279_280_281_282_283_284_285_286_287_288  4.81e+07  3.97e+07 -38687.46 -83881.09  14085.55    721.57     81.33    245.24  -1052.31   -980.24      0.00 0
1034 2212      0_1_2_5_6_7_11_12_13_14_17_18_19_20_21_24_25_26_27_28_31_32_33_34_35_36_40_41_42_43_44_49_50_51_52_53_56_57_58_59_60_61_62_63_64_65_66_67_68_71_72_73_74_75_76_77_78_79_82_83_84_85_86_87_88_89_90_91_92_93_94_95_96_97_98_102_103_104_105_106_107_108_109_110_111_114_115_116_117_118_119_120_121_122_123_124_125_126_127_128_129_130_131_132_133_134_135_136_137_138_139_140_141_142_143_144_145_146_147_148_149_150_151_152_153_154_155_156_157_158_159_160_161_162_167_168_169_170_171_172_173_174_175_178_179_180_181_182_183_184_185_186_187_188_189_190_191_192_193_194_199_200_201_202_203_204_205_206_208_209_210_211_213_214_215_216_217_218_219_220_226_227_228_234_235_236_237_243_244_245_251_252_259_277_278_279_280_281_282_283_284_285_286_287_288  4.82e+07  3.93e+07  50153.69  50136.19  13450.93    694.92     79.26     44.99  -3465.64  -5614.96      0.00 0
3088 2212      237_244_245_252  4.84e+07  4.22e+07   7398.61  -4981.04   6679.62    649.89     53.17    326.05   5549.73   3104.63      0.00 3
10396 2212      0_1_2_3_4_5_6_7_8_9_10_11_12_13_14_15_16_17_18_19_20_21_22_23_24_25_26_27_28_29_30_31_32_33_34_35_36_37_38_39_40_41_42_43_44_45_46_47_48_49_50_51_52_53_54_55_56_57_58_59_60_61_62_63_64_65_66_67_68_69_70_71_72_73_74_75_76_77_78_79_80_81_82_83_84_85_86_87_88_89_90_91_92_93_94_95_96_97_98_99_100_101_102_103_104_105_106_107_108_109_110_111_112_113_114_115_116_117_118_119_120_121_122_123_124_125_126_127_128_129_130_131_132_133_134_135_136_137_138_139_140_141_142_143_144_145_146_147_148_149_150_151_152_153_154_155_156_157_158_159_160_161_162_163_164_165_166_167_168_169_170_171_172_173_174_175_176_177_178_179_180_181_182_183_184_185_186_187_188_189_190_191_192_193_194_195_196_197_198_199_200_201_202_203_204_205_206_207_208_209_210_211_212_213_214_215_216_217_218_219_220_221_222_223_224_225_226_227_228_229_230_231_232_233_234_235_236_237_238_239_240_241_242_243_244_245_246_247_248_249_250_251_252_253_254_255_256_257_258_259_260_261_262_263_264_265_266_267_268_269_270_271_272_273_274_275_276_277_278_279_280_281_282_283_284_285_286_287_288  4.84e+07  3.95e+07 246011.56 -20571.69  14450.61    612.21     86.65    355.22   1508.31   -241.61      0.00 0
8368 2212      48_70_100_101_164_165_196_197_222_223_231_232_239_240_247  4.93e+07  4.58e+07   8295.77  23131.03   9650.10    686.18     68.56     70.27  -4306.73   1373.77      0.00 0
3382 2212      0_1_5_6_7_11_12_17_18_19_24_25_26_31_32_33_39_40_41_47_48_49_69_70_71_100_101_163_164_165_195_196_221_222_230  4.94e+07  3.94e+07  17597.01 -39897.75  12232.47    618.95     74.33    293.80  -3374.13  -5635.31      0.00 0
11588 2212      44_45_52_53_58_59_62_63_64_66_67_68_74_75_76_77_78_79_83_84_85_86_87_88_89_90_91_92_93_94_95_96_97_98_103_104_105_106_107_108_109_110_114_115_116_117_118_119_120_121_122_123_124_125_126_127_128_129_130_131_132_133_134_135_136_137_138_139_140_141_142_143_144_145_146_147_148_149_150_151_152_153_154_155_156_157_158_159_160_161_162_166_167_168_169_170_171_172_173_174_178_179_180_181_182_183_184_185_186_187_188_189_190_191_192_193_194_198_199_200_201_202_203_204_208_209_210_211_212_213_214_215_216_217_218_219_220_223_224_225_226_231_232_233_234_239_240_241_246_247_248_253_254_260_277_278_279_280_281_282_283_284_285_286_287_288  4.95e+07  3.91e+07  28907.21 -23068.06  11519.01    631.49     72.70    321.41    322.04    735.86      0.00 0
14212 2212      233_234_241_242_243_249_250_251_257_258_264  4.96e+07  4.19e+07  19740.98   7641.17   9517.82    626.95     65.79     21.16   1909.27   4154.01      0.00 0
13358 2212      176_205_206_207_226_227_228_234_235_236_237_241_242_243_244_249_250_251_255_256_257_262_263  4.97e+07  4.49e+07  26095.79 -14352.21   9705.55    794.63     71.95    331.19   3050.26   2893.40      0.00 0
24874 2212      70_100_164_165_196_222_230_231_238_239_246_247_253_254_260_266_272  4.99e+07  4.05e+07   3391.49  30621.70  10201.02    729.01     71.68     83.68  -4857.71   4774.48      0.00 0
21602 2212      69_70_71_99_100_101_102_120_127_128_135_136_142_143_150_151_157_158_163_164_165_166_167_168_178_179_184_189_190_195_196_197_198_199_285_286  5.03e+07  4.04e+07  28047.94   2094.17  10869.85    581.69     68.87      4.27  -4403.74    325.82      0.00 0
14026 2212      0_1_2_3_5_6_7_8_9_11_12_13_14_15_16_17_18_19_20_21_22_23_24_25_26_27_28_29_30_31_32_33_34_35_36_37_38_39_40_41_42_43_44_45_46_47_48_49_50_51_52_53_54_55_56_57_58_59_60_61_62_63_64_65_66_67_68_69_70_71_72_73_74_75_76_77_78_79_80_81_82_83_84_85_86_87_88_89_90_91_92_93_94_95_96_97_98_99_100_101_102_103_104_105_106_107_108_109_110_111_112_113_114_115_116_117_118_119_120_121_122_123_124_125_126_127_128_129_130_131_132_133_134_135_136_137_138_139_140_141_142_143_144_145_146_147_148_149_150_151_152_153_154_155_156_157_158_159_160_161_162_163_164_165_166_167_168_169_170_171_172_173_174_175_176_177_178_179_180_181_182_183_184_185_186_187_188_189_190_191_192_193_194_195_196_197_198_199_200_201_202_203_204_205_206_207_208_209_210_211_212_213_214_215_216_217_218_219_220_221_222_223_224_225_226_227_228_229_230_231_232_233_234_235_236_237_238_239_240_241_242_243_244_245_246_247_248_249_250_251_252_253_254_255_256_257_258_259_260_261_262_263_264_265_266_267_268_269_270_271_272_273_274_275_276_277_278_279_280_281_282_283_284_285_286_287_288  5.03e+07  4.11e+07 -126759.41 -125482.69  14350.86    784.33     85.40    224.71   4054.84   5116.06      0.00 0
20266 2212      191_200_201_209_210_213_214_218_219_281  5.06e+07  4.12e+07   2188.26   1523.15   4060.40    660.30     33.29     34.84    -11.11   1207.56      0.00 20
3878 2212      57_58_59_61_62_63_64_65_66_67_68_74_75_76_77_78_79_83_84_85_86_87_89_90_91_92_94_95_96_97_98_105_106_107_108_109_110_111_115_116_117_118_119_122_123_124_125_126_130_131_132_133_134_137_138_139_140_141_145_146_147_148_149_153_154_155_156_160_161_162_170_171_172_173_174_175_176_177_181_182_183_187_188_193_194_203_204_205_206_207_211_216_227_228_229_235_236_237_244_245_277_278_279_280_282_284_288  5.06e+07  4.70e+07 -35589.50 -15942.32  11241.18    701.41     73.92    204.13   5205.94   1582.18      0.00 0
2820 2212      47_69_99_100_163_164_195_196_221_222_230_231_238_239_246_253  5.08e+07  4.14e+07  15573.60  27028.71  10631.58    668.04     71.18     60.05  -6683.17    878.04      0.00 0
13936 2212      0_1_5_6_11_12_13_17_18_19_20_24_25_26_27_31_32_33_34_35_39_40_41_42_43_44_47_48_49_50_51_52_53_56_57_58_59_60_61_62_63_64_65_66_67_68_69_70_71_72_73_74_75_76_77_78_79_82_83_84_85_86_87_88_89_90_91_92_93_94_95_96_97_98_99_100_101_102_103_104_105_106_107_108_109_110_111_114_115_116_117_118_119_120_121_122_123_124_125_126_127_128_129_130_131_132_133_134_135_136_137_138_139_140_141_142_143_144_145_146_147_148_149_150_151_152_153_154_155_156_157_158_159_160_161_162_163_164_165_166_167_168_169_170_171_172_173_174_175_176_178_179_180_181_182_183_184_185_186_187_188_189_190_191_192_193_194_195_196_197_198_199_200_201_202_203_204_205_206_207_208_209_210_211_212_213_214_215_216_217_218_219_220_221_222_223_224_225_226_227_228_229_230_231_232_233_234_235_236_237_238_239_240_241_242_243_244_245_246_247_248_249_250_251_252_253_254_255_256_257_258_259_260_261_262_263_264_265_266_267_268_269_270_271_272_273_274_275_276_277_278_279_280_281_282_283_284_285_286_287_288  5.14e+07  4.26e+07  89254.96  78164.34  14441.40    753.50     83.06     41.21   3367.09   5513.94      0.00 0
7692 2212      140_141_148_149_155_156_161_162_171_172_173_182_183_187_188_192_193_194_202_203_210_211_215_216_219_220_277_288  5.17e+07  4.48e+07  -4374.78   6427.64   6617.19    606.88     49.60    124.24    881.85    966.38      0.00 3
7490 2212      69_100_164_195_196_221_230  5.17e+07  4.19e+07    144.77 -16927.77   8883.83    609.39     62.31    270.49  -6214.32    744.44      0.00 0
20550 2212      3_4_8_9_15_16_21_22_23_29_30_37_38  5.18e+07  4.40e+07  18831.01  17074.91  10213.49    620.27     68.11     42.20   3647.26  -4868.83      0.00 0
12222 2212      110_134_141_148_149_156_162_173_174_175_183_204_205  5.31e+07  4.76e+07  14029.24    776.99   7988.42    653.41     60.38      3.17   3263.29    478.53      0.00 0
5828 2212      1_2_3_4_5_6_7_8_9_10_11_12_13_14_15_16_17_18_19_20_21_22_23_24_25_26_27_28_33  5.33e+07  4.40e+07 -31362.85   3479.11   9431.01    889.80     73.36    173.67  -1678.23  -5281.64      0.00 0
1992 2212      174_204_205_226  5.38e+07  4.49e+07 -10748.01   6974.51   7805.52    638.01     58.65    147.02   2471.19   1036.91      0.00 0
2714 2212      0_1_2_3_4_5_6_7_8_9_10_11_12_13_14_15_16_17_18_19_20_21_22_23_24_25_26_27_28_29_30_31_32_33_34_35_36_37_38_39_40_41_42_43_44_45_46_47_48_49_50_51_52_53_54_55_56_57_58_59_60_61_62_63_64_65_66_67_68_69_70_71_72_73_74_75_76_77_78_79_80_81_82_83_84_85_86_87_88_89_90_91_92_93_94_95_96_97_98_99_100_101_102_103_104_105_106_107_108_109_110_111_112_113_114_115_116_117_118_119_120_121_122_123_124_125_126_127_128_129_130_131_132_133_134_135_136_137_138_139_140_141_142_143_144_145_146_147_148_149_150_151_152_153_154_155_156_157_158_159_160_161_162_163_164_165_166_167_168_169_170_171_172_173_174_175_176_177_178_179_180_181_182_183_184_185_186_187_188_189_190_191_192_193_194_195_196_197_198_199_200_201_202_203_204_205_206_207_208_209_210_211_212_213_214_215_216_217_218_219_220_221_222_277_278_279_280_281_282_283_284_285_286_287_288  5.38e+07  4.33e+07 153181.30   -641.65  15181.66    684.85     84.34    359.76   2745.19  -5552.02      0.00 0
18262 2212      25_32_33_40_41_49_50  5.39e+07  4.21e+07 -12638.59  -8718.78   8821.92    574.68     60.12    214.60  -3087.80  -2780.57      0.00 0
24754 2212      133_140_141_148_149_155_156_162_173_183  5.30e+07  4.24e+07  -1882.35  -2613.79   3888.04    732.27     39.64    234.24   1187.80    205.01      0.00 10
8190 2212      183_188_194_203_216  5.46e+07  4.82e+07  -1097.13   1967.93   3197.52    752.72     35.17    119.14    999.40   1002.29      0.00 11
22472 2212      57_58_62_63_66_67_75_84_85_282  5.51e+07  4.70e+07   1738.78  -2681.58   4632.82    623.06     34.60    302.96    113.75  -1353.69      0.00 27
20936 2212      3_4_9_10_14_15_16_21_22_23_28_29_30_35_36_37_38_43_44_45_46_51_52_53_54_56_57_58_59_60_61_62_63_64_65_66_67_68_73_74_75_76_77_78_79_80_82_83_84_85_86_87_88_89_90_91_92_93_94_95_96_97_98_103_104_105_106_107_108_109_110_111_112_114_115_116_117_118_119_120_121_122_123_124_125_126_128_129_130_131_132_133_134_135_136_137_138_139_140_141_142_143_144_145_146_147_148_149_150_151_152_153_154_155_156_157_158_159_160_161_162_167_168_169_170_171_172_173_174_175_178_179_180_181_182_183_184_185_186_187_188_189_190_191_192_193_194_198_199_200_201_202_203_204_205_206_208_209_210_211_212_213_214_215_216_217_218_219_220_224_225_226_227_233_234_235_236_240_241_242_243_248_249_250_251_255_256_257_261_262_263_264_267_268_269_272_273_274_275_277_278_279_280_281_282_283_284_285_286_287_288  5.51e+07  4.43e+07 -26570.58  61049.88  13497.74    657.97     78.54    113.52   1599.91   1205.81      0.00 0
19158 2212      0_1_2_3_5_6_7_8_11_12_13_14_17_18_19_20_24_25_26_27_31_32_33_34_39_40_41_42_47_48_49_50_51_56_57_60_61_65_66_69_70_71_72_73_74_82_83_84_88_89_93_94_99_100_101_102_103_104_105_114_115_120_121_122_127_128_129_135_136_142_143_144_150_151_157_158_163_164_165_166_167_168_178_184_189_195_196_197_198_221_222_223_224_230_231_232_238_239_240_246_247_253_254_260_261_266_272_285_286_287  5.52e+07  4.58e+07 -33325.93 102627.61  15049.56    643.91     82.06    107.99  -6471.58   1215.05      0.00 0
23596 2212      10_15_16_21_22_23_27_28_29_30_34_35_36_37_38_41_42_43_44_45_46_49_50_51_52_53_54_55_56_57_58_59_60_61_62_63_64_65_66_67_68_70_71_72_73_74_75_76_77_78_79_80_81_82_83_84_85_86_87_88_89_90_91_92_93_94_95_96_97_98_100_101_102_103_104_105_106_107_108_109_110_111_112_113_114_115_116_117_118_119_120_121_122_123_124_125_126_127_128_129_130_131_132_133_134_135_136_137_138_139_140_141_142_143_144_145_146_147_148_149_150_151_152_153_154_155_156_157_158_159_160_161_162_164_165_166_167_168_169_170_171_172_173_174_175_176_177_178_179_180_181_182_183_184_185_186_187_188_189_190_191_192_193_194_195_196_197_198_199_200_201_202_203_204_205_206_207_208_209_210_211_212_213_214_215_216_217_218_219_220_221_222_223_224_225_226_227_228_229_230_231_232_233_234_235_236_237_238_239_240_241_242_243_244_246_247_248_249_250_251_253_254_255_256_257_258_260_261_262_263_264_266_267_268_269_272_273_274_277_278_279_280_281_282_283_284_285_286_287_288  5.55e+07  4.65e+07  86827.60 -60661.93  15093.41    633.01     81.89    325.06    920.82    865.89      0.00 0
13074 2212      255_261_262_267_268_272_273  5.59e+07  4.94e+07 -10495.73  12168.00   8269.11    676.26     62.77    130.78  -2062.53   6409.58      0.00 0
18550 2212      228_229_236_237_242_243_244_245_249_250_251_252_255_256_257_258_259_260_261_262_263_264_265_266_267_268_269_270_271_272_273_274_275_276  5.59e+07  4.47e+07 -53282.63  14936.94  12917.98    646.52     76.86    164.34   2254.88   5827.48      0.00 0
3470 2212      226_227_235_236  5.50e+07  4.59e+07   9942.93   2930.13   6525.10    745.49     57.81     16.42   3092.72   2561.73      0.00 0
17564 2212      22_28_29_36_43_44_52_53_57_58_59_62_63_64_66_67_68_74_75_76_77_78_79_84_85_86_87_89_90_91_92_94_95_96_97_98_105_106_107_108_109_110_115_116_117_118_119_121_122_123_124_125_126_129_130_131_132_133_134_136_137_138_139_140_141_143_144_145_146_147_148_149_151_152_153_154_155_156_157_158_159_160_161_162_167_168_169_170_171_172_173_174_178_179_180_181_182_183_184_185_186_187_188_189_190_191_192_193_194_199_200_201_202_203_204_208_209_210_211_212_213_214_215_216_217_218_219_220_224_225_226_233_234_240_241_242_248_249_255_256_261_262_267_268_273_277_278_279_280_281_282_283_284_285_286_287_288  5.50e+07  4.65e+07 -16705.82  35071.73  11810.11    617.05     73.09    115.47   -126.37   2813.25      0.00 0
1756 2212      0_1_2_3_4_5_6_7_8_9_10_11_12_13_14_15_16_17_18_19_20_21_22_23_24_25_26_27_28_29_30_31_32_33_34_35_36_37_38_39_40_41_42_43_44_45_46_47_48_49_50_51_52_53_54_55_56_57_58_59_60_61_62_63_64_65_66_67_68_69_70_71_72_73_74_75_76_77_78_79_80_81_82_83_84_85_86_87_88_89_90_91_92_93_94_95_96_97_98_99_100_101_102_103_104_105_106_107_108_109_110_111_112_113_114_115_116_117_118_119_120_121_122_123_124_125_126_127_128_129_130_131_132_133_134_135_136_137_138_139_140_141_142_143_144_145_146_147_148_149_150_151_152_153_154_155_156_157_158_159_160_161_162_163_164_165_166_167_168_169_170_171_172_173_174_175_176_177_178_179_180_181_182_183_184_185_186_187_188_189_190_191_192_193_194_195_196_197_198_199_200_201_202_203_204_205_206_207_208_209_210_211_212_213_214_215_216_217_218_219_220_221_222_223_224_225_226_227_228_229_230_231_232_233_234_235_236_237_238_239_240_241_242_243_244_245_246_247_248_249_250_251_252_253_254_255_256_257_258_259_260_261_262_263_264_265_266_267_268_269_270_271_272_273_274_275_276_277_278_279_280_281_282_283_284_285_286_287_288  5.50e+07  4.50e+07  51012.40 -189850.61  15126.36    653.73     85.60    285.04   -729.66   5241.08      0.00 0
22502 2212      43_52_59_64  5.62e+07  4.74e+07    879.78  -7782.07   5966.11    708.28     52.70    276.45   1159.35  -2436.28      0.00 0
8690 2212      4_9_15_21_22_28_29_36_43_44_52_53_64_68_77_78_79_86_87_92_97_98_108_109_110_118_119_125_126_132_133_134_140_141_147_148_149_155_156_161_162_172_173_174_182_183_188_193_194_203_204_211_216_226_277_279  5.66e+07  4.59e+07  -5133.32  27167.35   9460.66    790.79     71.11    100.70   2266.29  -1485.80      0.00 0
9274 2212      24_31_39_40_47_48_69_70_71_99_100_101_102_163_164_165_166_195_196_197_198_221_222_223_224_230_231_232_233_238_239_240_241_246_247_248_253_254_255_256_260_261_262_266_267_268_269_272_273_274  5.66e+07  4.76e+07  27489.25  46779.44  12148.08    750.57     77.38     59.56  -2699.81   5010.28      0.00 0
20828 2212      0_1_2_3_5_6_7_8_11_12_13_14_17_18_19_20_21_24_25_26_27_28_31_32_33_34_35_36_39_40_41_42_43_44_47_48_49_50_51_52_56_57_58_59_60_61_62_63_64_65_66_67_68_69_70_71_72_73_74_75_76_77_78_79_82_83_84_85_86_87_88_89_90_91_92_93_94_95_96_97_98_99_100_101_102_103_104_105_106_107_108_109_110_114_115_116_117_118_119_120_121_122_123_124_125_126_127_128_129_130_131_132_133_134_135_136_137_138_139_140_141_142_143_144_145_146_147_148_149_150_151_152_153_154_155_156_157_158_159_160_161_162_163_164_165_166_167_168_169_170_171_172_173_174_178_179_180_181_182_183_184_185_186_187_188_189_190_191_192_193_194_195_196_197_198_199_200_201_202_203_204_205_208_209_210_211_212_213_214_215_216_217_218_219_220_221_222_223_224_225_226_227_230_231_232_233_234_235_236_238_239_240_241_242_243_244_246_247_248_249_250_251_253_254_255_256_257_258_260_261_262_263_264_265_266_267_268_269_270_271_272_273_274_275_276_277_278_279_280_281_282_283_284_285_286_287_288  5.70e+07  4.61e+07  57026.07 192393.48  14207.98    765.42     85.95     73.49  -5128.31   2918.49      0.00 0
18092 2212      0_1_2_3_4_5_6_7_8_9_10_11_12_13_14_15_16_17_18_19_20_21_22_23_24_25_26_27_28_29_30_31_32_33_34_35_36_37_38_39_40_41_42_43_44_45_46_47_48_49_50_51_52_53_54_55_56_57_58_59_60_61_62_63_64_65_66_67_68_69_70_71_72_73_74_75_76_77_78_79_80_81_82_83_84_85_86_87_88_89_90_91_92_93_94_95_96_97_98_99_100_101_102_103_104_105_106_107_108_109_110_111_112_113_114_115_116_117_118_119_120_121_122_123_124_125_126_127_128_129_130_131_132_133_134_135_136_137_138_139_140_141_142_143_144_145_146_147_148_149_150_151_152_153_154_155_156_157_158_159_160_161_162_163_164_165_166_167_168_169_170_171_172_173_174_175_176_177_178_179_180_181_182_183_184_185_186_187_188_189_190_191_192_193_194_195_196_197_198_199_200_201_202_203_204_205_206_207_208_209_210_211_212_213_214_215_216_217_218_219_220_221_222_223_224_225_226_227_228_229_230_231_232_233_234_235_236_237_238_239_240_241_242_243_244_245_246_247_248_249_250_251_252_253_254_255_256_257_258_259_260_261_262_263_264_265_266_267_268_269_270_271_272_273_274_275_276_277_278_279_280_281_282_283_284_285_286_287_288  5.72e+07  4.75e+07 217432.69  12651.32  15268.29    597.36     85.99      3.33   7437.10    474.28      0.00 0
14850 2212      0_1_2_3_4_5_6_7_8_9_10_11_12_13_14_15_16_17_18_19_20_21_22_23_24_25_26_27_28_29_30_31_32_33_34_35_36_37_38_39_40_41_42_43_44_45_46_47_48_49_50_51_52_53_54_55_56_57_58_59_60_61_62_63_64_65_66_67_68_69_70_71_72_73_74_75_76_77_78_79_80_81_82_83_84_85_86_87_88_89_90_91_92_93_94_95_96_97_98_99_100_101_102_103_104_105_106_107_108_109_110_111_112_113_114_115_116_117_118_119_120_121_122_123_124_125_126_127_128_129_130_131_132_133_134_135_136_137_138_139_140_141_142_143_144_145_146_147_148_149_150_151_152_153_154_155_156_157_158_159_160_161_162_163_164_165_166_167_168_169_170_171_172_173_174_175_176_177_178_179_180_181_182_183_184_185_186_187_188_189_190_191_192_193_194_195_196_197_198_199_200_201_202_203_204_205_206_207_208_209_210_211_212_213_214_215_216_217_218_219_220_221_222_223_224_225_226_227_228_229_230_231_232_233_234_235_236_237_238_239_240_241_242_243_244_245_246_247_248_249_250_251_252_253_254_255_256_257_258_259_260_261_262_263_264_265_266_267_268_269_270_271_272_273_274_275_276_277_278_279_280_281_282_283_284_285_286_287_288  5.74e+07  4.73e+07 -96328.87 134302.97  14983.23    707.84     84.82    125.65   -479.56    806.42      0.00 0
16900 2212      194_203_204_211_215_216_220  5.78e+07  4.84e+07   4893.19  -1824.63   5317.98    656.76     44.48    339.55   1158.85   1288.39      0.00 17
15180 2212      188_193_194_202_203_211_215_216_220_234  5.82e+07  4.94e+07   1223.02   6978.81   6301.57    617.99     48.35     80.06    924.01   1869.56      0.00 5
3058 2212      0_1_2_3_5_6_7_8_9_11_12_13_14_15_17_18_19_20_21_22_24_25_26_27_28_29_30_32_33_34_35_36_37_40_41_42_43_44_45_46_49_50_51_52_53_54_56_57_58_59_60_61_62_63_64_65_66_67_68_71_72_73_74_75_76_77_78_79_80_81_82_83_84_85_86_87_88_89_90_91_92_93_94_95_96_97_98_102_103_104_105_106_107_108_109_110_111_112_114_115_116_117_118_119_120_121_122_123_124_125_126_127_128_129_130_131_132_133_134_135_136_137_138_139_140_141_142_143_144_145_146_147_148_149_150_151_152_153_154_155_156_157_158_159_160_161_162_166_167_168_169_170_171_172_173_174_175_176_177_178_179_180_181_182_183_184_185_186_187_188_189_190_191_192_193_194_198_199_200_201_202_203_204_205_206_207_208_209_210_211_212_213_214_215_216_217_218_219_220_224_225_226_227_228_229_233_234_235_236_237_241_242_243_244_245_249_250_251_252_256_257_258_259_263_264_265_269_270_271_275_276_277_278_279_280_281_282_283_284_285_286_287_288  5.92e+07  4.89e+07 -54852.75 -91543.46  14504.90    713.57     82.26    239.07   4625.75   4265.00      0.00 0
3950 2212      256_257_258_263_264_265_270  5.94e+07  4.81e+07 -18897.28  -1212.10   9231.67    613.20     64.01    183.67   1887.76   5290.00      0.00 0
22426 2212      222_223_224_225_226_227_230_231_232_233_234_235_236_237_238_239_240_241_242_243_244_245_246_247_248_249_250_251_252_253_254_255_256_257_258_259_260_261_262_263_264_265_268_269_270_271  5.94e+07  5.06e+07 -45852.52  -2692.02  11887.24    695.71     75.49    183.36  -1329.66   4095.31      0.00 0
3916 2212      166_197_198_223_224_232_233_240_241_248_249_255_256_262_263_268_269_274  5.96e+07  4.93e+07  13713.34  24139.85  10231.33    664.09     69.77     60.40  -1284.15   4117.24      0.00 0
24376 2212      3_4_8_9_10_13_14_15_16_19_20_21_22_25_26_27_28_29_33_34_35_36_40_41_42_43_48_49_50_51_56_57_60_61_65_70_71_72_73_82_100_101_102_164  5.98e+07  4.75e+07 -32450.21  20237.79  11009.57    726.73     73.94    148.05  -1093.16  -3167.33      0.00 0
12476 2212      223_232_240_248  5.99e+07  4.96e+07   4697.36   9760.39   6554.87    763.57     58.82     64.30  -2675.51   3485.73      0.00 0
18968 2212      247_254_255_261_267_268_273  5.90e+07  4.84e+07 -13506.35  -9917.77   8296.19    694.01     63.66    216.29  -2854.72   5295.00      0.00 0
21550 2212      120_121_127_128_129_135_136_142_143_144_150_151_157_158_167_168_178_179_184_189_190_198_199_208_212_224_285_286  6.02e+07  5.23e+07   4679.77  -7909.92   6758.58    650.38     53.67    300.61  -1357.43    777.74      0.00 5
6442 2212      0_1_5_6_11_12_17_18_19_24_25_26_31_32_33_39_40_41_47_48_49_50_60_69_70_71_72_73_82_88_93_99_100_101_102_103_104_114_120_121_127_128_129_135_136_142_143_144_150_151_157_158_163_164_165_166_167_168_178_179_184_189_190_195_196_197_198_199_208_212_217_221_222_223_224_230_231_232_233_238_239_240_241_246_247_248_253_254_255_260_261_262_266_267_268_272_273_274_285_286_287  6.07e+07  4.97e+07  20722.89 122261.54  15511.62    620.45     82.87     80.38  -6496.96     42.43      0.00 0
13184 2212      3_4_9_10_14_15_16_21_22_27_28_29_35_36_43_44_51_52_56_57_58_59_60_61_62_63_64_65_66_67_68_73_74_75_76_77_78_82_83_84_85_86_87_88_89_90_91_92_93_94_95_96_97_98_104_105_106_107_108_109_114_115_116_117_118_119_120_121_122_123_124_125_126_128_129_130_131_132_133_134_135_136_137_138_139_140_141_143_144_145_146_147_148_149_150_151_152_153_154_155_156_157_158_159_160_161_162_167_168_169_170_171_172_173_178_179_180_181_182_183_184_185_186_187_188_189_190_191_192_193_194_199_200_201_202_203_208_209_210_211_212_213_214_215_216_217_218_219_220_225_233_277_278_279_280_281_282_283_284_285_286_287_288  6.12e+07  5.36e+07  13215.18 -31514.64  10539.20    735.84     72.86    292.75   1987.25  -3898.95      0.00 0
10392 2212      3_4_8_9_10_14_15_16_21_22_23_27_28_29_30_35_36_37_38_43_44_45_46_51_52_53_54_55_57_58_59_61_62_63_64_65_66_67_68_74_75_76_77_78_79_80_81_83_84_85_86_87_89_90_91_92_94_95_96_97_98_105_106_107_108_109_110_111_112_113_115_116_117_118_119_121_122_123_124_125_126_129_130_131_132_133_134_136_137_138_139_140_141_144_145_146_147_148_149_151_152_153_154_155_156_158_159_160_161_162_168_169_170_171_172_173_174_175_176_177_179_180_181_182_183_184_185_186_187_188_189_190_191_192_193_194_199_200_201_202_203_204_205_206_207_208_209_210_211_212_213_214_215_216_217_218_219_220_225_226_227_228_229_233_234_235_236_237_241_242_243_244_245_248_249_250_251_252_255_256_257_258_259_262_263_264_265_268_269_270_271_273_274_275_276_277_278_279_280_281_282_283_284_285_288  6.16e+07  5.34e+07 -23799.36  94123.24  13661.76    807.54     81.99    104.19   3359.80   2964.80      0.00 0
456 2212      20_27_34_42_50_56_60_72_73_82  6.17e+07  5.22e+07  -5721.88  14466.57   8029.59    698.55     62.70    111.58  -1114.58  -2569.60      0.00 0
21222 2212      23_28_29_30_36_37_38_44_45_46_53_54_55  6.16e+07  5.11e+07 -33181.79  -1123.94  10935.14    657.22     71.77    181.94   6036.28  -3387.11      0.00 0
5086 2212      0_1_2_3_4_5_6_7_8_9_10_11_12_13_14_15_17_18_19_20_21_24_25_26_27_28_31_32_33_34_35_39_40_41_42_47_48_49_50_69_70_71_99_100_101_102_163_164_165_195_196_221  6.24e+07  5.22e+07 -43860.20  36946.80  13018.60    650.61     77.21    139.89  -4020.48  -3064.76      0.00 0
9178 2212      11_17_24_25_31_32_39_40_48_49_70_71_101_165_196_197_223_231  6.26e+07  5.42e+07  -2685.55 -25680.64   9597.50    723.52     69.61    264.03  -4577.50  -2176.84      0.00 0
3134 2212      199_208_212_213_217  6.28e+07  5.57e+07     39.42   4428.05   5394.85    600.53     39.38     89.49   -743.37   1643.38      0.00 14
21722 2212      41_49_50_71_72_101_102_165_196  6.27e+07  5.22e+07 -12533.47  14910.36   9194.91    632.23     64.73    130.05  -3384.76   -929.96      0.00 0
16980 2212      250_257_263_264_269_270_274_275  6.29e+07  5.27e+07   3953.97 -20766.80   9598.37    614.85     65.58    280.78   1388.80   6222.70      0.00 0
9930 2212      55_80_81_111_112_113_175_176_177_205_206_207_227_228_229_235_236_237_242_243_244_245_250_251_252_256_257_258_263_264_265_268_269_270_274_275  6.32e+07  5.33e+07  25354.37 -32663.11  11926.90    633.17     73.91    307.82   4293.55   2446.05      0.00 0
334 2212      205_227_228_236  6.30e+07  5.58e+07   7209.48   3870.55   5243.17    874.31     57.35     28.23   4451.56   1837.78      0.00 1
23888 2212      44_52_53_78_79_87_98_109_110_119_126_133_134_141_148_149_156_162_173_174_183_194_204_205_226_227_235_243  6.45e+07  5.17e+07     12.01  22942.59   9456.25    678.51     67.60     89.97   2418.13   1088.49      0.00 0
21590 2212      42_51_56_57_58_60_61_62_63_65_66_67_73_74_75_76_83_84_85_89_90_95_96_280_282  6.52e+07  5.75e+07   4597.30   6074.31   5251.31    830.81     55.42     52.88   -396.02  -1523.51      0.00 10
19368 2212      0_1_2_3_4_5_6_7_8_9_10_11_12_13_14_15_16_17_18_19_20_21_22_23_24_25_26_27_28_29_31_32_33_34_35_36_37_39_40_41_42_43_44_47_48_49_50_51_52_53_56_57_58_59_60_61_62_63_64_65_66_67_68_69_70_71_72_73_74_75_76_77_78_82_83_84_85_86_87_88_89_90_91_92_93_94_95_96_97_98_99_100_101_102_103_104_105_106_107_108_109_110_114_115_116_117_118_119_120_121_122_123_124_125_126_127_128_129_130_131_132_133_134_135_136_137_138_139_140_141_142_143_144_145_146_147_148_149_150_151_152_153_154_155_156_157_158_159_160_161_162_163_164_165_166_167_168_169_170_171_172_173_178_179_180_181_182_183_184_185_186_187_188_189_190_191_192_193_194_195_196_197_198_199_200_201_202_203_204_208_209_210_211_212_213_214_215_216_217_218_219_220_221_222_223_224_225_230_231_232_233_234_238_239_240_241_246_247_248_249_253_254_255_260_261_262_266_267_272_273_277_278_279_280_281_282_283_284_285_286_287_288  6.52e+07  5.35e+07 100256.43 -156105.50  14633.88    734.20     85.49    302.71  -6294.92  -2239.08      0.00 0
2892 2212      0_1_2_3_4_5_6_7_8_9_10_11_12_13_14_15_16_17_18_19_20_21_22_23_24_25_26_27_28_29_30_34_35_36_37_38  6.56e+07  5.48e+07 -51917.78   -317.15  12282.64    704.34     76.69    180.35   -734.63  -6206.55      0.00 0
6312 2212      4_9_10_15_16_21_22_23_28_29_30_35_36_37_38_43_44_45_46_51_52_53_54_55_56_57_58_59_60_61_62_63_64_65_66_67_68_73_74_75_76_77_78_79_80_81_82_83_84_85_86_87_88_89_90_91_92_93_94_95_96_97_98_103_104_105_106_107_108_109_110_111_112_113_114_115_116_117_118_119_120_121_122_123_124_125_126_127_128_129_130_131_132_133_134_135_136_137_138_139_140_141_142_143_144_145_146_147_148_149_150_151_152_153_154_155_156_157_158_159_160_161_162_167_168_169_170_171_172_173_174_175_176_177_178_179_180_181_182_183_184_185_186_187_188_189_190_191_192_193_194_198_199_200_201_202_203_204_205_206_207_208_209_210_211_212_213_214_215_216_217_218_219_220_224_225_226_227_228_229_232_233_234_235_236_237_240_241_242_243_244_245_247_248_249_250_251_252_254_255_256_257_258_259_260_261_262_263_264_265_266_267_268_269_270_271_272_273_274_275_276_277_278_279_280_281_282_283_284_285_286_287_288  6.59e+07  5.50e+07 -75418.18 111099.57  14587.44    757.07     83.80    124.17   6748.80  -1446.02      0.00 0
11386 2212      204_205_206_216_220_226_227_228_229_234_235_236_237_243_244_245_251_252  6.63e+07  5.41e+07 -29497.22  -5339.28  10392.03    682.27     70.88    190.26   4641.21   2567.87      0.00 0
10832 2212      67_68_75_76_77_84_85_86_87_89_90_91_92_95_96_97_98_105_106_107_108_109_115_116_117_118_119_122_123_124_125_129_130_131_132_133_137_138_139_140_145_146_147_152_153_154_278_279_280_282_284  6.65e+07  5.86e+07  -6573.33   2856.80   5847.58    690.17     50.79    156.51    250.12   -399.49      0.00 1
16458 2212      133_141_148_149_155_156_162_172_173_183  6.68e+07  5.76e+07   1781.12   2640.62   4190.23    681.73     37.24     56.00   1304.46    431.74      0.00 16
23276 2212      147_154_155_160_161_162_171_172_173_181_182_183_187_188_192_193_194_202_203_210_211_215_216_219_220_226_277_288  6.69e+07  5.80e+07   3643.32   7874.04   6573.58    654.59     52.85     65.17   1035.71   1406.76      0.00 6
10816 2212      113_177_207_229  6.60e+07  5.50e+07 -12780.02  12775.56   8727.85    664.57     64.22    135.01   7655.62    475.82      0.00 0
8520 2212      26_27_34_35_42_43_44_51_52_53_56_57_58_59_61_62_63_64_66_67_68_75_76_77_78_79_80_85_86_87_90_91_92_96_97_98_107_108_109_110_111_112_118_119_125_126_133_134_141_149_174_175_176_206_207_279_280_282  6.60e+07  5.44e+07  27342.87  13638.61  10521.13    673.23     71.00     26.51   3093.25  -1024.99      0.00 0
15644 2212      0_1_2_3_4_5_6_7_8_9_10_11_12_13_14_15_18_19_20_21_22_24_25_26_27_28_32_33_34_35_36_40_41_42_43_44_48_49_50_51_52_56_57_58_59_60_61_62_63_64_65_66_67_68_70_71_72_73_74_75_76_77_78_82_83_84_85_86_87_88_89_90_91_92_93_94_95_96_97_98_100_101_102_103_104_105_106_107_108_109_114_115_116_117_118_119_120_121_122_123_124_125_126_127_128_129_130_131_132_133_134_135_136_137_138_139_140_141_142_143_144_145_146_147_148_150_151_152_153_154_155_156_157_158_159_160_161_162_164_165_166_167_168_169_170_171_172_178_179_180_181_182_183_184_185_186_187_188_189_190_191_192_193_194_196_197_198_199_200_201_202_203_208_209_210_211_212_213_214_215_216_217_218_219_220_221_222_223_224_225_230_231_232_233_238_239_240_241_246_247_248_253_254_255_260_261_266_267_272_277_278_279_280_281_282_283_284_285_286_287_288  6.60e+07  4.91e+07 -29972.18  76954.02  14978.43    563.71     79.72    111.28  -1081.85  -3909.15      0.00 0
2990 2212      0_1_2_3_4_5_6_7_8_9_10_11_12_13_14_15_16_17_18_19_20_21_22_23_24_25_26_27_28_29_30_31_32_33_34_35_36_37_38_39_40_41_42_43_44_45_46_47_48_49_50_51_52_53_54_55_56_57_58_59_60_61_62_63_64_65_66_67_68_69_70_71_72_73_74_75_76_77_78_79_80_81_82_83_84_85_86_87_88_89_90_91_92_93_94_95_96_97_98_99_100_101_102_103_104_105_106_107_108_109_110_111_112_113_114_115_116_117_118_119_120_121_122_123_124_125_126_127_128_129_130_131_132_133_134_135_136_137_138_139_140_141_142_143_144_145_146_147_148_149_150_151_152_153_154_155_156_157_158_159_160_161_162_163_164_165_166_167_168_169_170_171_172_173_174_175_176_177_178_179_180_181_182_183_184_185_186_187_188_189_190_191_192_193_194_195_196_197_198_199_200_201_202_203_204_205_206_207_208_209_210_211_212_213_214_215_216_217_218_219_220_221_222_223_224_225_226_227_228_229_230_231_232_233_234_235_236_237_238_239_240_241_242_243_244_245_246_247_248_249_250_251_252_253_254_255_256_257_258_259_260_261_262_263_264_265_266_267_268_269_270_271_272_273_274_275_276_277_278_279_280_281_282_283_284_285_286_287_288  6.60e+07  5.17e+07 216503.27 173079.89  13071.61    661.78     87.30     38.64   2730.20  -1172.57      0.00 0
11404 2212      17_18_24_25_26_31_32_33_34_39_40_41_42_43_44_47_48_49_50_51_52_53_56_57_58_59_60_61_62_63_64_65_66_67_68_69_70_71_72_73_74_75_76_77_78_79_80_82_83_84_85_86_87_88_89_90_91_92_93_94_95_96_97_98_99_100_101_102_103_104_105_106_107_108_109_110_111_112_114_115_116_117_118_119_120_121_122_123_124_125_126_127_128_129_130_131_132_133_134_135_136_137_138_139_140_141_142_143_144_145_146_147_148_149_150_151_152_153_154_155_156_157_158_159_160_161_162_164_165_166_167_168_169_170_171_172_173_174_175_176_177_178_179_180_181_182_183_184_185_186_187_188_189_190_191_192_193_194_196_197_198_199_200_201_202_203_204_205_206_207_208_209_210_211_212_213_214_215_216_217_218_219_220_223_224_225_226_227_228_229_232_233_234_235_236_237_241_242_243_244_245_249_250_251_252_257_258_259_264_265_271_277_278_279_280_281_282_283_284_285_286_287_288  6.81e+07  5.96e+07 -69468.54 -32069.55  14056.68    646.15     79.59    204.78   -912.29    -62.80      0.00 0
15830 2212      1_2_3_4_7_8_9_10_12_13_14_15_16_18_19_20_21_22_23_25_26_27_28_29_30_32_33_34_35_36_37_38_40_41_42_43_44_45_46_48_49_50_51_52_53_54_55_56_57_58_59_60_61_62_63_64_65_66_67_68_69_70_71_72_73_74_75_76_77_78_79_80_81_82_83_84_85_86_87_88_89_90_91_92_93_94_95_96_97_98_100_101_102_103_104_105_106_107_108_109_110_111_112_113_114_115_116_117_118_119_120_121_122_123_124_125_126_127_128_129_130_131_132_133_134_135_136_137_138_139_140_141_142_143_144_145_146_147_148_149_150_151_152_153_154_155_156_157_158_159_160_161_162_163_164_165_166_167_168_169_170_171_172_173_174_175_176_177_178_179_180_181_182_183_184_185_186_187_188_189_190_191_192_193_194_195_196_197_198_199_200_201_202_203_204_205_206_207_208_209_210_211_212_213_214_215_216_217_218_219_220_221_222_223_224_225_226_227_228_229_230_231_232_233_234_235_236_237_238_239_240_241_242_243_244_245_246_247_248_249_250_251_252_253_254_255_256_257_258_259_260_261_262_263_264_265_266_267_268_269_270_271_272_273_274_275_276_277_278_279_280_281_282_283_284_285_286_287_288  6.82e+07  5.49e+07 -122946.04 134737.52  15284.54    654.64     85.21    132.38    603.17   3016.70      0.00 0
5212 2212      0_1_2_5_6_7_11_12_13_14_17_18_19_20_21_24_25_26_27_28_31_32_33_34_35_36_39_40_41_42_43_44_45_47_48_49_50_51_52_53_56_57_58_59_60_61_62_63_64_65_66_67_68_69_70_71_72_73_74_75_76_77_78_79_80_82_83_84_85_86_87_88_89_90_91_92_93_94_95_96_97_98_99_100_101_102_103_104_105_106_107_108_109_110_111_112_114_115_116_117_118_119_120_121_122_123_124_125_126_127_128_129_130_131_132_133_134_135_136_137_138_139_140_141_142_143_144_145_146_147_148_149_150_151_152_153_154_155_156_157_158_159_160_161_162_163_164_165_166_167_168_169_170_171_172_173_174_175_176_178_179_180_181_182_183_184_185_186_187_188_189_190_191_192_193_194_195_196_197_198_199_200_201_202_203_204_205_206_207_208_209_210_211_212_213_214_215_216_217_218_219_220_221_222_223_224_225_226_227_228_229_230_231_232_233_234_235_236_237_238_239_240_241_242_243_244_245_246_247_248_249_250_251_252_253_254_255_256_257_258_259_260_261_262_263_264_265_266_267_268_269_270_271_272_273_274_275_276_277_278_279_280_281_282_283_284_285_286_287_288  6.85e+07  5.74e+07 -88555.43 -106476.33  15362.76    655.65     83.67    230.25    297.10   2595.58      0.00 0
19564 2212      224_232_240_247_248_254_260_261  6.96e+07  6.25e+07  -7274.36  13744.68   7790.74    739.81     63.39    117.89  -3015.53   4480.11      0.00 0
12650 2212      243_257_258_264_270_276  6.97e+07  5.78e+07  -2611.51 -12296.73   6933.83    775.74     61.12    258.01   2728.50   5218.83      0.00 1
16436 2212      0_5_6_11_12_13_17_18_19_25_26_27_32_33_34_35_41_42_43_50_51_52_56_57_58_59_60_61_62_63_64_65_66_67_68_72_73_74_75_76_77_78_82_83_84_85_86_87_88_89_90_91_92_93_94_95_96_97_98_103_104_105_106_107_108_109_110_114_115_116_117_118_119_120_121_122_123_124_125_126_127_128_129_130_131_132_133_134_135_136_137_138_139_140_141_142_143_144_145_146_147_148_149_150_151_152_153_154_155_156_157_158_159_160_161_162_167_168_169_170_171_172_173_174_178_179_180_181_182_183_184_185_186_187_188_190_191_192_193_194_200_201_202_203_204_205_208_209_210_211_213_214_215_216_218_219_220_226_227_234_235_236_243_244_251_277_278_279_280_281_282_283_284_285_286_287_288  6.96e+07  6.05e+07 -24859.26 -32432.36  11271.08    724.13     74.58    232.53  -2097.77  -4045.83      0.00 0
15432 2212      16_21_22_23_27_28_29_30_34_35_36_37_38_41_42_43_44_45_46_50_51_52_53_54_56_57_58_59_60_61_62_63_64_65_66_67_68_72_73_74_75_76_77_78_82_83_84_85_86_87_88_89_90_91_280_282  6.98e+07  5.70e+07  37626.77 -10682.78  11794.28    622.67     73.22    344.15   5498.19  -3984.05      0.00 0
15628 2212      1_2_3_4_6_7_8_9_10_12_13_14_15_16_19_20_21_22_23_25_26_27_28_29_30_33_34_35_36_37_38_41_42_43_44_45_46_49_50_51_52_53_54_55_56_57_58_59_60_61_62_63_64_65_66_67_68_71_72_73_74_75_76_77_78_79_80_81_82_83_84_85_86_87_88_89_90_91_92_93_94_95_96_97_98_101_102_103_104_105_106_107_108_109_110_111_112_113_114_115_116_117_118_119_120_121_122_123_124_125_126_127_128_129_130_131_132_133_134_135_136_137_138_139_140_141_142_143_144_145_146_147_148_149_150_151_152_153_154_155_156_157_158_159_160_161_162_165_166_167_168_169_170_171_172_173_174_175_176_177_178_179_180_181_182_183_184_185_186_187_188_189_190_191_192_193_194_197_198_199_200_201_202_203_204_205_206_207_208_209_210_211_212_213_214_215_216_217_218_219_220_223_224_225_226_227_228_229_231_232_233_234_235_236_237_239_240_241_242_243_244_245_246_247_248_249_250_251_252_253_254_255_256_257_258_259_260_261_262_263_264_265_266_267_268_269_270_271_272_273_274_275_276_277_278_279_280_281_282_283_284_285_286_287_288  6.99e+07  5.25e+07  32185.43 -144344.31  15595.97    632.20     83.98    282.57   2105.33   1541.58      0.00 0
22646 2212      0_1_5_6_11_12_13_17_18_19_20_24_25_26_27_28_31_32_33_34_35_39_40_41_42_43_44_47_48_49_50_51_52_53_56_57_58_59_60_61_62_63_64_65_66_67_68_69_70_71_72_73_74_75_76_77_78_79_82_83_84_85_86_87_88_89_90_91_92_93_94_95_96_97_98_100_101_102_103_104_105_106_107_108_109_110_111_114_115_116_117_118_119_120_121_122_123_124_125_126_127_128_129_130_131_132_133_134_135_136_137_138_139_140_141_142_143_144_145_146_147_148_149_150_151_152_153_154_155_156_157_158_159_160_161_162_165_166_167_168_169_170_171_172_173_174_175_176_178_179_180_181_182_183_184_185_186_187_188_189_190_191_192_193_194_197_198_199_200_201_202_203_204_205_206_207_208_209_210_211_212_213_214_215_216_217_218_219_220_224_225_226_227_228_229_233_234_235_236_237_242_243_244_245_249_250_251_252_257_258_259_264_265_277_278_279_280_281_282_283_284_285_286_287_288  7.01e+07  5.78e+07  65480.49  50335.79  14043.49    680.89     80.35     37.55  -3367.77  -3078.94      0.00 0
8900 2212      21_22_23_25_26_27_28_29_30_31_32_33_34_35_36_37_38_39_40_41_42_43_44_45_46_47_48_49_50_51_52_53_54_55_56_57_58_59_60_61_62_63_64_65_66_67_68_69_70_71_72_73_74_75_76_77_78_79_80_81_82_83_84_85_86_87_88_89_90_91_92_93_94_95_96_97_98_99_100_101_102_103_104_105_106_107_108_109_110_111_112_113_114_115_116_117_118_119_120_121_122_123_124_125_126_127_128_129_130_131_132_133_134_135_136_137_138_139_140_141_142_143_144_145_146_147_148_149_150_151_152_153_154_155_156_157_158_159_160_161_162_163_164_165_166_167_168_169_170_171_172_173_174_175_178_179_180_181_182_183_184_185_186_187_188_189_190_191_192_193_194_195_196_197_198_199_200_201_202_203_204_208_209_210_211_212_213_277_278_279_280_281_282_283_284_285_286_287_288  7.04e+07  5.66e+07  57985.01  -7222.41  13307.85    621.10     77.17    352.90   4818.91  -2417.81      0.00 0
1354 2212      0_5_6_11_12_13_17_18_19_20_24_25_26_27_31_32_33_34_35_39_40_41_42_43_44_47_48_49_50_51_52_53_56_57_58_59_60_61_62_63_64_65_66_67_68_69_70_71_72_73_74_75_76_77_78_79_82_83_84_85_86_87_88_89_90_91_92_93_94_95_96_97_98_99_100_101_102_103_104_105_106_107_108_109_110_111_114_115_116_117_118_119_120_121_122_123_124_125_126_127_128_129_130_131_132_133_134_135_136_137_138_139_140_141_142_143_144_145_146_147_148_149_150_151_152_153_154_155_156_157_158_159_160_161_162_163_164_165_166_167_168_169_170_171_172_173_174_175_176_178_179_180_181_182_183_184_185_186_187_188_189_190_191_192_193_194_195_196_197_198_199_200_201_202_203_204_205_206_208_209_210_211_212_213_214_215_216_217_218_219_220_222_223_224_225_226_227_228_229_230_231_232_233_234_235_236_237_239_240_241_242_243_244_245_247_248_249_250_251_252_254_255_256_257_258_259_261_262_263_264_265_267_268_269_270_271_273_274_275_276_277_278_279_280_281_282_283_284_285_286_287_288  7.05e+07  5.68e+07 -75102.74 -77418.86  14871.09    666.84     82.15    225.87   -725.30    971.84      0.00 0
19168 2212      213_214_217_218_219_225  7.07e+07  6.35e+07   4628.03  -1496.60   4628.68    743.40     46.42    342.08   -353.60   1784.13      0.00 20
20142 2212      56_60_61_65_73_74_82_83_88  7.08e+07  6.30e+07   1701.13   3265.05   3989.74    757.21     42.70     62.48   -885.10  -1185.02      0.00 10
14734 2212      163_195_221_222_230_238_239_246_247_253_254_260_261_266_267_272_273  7.10e+07  5.91e+07 -21523.98 -25219.17  10269.69    762.96     72.79    229.52  -4992.53   4754.97      0.00 0
9032 2212      23_30_37_38_45_46_53_54_55_79_80_81_111_112_174_175_176_205_206_227_228_235_236_237_243_244_250_251_252_257_258_264_265_270_275  7.13e+07  5.80e+07 -14673.11  35937.43  11050.13    729.09     74.11    112.21   4195.85   1770.40      0.00 0
6884 2212      3_4_8_9_10_14_15_16_21_22_23_28_29_30_35_36_37_43_44_45_52_53_59_63_64_68_76_77_78_79_85_86_87_91_92_96_97_98_107_108_109_110_111_117_118_119_124_125_126_131_132_133_134_139_140_141_146_147_148_149_154_155_156_160_161_162_171_172_173_174_175_182_183_187_188_193_194_202_203_204_205_211_215_216_220_226_227_234_235_242_243_250_251_257_264_277_278_279_280_288  7.13e+07  5.94e+07   3899.88 -43957.21  11824.56    682.75     75.00    275.07   2899.43  -4785.51      0.00 0
10364 2212      3_4_9_10_14_15_16_21_22_23_27_28_29_30_34_35_36_37_38_42_43_44_45_46_50_51_52_53_54_55_56_57_58_59_60_61_62_63_64_65_66_67_68_72_73_74_75_76_77_78_79_80_81_82_83_84_85_86_87_88_89_90_91_92_93_94_95_96_97_98_102_103_104_105_106_107_108_109_110_111_112_113_114_115_116_117_118_119_120_121_122_123_124_125_126_127_128_129_130_131_132_133_134_135_136_137_138_139_140_141_142_143_144_145_146_147_148_149_150_151_152_153_154_155_156_157_158_159_160_161_162_166_167_168_169_170_171_172_173_174_175_176_177_178_179_180_181_182_183_184_185_186_187_188_189_190_191_192_193_194_197_198_199_200_201_202_203_204_205_206_207_208_209_210_211_212_213_214_215_216_217_218_219_220_223_224_225_226_227_228_229_231_232_233_234_235_236_237_239_240_241_242_243_244_245_246_247_248_249_250_251_252_253_254_255_256_257_258_259_260_261_262_263_264_265_266_267_268_269_270_271_272_273_274_275_276_277_278_279_280_281_282_283_284_285_286_287_288  7.16e+07  6.61e+07  97189.69 -159097.36  14967.41    688.92     85.41    301.42   4357.19   4176.73      0.00 0
7856 2212      1_2_3_4_7_8_9_10_13_14_15_16_20_21_22_23_27_28_29_30_34_35_36_37_38_42_43_44_45_46_51_52_53_54_55_56_57_58_59_61_62_63_64_65_66_67_68_74_75_76_77_78_79_80_81_83_84_85_86_87_89_90_91_92_94_95_96_97_98_105_106_107_108_109_110_111_112_113_116_117_118_119_122_123_124_125_126_130_131_132_133_134_137_138_139_140_141_145_146_147_148_149_152_153_154_155_156_159_160_161_162_169_170_171_172_173_174_175_176_177_180_181_182_183_186_187_188_191_192_193_194_201_202_203_204_205_206_207_209_210_211_214_215_216_218_219_220_225_226_227_228_229_234_235_236_237_242_243_244_245_250_251_252_257_258_259_263_264_265_269_270_271_275_276_277_278_279_280_281_282_283_284_288  7.10e+07  6.37e+07  17193.79 103746.86  14461.50    714.97     82.17     80.59   5266.66   2974.72      0.00 0
18376 2212      5_11_17_18_24_25_31_32_33_39_40_41_47_48_49_50_56_60_61_65_69_70_71_72_73_74_82_83_84_88_89_93_94_95_100_101_102_103_104_105_106_114_115_116_120_121_122_123_127_128_129_130_131_135_136_137_138_142_143_144_145_146_150_151_152_153_157_158_159_160_164_165_166_167_168_169_170_171_178_179_180_181_184_185_186_187_189_190_191_192_193_196_197_198_199_200_201_202_208_209_210_211_212_213_214_215_216_217_218_219_220_222_223_224_225_231_232_233_234_239_240_241_242_247_248_249_250_254_255_256_257_261_262_263_268_269_270_273_274_275_281_282_283_284_285_286_287_288  7.22e+07  6.22e+07  33117.04  56333.93  13473.28    652.39     78.35     59.55  -3776.94   -756.13      0.00 0
13236 2212      0_1_2_3_4_5_6_7_8_9_10_11_12_13_14_15_16_17_18_19_20_21_22_23_24_25_26_27_28_29_30_31_32_33_34_35_36_37_38_39_40_41_42_43_44_45_46_47_48_49_50_51_52_53_54_55_56_57_58_59_60_61_62_63_64_65_66_67_68_69_70_71_72_73_74_75_76_77_78_79_80_81_82_83_84_85_86_87_88_89_90_91_92_93_94_95_96_97_98_99_100_101_102_103_104_105_106_107_108_109_110_111_112_113_114_115_116_117_118_119_120_121_122_123_124_125_126_127_128_129_130_131_132_133_134_135_136_137_138_139_140_141_142_143_144_145_146_147_148_149_150_151_152_153_154_155_156_157_158_159_160_161_162_163_164_165_166_167_168_169_170_171_172_173_174_175_176_177_178_179_180_181_182_183_184_185_186_187_188_189_190_191_192_193_194_195_196_197_198_199_200_201_202_203_204_205_206_207_208_209_210_211_212_213_214_215_216_217_218_219_220_221_222_223_224_225_226_227_228_229_230_231_232_233_234_235_236_237_239_240_241_242_243_244_245_249_250_251_252_277_278_279_280_281_282_283_284_285_286_287_288  7.22e+07  5.87e+07 -118460.43  -5482.85  15675.48    592.14     82.47    182.65  -4272.16  -1952.21      0.00 0
20070 2212      0_1_2_3_5_6_7_8_9_11_12_13_14_15_18_19_20_21_22_25_26_27_28_29_30_33_34_35_36_37_42_43_44_45_46_51_52_53_54_58_59_63_64_68_77_78_79_80_81_87_110_111_112_113_175_176_177_206_207_229  7.23e+07  6.13e+07  50093.76  42287.57  13004.27    721.32     78.78     40.17  -2004.33  -6902.67      0.00 0
11998 2212      198_212_217_224_225_232_233  7.25e+07  6.21e+07  10949.92   1263.08   6479.81    787.78     59.55      6.58  -1544.05   1920.93      0.00 0
10008 2212      0_1_2_3_4_5_6_7_8_9_10_11_12_13_14_15_16_17_18_19_20_21_22_23_24_25_26_27_28_29_30_31_32_33_34_35_36_37_38_39_40_41_42_43_44_45_46_47_48_49_50_51_52_53_54_55_56_57_58_59_60_61_62_63_64_65_66_67_68_69_70_71_72_73_74_75_76_77_78_79_80_81_82_83_84_85_86_87_88_89_90_91_92_93_94_95_96_97_98_99_100_101_102_103_104_105_106_107_108_109_110_111_112_113_114_115_116_117_118_119_120_121_122_123_124_125_126_127_128_129_130_131_132_133_134_135_136_137_138_139_140_141_142_143_144_145_146_147_148_149_150_151_152_153_154_155_156_157_158_159_160_161_162_163_164_165_166_167_168_169_170_171_172_173_174_175_176_177_178_179_180_181_182_183_184_185_186_187_188_189_190_191_192_193_194_195_196_197_198_199_200_201_202_203_204_205_206_207_208_209_210_211_212_213_214_215_216_217_218_219_220_223_224_225_226_227_228_229_233_234_235_236_237_277_278_279_280_281_282_283_284_285_286_287_288  7.20e+07  6.07e+07 -101423.19 -10373.73  14219.61    739.45     82.06    185.84   -168.14  -2408.33      0.00 0
23414 2212      22_29_36_37  7.31e+07  6.31e+07   5622.45  -7838.89   6124.39    782.50     57.59    305.65   3825.22  -4223.92      0.00 2
10226 2212      30_37_38_44_45_46_52_53_54_55_56_57_58_59_60_61_62_63_64_65_66_67_68_73_74_75_76_77_78_79_80_81_82_83_84_85_86_87_88_89_90_91_92_93_94_95_96_97_98_103_104_105_106_107_108_109_110_111_112_113_114_115_116_117_118_119_120_121_122_123_124_125_126_127_128_129_130_131_132_133_134_135_136_137_138_139_140_141_142_143_144_145_146_147_148_149_150_151_152_153_154_155_156_157_158_159_160_161_162_166_167_168_169_170_171_172_173_174_175_176_177_178_179_180_181_182_183_184_185_186_187_188_189_190_191_192_193_194_197_198_199_200_201_202_203_204_205_206_207_208_209_210_211_212_213_214_215_216_217_218_219_220_221_222_223_224_225_226_227_228_229_230_231_232_233_234_235_236_237_238_239_240_241_242_243_244_245_246_247_248_249_250_251_252_253_254_255_256_257_258_259_260_261_262_263_264_265_266_267_268_269_270_271_272_273_274_275_276_277_278_279_280_281_282_283_284_285_286_287_288  7.32e+07  5.86e+07  96300.93 -55554.56  15071.15    649.52     82.28    330.02   1117.78   3686.61      0.00 0
23816 2212      0_1_2_3_4_5_6_7_8_9_10_11_12_13_14_15_16_17_18_19_20_21_22_23_24_25_26_27_28_29_30_31_32_33_34_35_36_37_38_39_40_41_42_43_44_45_46_47_48_49_50_51_52_53_54_55_56_57_58_59_60_61_62_63_64_65_66_67_68_69_70_71_72_73_74_75_76_77_78_79_80_81_82_83_84_85_86_87_88_89_90_91_92_93_94_95_96_97_98_99_100_101_102_103_104_105_106_107_108_109_110_111_112_113_114_115_116_117_118_119_120_121_122_123_124_125_126_127_128_129_130_131_132_133_134_135_136_137_138_139_140_141_142_143_144_145_146_147_148_149_150_151_152_153_154_155_156_157_158_159_160_161_162_163_164_165_166_167_168_169_170_171_172_173_174_175_176_177_178_179_180_181_182_183_184_185_186_187_188_189_190_191_192_193_194_196_197_198_199_200_201_202_203_204_205_206_207_208_209_210_211_212_213_214_215_216_217_218_219_220_223_224_225_226_227_228_229_232_233_234_235_236_237_242_243_244_245_250_251_252_259_277_278_279_280_281_282_283_284_285_286_287_288  7.32e+07  6.18e+07 -116269.87 -39355.18  14050.68    822.67     83.47    198.70  -2749.24  -3886.84      0.00 0
9256 2212      0_1_2_3_4_5_6_7_8_9_10_11_12_13_14_15_16_17_18_19_20_21_22_23_24_25_26_27_28_29_30_31_32_33_34_35_36_37_38_39_40_41_42_43_44_45_46_47_48_49_50_51_52_53_54_55_56_57_58_59_60_61_62_63_64_65_66_67_68_69_70_71_72_73_74_75_76_77_78_79_80_81_82_83_84_85_86_87_88_89_90_91_92_93_94_95_96_97_98_99_100_101_102_103_104_105_106_107_108_109_110_111_112_113_114_115_116_117_118_119_120_121_122_123_124_125_126_127_128_129_130_131_132_133_134_135_136_137_138_139_140_141_142_143_144_145_146_147_148_149_150_151_152_153_154_155_156_157_158_159_160_161_162_163_164_165_166_167_168_169_170_171_172_173_174_175_176_177_178_179_180_181_182_183_184_185_186_187_188_189_190_191_192_193_194_195_196_197_198_199_200_201_202_203_204_205_206_207_208_209_210_211_212_213_214_215_216_217_218_219_220_221_222_223_224_225_226_227_228_229_230_231_232_233_234_235_236_237_238_239_240_241_242_243_244_245_246_247_248_249_250_251_252_253_254_255_256_257_258_259_260_261_262_263_264_265_266_267_268_269_270_271_272_273_274_275_276_277_278_279_280_281_282_283_284_285_286_287_288  7.32e+07  5.97e+07 -274292.34 -37134.53  13198.56    648.74     87.27    187.71   -895.01  -4152.94      0.00 0
10536 2212      118_119_124_125_126_131_132_133_134_139_140_141_146_147_148_149_154_155_156_160_161_162_171_172_173_182_183_188_194_277_278  7.34e+07  5.95e+07  -5666.67  -3163.10   5888.64    646.17     47.78    209.17    940.75    238.00      0.00 9
12538 2212      44_52_78_87  7.37e+07  6.40e+07   5445.39  -6026.54   6016.76    716.01     53.47    312.10   2096.70  -1845.79      0.00 12
14806 2212      42_50_56_60_72  7.63e+07  6.36e+07  -8241.45   5260.50   6354.27    746.26     56.98    147.45  -1592.00  -1644.99      0.00 2
12608 2212      0_1_6_7_12_13_14_19_20_21  7.64e+07  6.61e+07 -17015.46  -7226.14   8714.76    678.65     64.76    203.01  -1355.26  -5985.84      0.00 0
21742 2212      56_60_61_65  7.66e+07  6.50e+07   1960.22   3001.25   4126.62    724.52     40.98     56.85   -749.01  -1663.25      0.00 13
18806 2212      29_30_35_36_37_38_39_40_41_42_43_44_45_46_47_48_49_50_51_52_53_54_55_56_57_58_59_60_61_62_63_64_65_66_67_68_69_70_71_72_73_74_75_76_77_78_79_80_81_82_83_84_85_86_87_88_89_90_91_92_93_94_95_96_97_98_99_100_101_102_103_104_105_106_107_108_109_110_111_112_113_114_115_116_117_118_119_120_121_122_123_124_125_126_127_128_129_130_131_132_133_134_135_136_137_138_139_140_141_142_143_144_145_146_147_148_149_150_151_152_153_154_155_156_157_158_159_160_161_162_163_164_165_166_167_168_169_170_171_172_173_174_175_176_177_178_179_180_181_182_183_184_185_186_187_188_189_190_191_192_193_194_195_196_197_198_199_200_201_202_203_204_205_206_207_208_209_210_211_212_213_214_215_216_217_218_219_220_221_222_223_224_225_226_227_228_229_230_231_232_233_234_235_236_237_238_239_240_241_242_243_244_245_246_247_248_249_250_251_252_253_254_255_256_257_258_259_260_261_262_263_264_265_266_267_268_269_270_271_272_273_274_275_276_277_278_279_280_281_282_283_284_285_286_287_288  7.66e+07  6.25e+07 -204397.42  26655.43  14594.66    701.51     85.95    172.57  -3559.48   6783.89      0.00 0
15216 2212      82_83_88_89_93_94_103_104_105_114_115_116_120_121_122_128_129_130_136_137_143_144_145_151_152_158_159_169_283_284_286_287  7.68e+07  6.65e+07  -2867.81  -4216.69   4825.73    726.79     46.58    235.78   -789.74   -288.15      0.00 0
694 2212      0_1_2_3_4_5_6_7_8_9_10_11_12_13_14_15_16_17_18_19_20_21_22_23_24_25_26_27_28_29_30_31_32_33_34_35_36_37_38_39_40_41_42_43_44_45_46_47_48_49_50_51_52_53_54_55_56_57_58_59_60_61_62_63_64_65_66_67_68_69_70_71_72_73_74_75_76_77_78_79_80_81_82_83_84_85_86_87_88_89_90_91_92_93_94_95_96_97_98_99_100_101_102_103_104_105_106_107_108_109_110_111_112_113_114_115_116_117_118_119_120_121_122_123_124_125_126_127_128_129_130_131_132_133_134_135_136_137_138_139_140_141_142_143_144_145_146_147_148_149_150_151_152_153_154_155_156_157_158_159_160_161_162_163_164_165_166_167_168_169_170_171_172_173_174_175_176_177_178_179_180_181_182_183_184_185_186_187_188_189_190_191_192_193_194_195_196_197_198_199_200_201_202_203_204_205_206_207_208_209_210_211_212_213_214_215_216_217_218_219_220_221_222_223_224_225_226_227_228_229_230_231_232_233_234_235_236_237_238_239_240_241_242_243_244_245_246_247_248_249_250_251_252_253_254_255_256_257_258_259_260_261_262_263_264_265_266_267_268_272_273_277_278_279_280_281_282_283_284_285_286_287_288  7.71e+07  6.16e+07 166193.22 -35416.42  15105.62    688.82     84.92    347.97  -5542.90    -87.33      0.00 0
7468 2212      0_1_2_3_5_6_7_8_11_12_13_14_17_18_19_20_24_25_26_27_31_32_33_34_39_40_41_42_47_48_49_50_69_70_71_72_99_100_101_102_163_164_165_195_196_197_221_222_230_231_238  7.78e+07  6.27e+07 -36161.45  61145.68  14104.63    608.03     78.77    120.60  -4006.76  -3849.00      0.00 0
7910 2212      196_197_222_223_224_231_232_240_241  7.91e+07  6.66e+07  14863.56   7003.77   8411.79    665.04     62.89     25.23  -2961.15   2426.64      0.00 0
16428 2212      0_1_2_3_4_5_6_7_8_9_10_11_12_13_14_15_16_18_19_20_21_22_23_25_26_27_28_29_30_32_33_34_35_36_37_38_40_41_42_43_44_45_46_49_50_51_52_53_54_55_56_57_58_59_60_61_62_63_64_65_66_67_68_71_72_73_74_75_76_77_78_79_80_81_82_83_84_85_86_87_88_89_90_91_92_93_94_95_96_97_98_102_103_104_105_106_107_108_109_110_111_112_113_114_115_116_117_118_119_120_121_122_123_124_125_126_127_128_129_130_131_132_133_134_135_136_137_138_139_140_141_142_143_144_145_146_147_148_149_150_151_152_153_154_155_156_157_158_159_160_161_162_166_167_168_169_170_171_172_173_174_175_176_177_178_179_180_181_182_183_184_185_186_187_188_189_190_191_192_193_194_197_198_199_200_201_202_203_204_205_206_207_208_209_210_211_212_213_214_215_216_217_218_219_220_223_224_225_226_227_228_229_232_233_234_235_236_237_240_241_242_243_244_245_247_248_249_250_251_252_255_256_257_258_259_261_262_263_264_265_267_268_269_270_271_273_274_275_276_277_278_279_280_281_282_283_284_285_286_287_288  7.93e+07  6.48e+07  13712.21 161938.50  15190.78    682.01     84.66     85.16   2659.93  -6929.27      0.00 0
10188 2212      130_137_138_144_145_146_151_152_153_158_159_160_168_169_170_171_179_180_181_184_185_186_187_190_191_192_199_200_201_202_208_209_210_211_212_213_214_215_217_218_219_220_225_281_283_285_288  7.90e+07  6.42e+07  -1030.34  -8904.99   6358.90    703.09     54.65    263.40   -184.44   1027.80      0.00 5
5374 2212      0_1_2_5_6_7_11_12_13_14_17_18_19_20_24_25_26_27_28_32_33_34_35_40_41_42_43_44_48_49_50_51_52_56_57_58_59_60_61_62_63_64_65_66_67_68_71_72_73_74_75_76_77_78_79_82_83_84_85_86_87_88_89_90_91_92_93_94_95_96_97_98_101_102_103_104_105_106_107_108_109_110_114_115_116_117_118_119_120_121_122_123_124_125_126_127_128_129_130_131_132_133_134_135_136_137_138_139_140_141_142_143_144_145_146_147_148_149_150_151_152_153_154_155_156_157_158_159_160_161_162_166_167_168_169_170_171_172_173_174_175_178_179_180_181_182_183_184_185_186_187_188_189_190_191_192_193_194_197_198_199_200_201_202_203_204_205_208_209_210_211_212_213_214_215_216_217_218_219_220_223_224_225_226_227_228_232_233_234_235_236_240_241_242_243_244_245_248_249_250_251_252_255_256_257_258_259_262_263_264_265_268_269_270_271_274_275_276_277_278_279_280_281_282_283_284_285_286_287_288  8.05e+07  6.85e+07 -37862.60 -76845.38  13967.06    707.36     80.74    243.77   1526.12   3498.24      0.00 0
17004 2212      240_247_248_254_255_260_261_266_267_272  8.06e+07  6.92e+07  14459.38 -23475.83  10292.12    651.28     69.53    301.63  -3705.73   6446.78      0.00 0
2702 2212      24_31_32_39_40_47_48_49_69_70_71_99_100_101_102_120_127_135_142_143_150_151_157_163_164_165_166_167_168_178_179_184_185_189_190_195_196_197_198_199_200_208_209_212_213_214_217_218_221_222_223_224_225_230_231_232_233_234_238_239_240_241_242_246_247_248_249_250_253_254_255_256_257_260_261_262_263_264_266_267_268_269_270_272_273_274_275_276_285_286  8.07e+07  7.34e+07 -48346.20 -63051.56  13253.19    781.50     80.53    232.52  -6214.91    -58.73      0.00 0
13974 2212      45_53_54_79_80_111_175_206  8.09e+07  6.81e+07   -803.04 -16841.01   8325.48    692.48     63.72    267.27   4397.51  -1096.44      0.00 0
13452 2212      47_69_70_71_100_101_102_164_165_166_167_178_189_196_197_198_199_208_212_217_223_224_225_232_233  8.12e+07  6.43e+07 -22375.34 -13439.15   9873.19    684.93     69.28    210.99  -4382.92    216.83      0.00 0
4990 2212      9_14_15_20_21_27_28_34_35_41_42_43_50_51_56_57_58_59_60_61_62_63_64_65_66_67_68_71_72_73_74_75_76_82_83_84_85_88_89_90_91_93_94_95_96_102_103_104_105_106_114_115_116_117_120_121_122_123_127_128_129_130_135_136_137_142_143_144_145_150_151_152_157_158_165_166_167_168_178_179_184_189_197_198_223_231_232_239_280_282_284_285_286_287  8.10e+07  6.65e+07 -19234.36  25552.69  10145.55    761.74     72.40    126.97  -1831.46   -663.62      0.00 0
21876 2212      2_3_4_8_9_10_14_15_16_20_21_22_27_28_29_35_36_37_43_44_45_52_53_58_59_63_64_67_68_76_77_78_79_85_86_87_91_92_97_98_107_108_109_110_111_118_119_124_125_126_132_133_134_139_140_141_147_148_149_154_155_156_161_162_172_173_174_175_182_183_188_193_194_203_204_205_206_211_216_226_227_228_235_236_243_244_250_251_258_264_265_271_276_277_278_279_280  8.22e+07  6.70e+07  -5621.04 -46314.18  11718.69    730.94     75.90    263.08   2127.94  -5576.92      0.00 0
3340 2212      239_246_247_253  8.25e+07  6.86e+07   8506.05  -1457.02   6552.85    655.56     52.79    350.28  -4659.33   4265.61      0.00 5
5014 2212      254_255_256_260_261_262_263_267_268_269_270_273_274_275_276  8.29e+07  7.11e+07 -23509.20  -7511.78   9409.62    728.23     69.13    197.72   -740.34   6183.71      0.00 0
21174 2212      56_60_61_65_66_73_74_82_83_84_88_89_93_94_95_104_105_115_116_122_282_284_287  8.32e+07  7.03e+07   2561.19   3130.28   4735.55    665.22     40.50     50.71   -574.26   -766.08      0.00 23
14362 2212      0_1_2_3_4_5_6_7_8_9_10_11_12_13_14_15_16_17_18_19_20_21_22_23_24_25_26_27_28_29_30_31_32_33_34_35_36_37_38_39_40_41_42_43_44_45_46_47_48_49_50_51_52_53_54_55_56_57_58_59_60_61_62_63_64_65_66_67_68_69_70_71_72_73_74_75_76_77_78_79_80_81_82_83_84_85_86_87_88_89_90_91_92_93_94_95_96_97_98_99_100_101_102_103_104_105_106_107_108_109_110_111_112_113_114_115_116_117_118_119_120_121_122_123_124_125_126_127_128_129_130_131_132_133_134_135_136_137_138_139_140_141_142_143_144_145_146_147_148_149_150_151_152_153_154_155_156_157_158_159_160_161_162_163_164_165_166_167_168_169_170_171_172_173_174_175_176_177_178_179_180_181_182_183_184_185_186_187_188_189_190_191_192_193_194_195_196_197_198_199_200_201_202_203_204_205_206_207_208_209_210_211_212_213_214_215_216_217_218_219_220_221_222_223_224_225_226_227_228_229_230_231_232_233_234_235_236_237_238_239_240_241_242_243_244_245_246_247_248_249_250_251_252_253_254_255_256_257_258_259_260_261_262_263_264_265_266_267_268_269_270_271_272_273_274_275_276_277_278_279_280_281_282_283_284_285_286_287_288  8.34e+07  7.08e+07 247690.42 -59968.38  13846.60    654.74     86.89    346.39  -3782.30   2352.69      0.00 0
23582 2212      71_72_102_103_114_120_127_128_135_136_142_143_144_150_151_157_158_166_167_168_169_178_179_184_185_189_190_198_199_200_208_209_212_213_217_218_285_286  8.39e+07  6.90e+07  11626.28  10483.06   8464.38    633.13     61.60     42.04  -1991.37    237.46      0.00 0
10434 2212      0_1_2_3_4_5_6_7_8_9_10_11_12_13_14_15_16_17_18_19_20_21_22_23_24_25_26_27_28_29_30_31_32_33_34_35_36_37_38_39_40_41_42_43_44_45_46_47_48_49_50_51_52_53_54_55_56_57_58_59_60_61_62_63_64_65_66_67_68_69_70_71_72_73_74_75_76_77_78_79_80_81_82_83_84_85_86_87_88_89_90_91_92_93_94_95_96_97_98_99_100_101_102_103_104_105_106_107_108_109_110_111_112_113_114_115_116_117_118_119_120_121_122_123_124_125_126_127_128_129_130_131_132_133_134_135_136_137_138_139_140_141_142_143_144_145_146_147_148_149_150_151_152_153_154_155_156_157_158_159_160_161_162_163_164_165_166_167_168_169_170_171_172_173_174_175_176_177_178_179_180_181_182_183_184_185_186_187_188_189_190_191_192_193_194_195_196_197_198_199_200_201_202_203_204_205_206_207_208_209_210_211_212_213_214_215_216_217_218_219_220_221_222_223_224_225_226_227_228_229_230_231_232_233_234_235_236_237_238_239_240_241_242_243_244_245_246_247_248_249_250_251_252_253_254_255_256_257_258_259_260_261_262_263_264_265_266_267_268_269_270_271_272_273_274_275_276_277_278_279_280_281_282_283_284_285_286_287_288  8.39e+07  6.73e+07 172605.55 155523.88  13884.73    723.95     86.58     42.02  -1197.79    327.41      0.00 0
20570 2212      55_81_112_113_175_176_177_206_207_227_228_229_235_236_237_243_244_245_250_251_252_257_258_259_263_264_265_268_269_270_271_274_275_276  8.41e+07  6.99e+07  39880.62 -54072.99  12586.20    802.04     79.39    306.41   4286.69   5475.70      0.00 0
3192 2212      165_197_222_223_231_239  8.44e+07  7.16e+07  -5258.07  12706.64   7834.22    667.05     60.33    112.48  -4232.05   1908.47      0.00 0
20310 2212      0_1_2_3_5_6_7_8_11_12_13_14_17_18_19_20_24_25_26_31_32_33_34_39_40_41_47_48_49_69_70_71_99_100_101_163_164_195_196_221  8.45e+07  6.64e+07 -51536.53  65467.73  14212.03    661.57     80.32    128.21  -3513.91  -6570.78      0.00 0
2052 2212      11_12_13_14_17_18_19_20_21_24_25_26_27_28_29_31_32_33_34_35_36_37_40_41_42_43_44_45_50_51_52  8.48e+07  6.84e+07  38288.97   4315.10  11706.72    626.89     73.10      6.43   -461.67  -3930.14      0.00 0
8270 2212      0_1_2_3_6_7_8_9_12_13_14_15_19_20_21_22_27_28_29_36  8.48e+07  6.89e+07  32256.66  21415.05  11608.64    643.03     73.31     33.58   -900.09  -6791.28      0.00 0
10538 2212      22_29_30_37_38_45_46_53_54_55_80_81_112_113_176_177_207  8.40e+07  7.00e+07  16149.44  22490.89  10209.28    665.95     69.76     54.32   6159.21   -972.53      0.00 0
17150 2212      17_24_25_26_27_28_29_30_31_32_33_34_35_36_37_38_39_40_41_42_43_44_45_46_47_48_49_50_51_52_53_54_55_56_57_58_59_60_61_62_63_64_65_66_67_68_69_70_71_72_73_74_75_76_77_78_79_80_81_82_83_84_85_86_87_88_89_90_91_92_93_94_95_96_97_98_99_100_101_102_103_104_105_106_107_108_109_110_111_112_113_114_115_116_117_118_119_120_121_122_123_124_125_126_127_128_129_130_131_132_133_134_135_136_137_138_139_140_141_142_143_144_145_146_147_148_149_150_151_152_153_154_155_156_157_158_159_160_161_162_163_164_165_166_167_168_169_170_171_172_173_174_175_176_177_178_179_180_181_182_183_184_185_186_187_188_189_190_191_192_193_194_195_196_197_198_199_200_201_202_203_204_205_206_207_208_209_210_211_212_213_214_215_216_217_218_219_220_221_222_223_224_225_226_227_228_229_230_231_232_233_234_235_236_237_238_239_240_241_242_243_244_245_246_247_248_249_250_251_252_253_254_255_256_257_258_259_260_261_262_263_264_265_266_267_268_269_270_271_272_273_274_275_276_277_278_279_280_281_282_283_284_285_286_287_288  8.52e+07  7.16e+07 -174030.23 -25512.36  15048.20    691.12     85.11    188.34   3064.57   4047.32      0.00 0
8214 2212      0_1_2_3_4_5_6_7_8_9_10_11_12_13_14_15_16_17_18_19_20_21_22_23_24_25_26_27_28_29_30_31_32_33_34_35_36_37_38_39_40_41_42_43_44_45_46_47_48_49_50_51_52_53_54_55_56_57_58_59_60_61_62_63_64_65_66_67_68_69_70_71_72_73_74_75_76_77_78_79_80_81_82_83_84_85_86_87_88_89_90_91_92_93_94_95_96_97_98_99_100_101_102_103_104_105_106_107_108_109_110_111_112_113_114_115_116_117_118_119_120_121_122_123_124_125_126_127_128_129_130_131_132_133_134_135_136_137_138_139_140_141_142_143_144_145_146_147_148_149_150_151_152_153_154_155_156_157_158_159_160_161_162_163_164_165_166_167_168_169_170_171_172_173_174_175_176_177_178_179_180_181_182_183_184_185_186_187_188_189_190_191_192_193_194_195_196_197_198_199_200_201_202_203_204_205_206_207_208_209_210_211_212_213_214_215_216_217_218_219_220_221_222_223_224_225_226_227_228_229_230_231_232_233_234_235_236_237_238_239_240_241_242_243_244_245_246_247_248_249_250_251_252_253_254_255_256_257_258_259_260_261_262_263_264_265_266_267_268_269_270_271_272_273_274_275_276_277_278_279_280_281_282_283_284_285_286_287_288  8.53e+07  6.98e+07  24340.78 -264898.81  13708.47    631.62     87.05    275.25  -1258.74  -5413.01      0.00 0
2194 2212      135_136_142_143_144_145_150_151_152_153_157_158_159_167_168_169_170_178_179_180_181_184_185_186_189_190_191_192_199_200_201_208_209_210_212_213_214_217_218_281_283_285_286_288  8.57e+07  7.05e+07  -6947.07  -1540.13   5124.49    820.74     54.24    192.50   -906.29    635.10      0.00 2
20524 2212      126_133_134_141_148_149_156_162_173_174_204  8.58e+07  7.43e+07   4573.36   5718.70   5444.13    770.98     53.37     51.35   2079.04    657.82      0.00 5
24270 2212      17_24_25_26_31_32_33_34_39_40_41_42_43_47_48_49_50_51_52_56_57_58_59_60_61_62_63_64_65_66_67_68_70_71_72_73_74_75_76_77_78_79_82_83_84_85_86_87_88_89_90_91_92_93_94_95_96_97_98_101_102_103_104_105_106_107_108_109_110_111_114_115_116_117_118_119_120_121_122_123_124_125_126_127_128_129_130_131_132_133_134_135_136_137_138_139_140_141_142_143_144_145_146_147_148_149_150_151_152_153_154_155_156_157_158_159_160_161_162_166_167_168_169_170_171_172_173_174_175_176_178_179_180_181_182_183_184_185_186_187_188_189_190_191_192_193_194_197_198_199_200_201_202_203_204_205_206_207_208_209_210_211_212_213_214_215_216_217_218_219_220_224_225_226_227_228_229_233_234_235_236_237_242_243_244_245_250_251_252_258_259_265_277_278_279_280_281_282_283_284_285_286_287_288  8.58e+07  6.75e+07  48879.96  29532.84  12922.45    661.83     77.25     31.14   5090.33   3049.46      0.00 0
9222 2212      157_167_168_178_179_184_189_190_198_199_208_212_217_285  8.59e+07  7.49e+07    999.12  -6293.96   5780.50    655.68     47.79    279.02  -1136.24   1220.81      0.00 0
7330 2212      56_60_61_65_73_74_82_83_88_93_94_103_104_114_120_287  8.62e+07  7.51e+07  -2129.55   4226.79   4418.17    771.59     46.97    116.74   -993.08   -920.04      0.00 27
20082 2212      200_201_208_209_210_212_213_214_215_217_218_219_225  8.72e+07  7.16e+07   4592.84   -147.55   4736.92    704.31     44.13    358.16   -211.64   1489.49      0.00 4
22620 2212      0_1_2_3_4_5_6_7_8_9_10_11_12_13_14_15_16_17_18_19_20_21_22_23_24_25_26_27_28_29_30_31_32_33_34_35_36_37_38_39_40_41_42_43_44_45_46_47_48_49_50_51_52_53_54_55_56_57_58_59_60_61_62_63_64_65_66_67_68_69_70_71_72_73_74_75_76_77_78_79_80_81_82_83_84_85_86_87_88_89_90_91_92_93_94_95_96_97_98_99_100_101_102_103_104_105_106_107_108_109_110_111_112_113_114_115_116_117_118_119_120_121_122_123_124_125_126_127_128_129_130_131_132_133_134_135_136_137_138_139_140_141_142_143_144_145_146_147_148_149_150_151_152_153_154_155_156_157_158_159_160_161_162_163_164_165_166_167_168_169_170_171_172_173_174_175_176_177_178_179_180_181_182_183_184_185_186_187_188_189_190_191_192_193_194_195_196_197_198_199_200_201_202_203_204_205_206_207_208_209_210_211_212_213_214_215_216_217_218_219_220_221_222_223_224_225_226_227_228_229_230_231_232_233_234_235_236_237_238_239_240_241_242_243_244_245_246_247_248_249_250_251_252_253_254_255_256_257_258_259_260_261_262_263_264_265_266_267_268_269_270_271_272_273_274_275_276_277_278_279_280_281_282_283_284_285_286_287_288  8.84e+07  7.21e+07 -259538.22  56635.94  12574.01    773.42     87.29    167.69   -121.92  -1033.43      0.00 0
15258 2212      126_134_141_149  8.86e+07  7.50e+07  -3405.34    826.99   3753.98    784.35     43.03    166.35   1681.03   -144.85      0.00 16
10100 2212      0_1_2_3_4_5_6_7_8_9_10_11_12_13_14_15_16_18_19_20_21_22_23_27_28_29_30_35_36_37_38_44_45_46_53_54_55_81_113  8.80e+07  7.43e+07  80824.56  37380.43  14295.39    677.27     80.88     24.82   3756.94  -6519.15      0.00 0
13568 2212      81_113_176_207  8.91e+07  7.55e+07   4863.06  -7531.55   6694.59    649.75     53.25    302.85   6973.29    -24.50      0.00 4
2348 2212      0_1_2_3_4_5_6_7_8_9_10_11_12_13_14_15_16_17_18_19_20_21_22_23_24_25_26_27_28_29_30_31_32_33_34_35_36_37_38_39_40_41_42_43_44_45_46_47_48_49_50_51_52_53_54_55_56_57_58_59_60_61_62_63_64_65_66_67_68_69_70_71_72_73_74_75_76_77_78_79_80_81_82_83_84_85_86_87_88_89_90_91_92_93_94_95_96_97_98_99_100_101_102_103_104_105_106_107_108_109_110_111_112_113_114_115_116_117_118_119_120_121_122_123_124_125_126_127_128_129_130_131_132_133_134_135_136_137_138_139_140_141_142_143_144_145_146_147_148_149_150_151_152_153_154_155_156_157_158_159_160_161_162_163_164_165_166_167_168_169_170_171_172_173_174_175_176_177_178_179_180_181_182_183_184_185_186_187_188_189_190_191_192_193_194_195_196_197_198_199_200_201_202_203_204_205_206_207_208_209_210_211_212_213_214_215_216_217_218_219_220_221_222_223_224_225_226_227_228_229_230_231_232_233_234_235_236_237_238_239_240_241_242_243_244_245_246_247_248_249_250_251_252_253_254_255_256_257_258_259_260_261_262_263_264_265_266_267_268_269_270_271_272_273_274_275_276_277_278_279_280_281_282_283_284_285_286_287_288  8.91e+07  7.10e+07  56590.26 242415.41  13481.73    720.07     86.90     76.86   1398.68  -4554.93      0.00 0
24802 2212      0_1_2_3_4_5_6_7_8_9_11_12_13_14_15_17_18_19_20_21_22_24_25_26_27_28_29_31_32_33_34_35_36_39_40_41_42_43_44_47_48_49_50_51_52_53_56_57_58_59_60_61_62_63_64_65_66_67_68_69_70_71_72_73_74_75_76_77_78_79_82_83_84_85_86_87_88_89_90_91_92_93_94_95_96_97_98_100_101_102_103_104_105_106_107_108_109_110_114_115_116_117_118_119_120_121_122_123_124_125_126_127_128_129_130_131_132_133_134_135_136_137_138_139_140_141_142_143_144_145_146_147_148_149_150_151_152_153_154_155_156_157_158_159_160_161_162_164_165_166_167_168_169_170_171_172_173_174_178_179_180_181_182_183_184_185_186_187_188_189_190_191_192_193_194_195_196_197_198_199_200_201_202_203_204_205_208_209_210_211_212_213_214_215_216_217_218_219_220_221_222_223_224_225_226_227_230_231_232_233_234_235_238_239_240_241_242_243_246_247_248_249_250_251_253_254_255_256_257_258_260_261_262_263_264_266_267_268_269_270_272_273_274_275_276_277_278_279_280_281_282_283_284_285_286_287_288  8.93e+07  7.41e+07   3645.51 -117306.16  15201.11    646.82     82.62    271.78  -1595.85  -4186.47      0.00 0
5540 2212      93_103_104_114_115_120_121_127_128_129_135_136_142_143_144_150_151_157_166_167_178_285_286_287  8.96e+07  7.54e+07  -6643.83   3538.54   6026.27    681.51     51.32    151.96  -1717.23    148.59      0.00 0
21480 2212      1_2_6_7_8_12_13_14_19_20_26_27_33_34_41_42_50  8.98e+07  7.21e+07 -10664.68  33256.47  10710.86    720.76     72.95    107.78   -665.41  -6480.85      0.00 0
7894 2212      0_1_2_3_4_5_6_7_8_9_10_11_12_13_14_15_16_17_18_19_20_21_22_23_24_25_26_27_28_29_30_31_32_33_34_35_36_37_38_39_40_41_42_43_44_45_46_47_48_49_50_51_52_53_54_55_56_57_58_59_60_61_62_63_64_65_66_67_68_69_70_71_72_73_74_75_76_77_78_79_80_81_82_83_84_85_86_87_88_89_90_91_92_93_94_95_96_97_98_99_100_101_102_103_104_105_106_107_108_109_110_111_112_114_115_116_117_118_119_120_121_122_123_124_125_126_127_128_129_130_131_132_133_134_135_136_137_138_139_140_141_142_143_144_145_146_147_148_149_150_151_152_153_154_155_156_157_158_159_160_161_162_163_164_165_166_167_168_169_170_171_172_173_174_175_176_178_179_180_181_182_183_184_185_186_187_188_189_190_191_192_193_194_195_196_197_198_199_200_201_202_203_204_205_206_208_209_210_211_212_213_214_215_216_217_218_219_220_221_222_223_224_225_226_227_228_230_231_232_233_234_235_236_238_239_240_241_242_243_244_246_247_248_249_250_251_253_254_255_256_257_258_260_261_262_263_264_265_266_267_268_269_270_272_273_274_275_276_277_278_279_280_281_282_283_284_285_286_287_288  9.06e+07  7.22e+07  72742.17 -135266.50  15708.96    619.93     84.16    298.27   1055.93  -3918.29      0.00 0
17168 2212      56_57_60_61_62_65_66_73_74_75_82_83_84_88_89_90_93_94_95_96_104_105_106_114_115_116_117_121_122_123_128_129_130_131_136_137_138_144_145_152_153_159_282_283_284_287  9.08e+07  7.70e+07   2550.66   6634.31   6023.53    659.30     49.72     68.97   -473.01   -533.82      0.00 8
18686 2212      0_1_2_3_5_6_7_8_11_12_13_14_17_18_19_20_21_24_25_26_27_28_31_32_33_34_35_36_39_40_41_42_43_44_48_49_50_51_52_53_56_57_58_59_60_61_62_63_64_65_66_67_68_70_71_72_73_74_75_76_77_78_79_82_83_84_85_86_87_88_89_90_91_92_93_94_95_96_97_98_101_102_103_104_105_106_107_108_109_110_114_115_116_117_118_119_120_121_122_123_124_125_126_127_128_129_130_131_132_133_134_135_136_137_138_139_140_141_142_143_144_145_146_147_148_149_150_151_152_153_154_155_156_157_158_159_160_161_162_165_166_167_168_169_170_171_172_173_174_175_178_179_180_181_182_183_184_185_186_187_188_189_190_191_192_193_194_196_197_198_199_200_201_202_203_204_205_208_209_210_211_212_213_214_215_216_217_218_219_220_223_224_225_226_227_231_232_233_234_235_236_239_240_241_242_243_244_247_248_249_250_251_252_254_255_256_257_258_259_260_261_262_263_264_265_267_268_269_270_271_272_273_274_275_276_277_278_279_280_281_282_283_284_285_286_287_288  9.15e+07  7.26e+07 -28270.02 -100104.17  14841.20    659.70     81.88    254.23    256.18   3196.49      0.00 0
12376 2212      239_240_247_248_254_255_256_261_262_263_268_269_274_275  9.26e+07  8.00e+07  18723.30  13095.59   8839.44    782.02     68.85     34.97   -682.51   5501.19      0.00 0
1494 2212      0_5_6_11_12_17_18_24_25_32_33_40_48_49_71_101  9.38e+07  8.67e+07    536.87  32721.04  10098.93    784.86     72.85     89.06  -4124.12  -5587.87      0.00 0
11052 2212      56_57_61_62_66  9.39e+07  8.37e+07   2167.44   1043.58   3793.53    676.12     32.38     25.71   -357.98  -1451.46      0.00 45
24440 2212      164_195_196_222  9.30e+07  7.65e+07  -4312.59  -8775.94   6867.22    660.15     54.92    243.83  -6096.62    870.13      0.00 1
22252 2212      245_252_258_259_264_265  9.42e+07  7.99e+07 -14445.19   6200.17   7653.38    771.50     64.04    156.77   4564.36   4819.65      0.00 0
21212 2212      0_1_2_3_4_5_6_7_8_9_10_11_12_13_14_15_16_17_18_19_20_21_22_23_24_25_26_27_28_29_30_31_32_33_34_35_36_37_38_39_40_41_42_43_44_45_46_47_48_49_50_51_52_53_54_55_56_57_58_59_60_61_62_63_64_65_66_67_68_69_70_71_72_73_74_75_76_77_78_79_80_81_82_83_84_85_86_87_88_89_90_91_92_93_94_95_96_97_98_99_100_101_102_103_104_105_106_107_108_109_110_111_112_113_114_115_116_117_118_119_120_121_122_123_124_125_126_127_128_129_130_131_132_133_134_135_136_137_138_139_140_141_142_143_144_145_146_147_148_149_150_151_152_153_154_155_156_157_158_159_160_161_162_163_164_165_166_167_168_169_170_171_172_173_174_175_176_177_178_179_180_181_182_183_184_185_186_187_188_189_190_191_192_193_194_195_196_197_198_199_200_201_202_203_204_205_206_207_208_209_210_211_212_213_214_215_216_217_218_219_220_221_222_223_224_225_226_227_228_229_230_231_232_233_234_235_236_237_238_239_240_241_242_243_244_246_247_248_249_250_251_252_253_254_255_256_257_258_260_261_262_263_264_266_267_268_269_270_272_273_274_275_277_278_279_280_281_282_283_284_285_286_287_288  9.43e+07  7.75e+07 115874.49 -136586.17  15387.18    645.82     85.09    310.31   2381.14  -5576.77      0.00 0
9670 2212      0_1_2_3_4_5_6_7_8_9_10_11_12_13_14_15_16_17_18_19_20_21_22_23_24_25_26_27_28_29_30_31_32_33_34_35_36_37_38_39_40_41_42_43_44_45_46_47_48_49_50_51_52_53_54_55_56_57_58_59_60_61_62_63_64_65_66_67_68_69_70_71_72_73_74_75_76_77_78_82_83_84_85_86_87_88_89_90_91_92_93_94_95_96_99_100_101_102_103_104_105_163_280_282_287  9.46e+07  7.81e+07 -73687.79  15380.76  13951.56    653.00     79.50    168.21  -2637.52  -3923.22      0.00 0
17614 2212      55_77_78_79_80_81_85_86_87_89_90_91_92_94_95_96_97_98_103_104_105_106_107_108_109_110_111_112_113_114_115_116_117_118_119_120_121_122_123_124_125_126_127_128_129_130_131_132_133_134_135_136_137_138_139_140_141_142_143_144_145_146_147_148_149_150_151_152_153_154_155_156_157_158_159_160_161_162_165_166_167_168_169_170_171_172_173_174_175_176_177_178_179_180_181_182_183_184_185_186_187_188_189_190_191_192_193_194_195_196_197_198_199_200_201_202_203_204_205_206_207_208_209_210_211_212_213_214_215_216_217_218_219_220_221_222_223_224_225_226_227_228_229_230_231_232_233_234_235_236_237_238_239_240_241_242_243_244_245_246_247_248_249_250_251_252_253_254_255_256_257_258_259_260_261_262_263_264_265_266_267_268_269_270_272_273_274_277_278_279_280_281_283_284_285_286_287_288  9.58e+07  7.77e+07  74957.46 -16042.12  13571.51    714.74     79.96    347.92   6923.66   1741.08      0.00 0
4002 2212      2_3_4_7_8_9_10_13_14_15_16_19_20_21_22_23_26_27_28_29_30_33_34_35_36_37_38_41_42_43_44_45_46_49_50_51_52_53_54_55_56_57_58_59_60_61_62_63_64_65_66_67_68_71_72_73_74_75_76_77_78_79_80_81_82_83_84_85_86_87_88_89_90_91_92_93_94_95_96_97_98_101_102_103_104_105_106_107_108_109_110_111_112_113_114_115_116_117_118_119_120_121_122_123_124_125_126_127_128_129_130_131_132_133_134_135_136_137_138_139_140_141_142_143_144_145_146_147_148_149_150_151_152_153_154_155_156_157_158_159_160_161_162_165_166_167_168_169_170_171_172_173_174_175_176_177_178_179_180_181_182_183_184_185_186_187_188_189_190_191_192_193_194_196_197_198_199_200_201_202_203_204_205_206_207_208_209_210_211_212_213_214_215_216_217_218_219_220_222_223_224_225_226_227_228_229_230_231_232_233_234_235_236_237_238_239_240_241_242_243_244_245_246_247_248_249_250_251_252_253_254_255_256_257_258_259_260_261_262_263_264_265_266_267_268_269_270_271_272_273_274_275_276_277_278_279_280_281_282_283_284_285_286_287_288  9.61e+07  7.81e+07 -81224.37 127349.52  15875.72    600.44     84.00    122.53    487.95   4628.85      0.00 0
12454 2212      51_57_58_59_62_63  9.66e+07  8.02e+07   4329.39   2516.73   5072.85    679.93     44.63     30.17    152.41  -1817.59      0.00 22
22628 2212      80_81_112_175_176_206_207_227_228_236_237_244_245_251_252_258_259_265_271_276  9.66e+07  8.40e+07  -8314.76  25009.66  10006.30    669.69     69.21    108.39   4719.27   3169.75      0.00 0
9250 2212      13_14_20_21_27_28_29_35_36_44  9.76e+07  8.02e+07 -14065.59 -10626.15   8720.09    653.04     63.68    217.07   1265.78  -4416.54      0.00 0
18340 2212      257_263_270_275  9.85e+07  8.19e+07   6730.78   8401.39   7498.65    607.73     55.14     51.30   1972.56   6421.09      0.00 0
226 2212      0_1_2_3_4_5_6_7_8_9_10_11_12_13_14_15_16_17_18_19_20_21_22_23_24_25_26_27_28_29_30_31_32_33_34_35_36_37_38_39_40_41_42_43_44_45_46_47_48_49_50_51_52_53_54_55_56_57_58_59_60_61_62_63_64_65_66_67_68_69_70_71_72_73_74_75_76_77_78_79_80_81_82_83_84_85_86_87_88_89_90_91_92_93_94_95_96_97_98_99_100_101_102_103_104_105_106_107_108_109_110_111_112_113_114_115_116_117_118_119_120_121_122_123_124_125_126_127_128_129_130_131_132_133_134_135_136_137_138_139_140_141_142_143_144_145_146_147_148_149_150_151_152_153_154_155_156_157_158_159_160_161_162_163_164_165_166_167_168_169_170_171_172_173_174_175_176_177_178_179_180_181_182_183_184_185_186_187_188_189_190_191_192_193_194_195_196_197_198_199_200_201_202_203_204_205_206_207_208_209_210_211_212_213_214_215_216_217_218_219_220_221_222_223_224_225_226_227_228_229_230_231_232_233_234_235_236_237_238_239_240_241_242_243_244_245_246_247_248_249_250_251_252_253_254_255_256_257_258_259_260_261_262_263_264_265_277_278_279_280_281_282_283_284_285_286_287_288  9.86e+07  8.77e+07 -163532.30   3454.07  15346.59    661.92     84.64    178.79   7286.92  -1151.82      0.00 0
9166 2212      249_250_255_256_257_258_259_262_263_264_265_269_270_271_276  9.88e+07  8.27e+07  24244.30   2240.54   9669.41    677.98     68.34      5.28   2840.41   5470.06      0.00 0
7478 2212      1_2_3_4_6_7_8_9_10_13_14_15_16_20_21_22_23_27_28_29_30_35_36_37_38_44_45_46_53_54_55_80_81_111_112_113_176_177_207  9.95e+07  7.98e+07 -44644.36 -34654.68  12012.86    797.60     78.00    217.82   2512.84  -5721.77      0.00 0
16100 2212      0_1_2_3_4_5_6_7_8_9_11_12_13_14_17_18_19_20_24_25_26_31_32_33_39_40_47_48_69_99  9.99e+07  7.93e+07 -53418.73  32722.22  13144.13    677.42     78.15    148.51  -4505.03  -5326.12      0.00 0
20574 2212      39_48_69_70_100_164_195  1.01e+08  8.49e+07  -5710.22  12759.39   6960.47    835.80     63.53    114.11  -6432.19   -344.15      0.00 0
3234 2212      43_51_56_57_58_59_60_61_62_63_64_65_66_67_68_73_74_75_76_77_82_83_84_85_86_87_88_89_90_91_92_93_94_95_96_97_98_103_104_105_106_107_108_114_115_116_117_118_120_121_122_123_124_125_127_128_129_130_131_132_135_136_137_138_139_140_142_143_144_145_146_147_150_151_152_153_154_157_158_159_160_161_167_168_169_170_171_178_179_180_181_182_184_185_186_187_189_190_191_192_199_200_201_202_208_209_210_212_213_214_217_218_219_277_278_279_280_281_282_283_284_285_286_287_288  1.01e+08  8.61e+07   5086.65 -16773.70   8300.43    718.19     64.66    286.87    -46.46  -1111.61      0.00 0
2002 2212      0_1_2_5_6_7_8_11_12_13_14_17_18_19_20_24_25_26_27_31_32_33_34_35_39_40_41_42_43_47_48_49_50_51_56_57_58_59_60_61_62_63_64_65_66_67_68_69_70_71_72_73_74_75_76_77_82_83_84_85_86_87_88_89_90_91_92_93_94_95_96_97_98_100_101_102_103_104_105_106_107_108_109_114_115_116_117_118_119_120_121_122_123_124_125_126_127_128_129_130_131_132_133_134_135_136_137_138_139_140_141_142_143_144_145_146_147_148_149_150_151_152_153_154_155_156_157_158_159_160_161_162_164_165_166_167_168_169_170_171_172_173_178_179_180_181_182_183_184_185_186_187_188_189_190_191_192_193_194_195_196_197_198_199_200_201_202_203_208_209_210_211_212_213_214_215_216_217_218_219_220_221_222_223_224_225_230_231_232_233_234_238_239_240_241_242_246_247_248_249_253_254_255_256_260_261_262_263_266_267_268_269_272_273_274_277_278_279_280_281_282_283_284_285_286_287_288  1.01e+08  8.17e+07   8807.41  94761.14  14478.00    677.78     81.35     84.69  -3113.36  -1742.32      0.00 0
20196 2212      25_33_41_49_50  1.02e+08  8.53e+07   5518.55  10335.33   7386.76    660.82     57.77     61.90  -2837.81  -2484.90      0.00 0
16262 2212      231_239_240_246_247_254_255_260_261_267_268_273  1.02e+08  8.90e+07  12794.81  15318.71   8970.03    679.21     65.80     50.13  -2970.54   5168.94      0.00 0
5290 2212      29_37_44_45_53_79_110  1.04e+08  8.73e+07   5670.50 -11990.62   7112.01    773.03     61.80    295.31   3523.59  -2637.77      0.00 0
3288 2212      26_33_34_42_43_50_51_52_56_57_58_59_60_61_62_63_64_65_66_67_68_72_73_74_75_76_77_78_82_83_84_85_86_87_88_89_90_91_92_93_94_95_96_97_98_103_104_105_106_107_108_109_110_114_115_116_117_118_119_120_121_122_123_124_125_126_128_129_130_131_132_133_134_136_137_138_139_140_141_143_144_145_146_147_148_149_151_152_153_154_155_156_158_159_160_161_162_169_170_171_172_173_174_175_179_180_181_182_183_185_186_187_188_191_192_193_194_201_202_203_204_205_209_210_211_214_215_216_219_220_226_227_228_235_236_237_243_244_245_251_252_259_277_278_279_280_281_282_283_284_286_287_288  1.04e+08  9.11e+07  25026.92  25592.36  10916.45    702.45     73.04     45.64   3254.50   2017.08      0.00 0
8598 2212      0_1_2_5_6_7_8_11_12_13_17_18_19_24_25_26_31_32_33_39_40_41_47_48_49_69_70_71_99_100_101_163_164_195_221  1.05e+08  8.38e+07  46079.89 -46678.91  13702.83    623.74     78.20    314.63  -5131.13  -4027.83      0.00 0
6154 2212      0_1_2_3_5_6_7_8_9_11_12_13_14_15_17_18_19_20_21_22_24_25_26_27_28_29_31_32_33_34_35_36_37_39_40_41_42_43_44_45_47_48_49_50_51_52_53_54_56_57_58_59_60_61_62_63_64_65_66_67_68_69_70_71_72_73_74_75_76_77_78_79_80_82_83_84_85_86_87_88_89_90_91_92_93_94_95_96_97_98_99_100_101_102_103_104_105_106_107_108_109_110_111_112_114_115_116_117_118_119_120_121_122_123_124_125_126_127_128_129_130_131_132_133_134_135_136_137_138_139_140_141_142_143_144_145_146_147_148_149_150_151_152_153_154_155_156_157_158_159_160_161_162_163_164_165_166_167_168_169_170_171_172_173_174_175_176_178_179_180_181_182_183_184_185_186_187_188_189_190_191_192_193_194_195_196_197_198_199_200_201_202_203_204_205_206_207_208_209_210_211_212_213_214_215_216_217_218_219_220_221_222_223_224_225_226_227_228_229_230_231_232_233_234_235_236_237_238_239_240_241_242_243_244_245_246_247_248_249_250_251_252_253_254_255_256_257_258_259_260_261_262_263_264_265_266_267_268_269_270_271_272_273_274_275_276_277_278_279_280_281_282_283_284_285_286_287_288  1.05e+08  8.53e+07  80751.92 143545.80  15713.81    617.51     84.55     60.64  -1485.26   1023.16      0.00 0
4974 2212      0_1_2_3_4_5_6_7_8_9_10_11_12_13_14_15_16_17_18_19_20_21_22_23_24_25_26_27_28_29_30_31_32_33_34_35_36_37_38_39_40_41_42_43_44_45_46_47_48_49_50_51_52_53_54_55_56_57_58_59_60_61_62_63_64_65_66_67_68_69_70_71_72_73_74_75_76_77_78_79_80_81_82_83_84_85_86_87_88_89_90_91_92_93_94_95_96_97_98_99_100_101_102_103_104_105_106_107_108_109_110_111_112_113_114_115_116_117_118_119_120_121_122_123_124_125_126_127_128_129_130_131_132_133_134_135_136_137_138_139_140_141_142_143_144_145_146_147_148_149_150_151_152_153_154_155_156_157_158_159_160_161_162_164_165_166_167_168_169_170_171_172_173_174_175_176_177_178_179_180_181_182_183_184_185_186_187_188_189_190_191_192_193_194_195_196_197_198_199_200_201_202_203_204_205_206_207_208_209_210_211_212_213_214_215_216_217_218_219_220_222_223_224_225_226_227_228_229_230_231_232_233_234_235_236_237_239_240_241_242_243_244_245_246_247_248_249_250_251_252_254_255_256_257_258_259_260_261_262_263_264_265_267_268_269_270_271_272_273_274_275_276_277_278_279_280_281_282_283_284_285_286_287_288  1.05e+08  8.84e+07  88544.68 197666.38  14651.84    670.59     86.13     65.87   1695.65  -3934.95      0.00 0
15342 2212      40_41_48_49_50_51_52_56_57_58_59_60_61_62_63_64_65_66_67_68_70_71_72_73_74_75_76_77_78_79_80_82_83_84_85_86_87_88_89_90_91_92_93_94_95_96_97_98_101_102_103_104_105_106_107_108_109_110_111_112_113_114_115_116_117_118_119_120_121_122_123_124_125_126_127_128_129_130_131_132_133_134_135_136_137_138_139_140_141_142_143_144_145_146_147_148_149_150_151_152_153_154_155_156_157_158_159_160_161_162_166_167_168_169_170_171_172_173_174_175_176_177_178_179_180_181_182_183_184_185_186_187_188_189_190_191_192_193_194_198_199_200_201_202_203_204_205_206_207_208_209_210_211_212_213_214_215_216_217_218_219_220_225_226_227_228_229_234_235_236_237_243_244_245_251_252_259_277_278_279_280_281_282_283_284_285_286_287_288  1.06e+08  8.59e+07 -56395.99 -18946.48  13265.67    635.26     77.43    198.57   5320.94   1870.30      0.00 0
15022 2212      152_157_158_159_167_168_169_170_178_179_180_181_184_185_186_187_189_190_191_192_193_199_200_201_202_208_209_210_211_212_213_214_215_217_218_219_281_283_285_288  1.07e+08  8.88e+07  -7193.12   -462.64   5956.61    675.05     50.43    183.68   -562.04    996.87      0.00 2
22582 2212      16_22_23_30  1.07e+08  8.83e+07   8843.93   2587.82   6702.30    660.06     53.97     16.31   4334.23  -4659.37      0.00 1
1414 2212      10_15_16_21_22_23_26_27_28_29_30_33_34_35_36_37_38_40_41_42_43_44_45_46_48_49_50_51_52_53_54_55_56_57_58_59_60_61_62_63_64_65_66_67_68_69_70_71_72_73_74_75_76_77_78_79_80_82_83_84_85_86_87_88_89_90_91_92_93_94_95_96_97_98_99_100_101_102_103_104_105_106_107_108_109_110_111_114_115_116_117_118_119_120_121_122_123_124_125_126_127_128_129_130_131_132_133_134_135_136_137_138_139_140_141_142_143_144_145_146_147_148_149_150_151_152_153_154_155_156_157_158_159_160_161_162_163_164_165_166_167_168_169_170_171_172_173_174_175_178_179_180_181_182_183_184_185_186_187_188_189_190_191_192_193_194_195_196_197_198_199_200_201_202_203_204_205_208_209_210_211_212_213_214_215_216_217_218_219_220_221_222_223_224_225_226_230_231_232_233_234_238_239_240_241_246_247_248_253_254_255_260_261_266_277_278_279_280_281_282_283_284_285_286_287_288  1.07e+08  9.72e+07  76079.21 -43835.88  13859.74    733.73     81.03    330.05  -6255.85   2854.53      0.00 0
4116 2212      0_1_2_3_4_5_6_7_8_9_10_11_12_13_14_15_16_17_18_19_20_21_22_24_25_26_27_28_29_31_32_33_34_35_36_37_39_40_41_42_43_44_45_47_48_49_50_51_52_53_56_57_58_59_60_61_62_63_64_65_66_67_68_69_70_71_72_73_74_75_76_77_78_79_82_83_84_85_86_87_88_89_90_91_92_93_94_95_96_97_98_99_100_101_102_103_104_105_106_107_108_109_110_111_114_115_116_117_118_119_120_121_122_123_124_125_126_127_128_129_130_131_132_133_134_135_136_137_138_139_140_141_142_143_144_145_146_147_148_149_150_151_152_153_154_155_156_157_158_159_160_161_162_163_164_165_166_167_168_169_170_171_172_173_174_175_178_179_180_181_182_183_184_185_186_187_188_189_190_191_192_193_194_195_196_197_198_199_200_201_202_203_204_205_208_209_210_211_212_213_214_215_216_217_218_219_220_221_222_223_224_225_226_227_230_231_232_233_234_235_236_238_239_240_241_242_243_244_246_247_248_249_250_251_253_254_255_256_257_258_260_261_262_263_264_266_267_268_269_270_272_273_274_275_276_277_278_279_280_281_282_283_284_285_286_287_288  1.07e+08  8.29e+07  28512.80 -244188.98  13960.26    671.30     86.75    276.66  -6740.02  -1468.20      0.00 0
770 2212      2_3_4_8_9_14_15_20_21_22_28_29_35_36_37_43_44_45_52_53_78_79_110_111  1.09e+08  8.80e+07  12000.46  37670.51  11921.50    611.05     73.22     72.33   1825.68  -5323.85      0.00 0
9126 2212      24_25_26_27_28_31_32_33_34_35_36_37_39_40_41_42_43_44_45_46_47_48_49_50_51_52_53_54_55_56_57_58_59_60_61_62_63_64_65_66_67_68_69_70_71_72_73_74_75_76_77_78_79_80_81_82_83_84_85_86_87_88_89_90_91_92_93_94_95_96_97_98_99_100_101_102_103_104_105_106_107_108_109_110_111_112_113_114_115_116_117_118_119_120_121_122_123_124_125_126_127_128_129_130_131_132_133_134_135_136_137_138_139_140_141_142_143_144_145_146_147_148_149_150_151_152_153_154_155_156_157_158_159_160_161_162_164_165_166_167_168_169_170_171_172_173_174_175_176_177_178_179_180_181_182_183_184_185_186_187_188_189_190_191_192_193_194_197_198_199_200_201_202_203_204_205_206_207_208_209_210_211_212_213_214_215_216_219_220_277_278_279_280_281_282_283_284_285_286_287_288  1.09e+08  8.54e+07  53572.04   3370.47  13254.13    588.20     76.13      3.60   1460.26  -1329.98      0.00 0
4098 2212      128_129_135_136_137_142_143_144_145_150_151_152_157_158_159_167_168_169_178_179_180_184_185_189_190_198_199_200_208_212_283_285_286  1.11e+08  9.18e+07  -6790.58   2395.34   6294.83    624.51     48.84    160.57  -1356.60    659.63      0.00 21
14458 2212      27_35_43_52  1.11e+08  9.12e+07  -8952.48  -9563.49   8040.21    613.59     58.46    226.89    589.29  -3185.71      0.00 0
14526 2212      176_206_207_229_237  1.11e+08  9.20e+07  -9652.63 -10497.16   7966.69    664.02     60.81    227.40   6312.79   1555.22      0.00 0
504 2212      17_18_24_25_26_27_28_29_30_31_32_33_34_35_36_37_38_39_40_41_42_43_44_45_46_47_48_49_50_51_52_53_54_55_56_57_58_59_60_61_62_63_64_65_66_67_68_69_70_71_72_73_74_75_76_77_78_79_80_81_82_83_84_85_86_87_88_89_90_91_92_93_94_95_96_97_98_99_100_101_102_103_104_105_106_107_108_109_110_111_112_113_114_115_116_117_118_119_120_121_122_123_124_125_126_127_128_129_130_131_132_133_134_135_136_137_138_139_140_141_142_143_144_145_146_147_148_149_150_151_152_153_154_155_156_157_158_159_160_161_162_163_164_165_166_167_168_169_170_171_172_173_174_175_176_177_178_179_180_181_182_183_184_185_186_187_188_189_190_191_192_193_194_195_196_197_198_199_200_201_202_203_204_205_206_207_208_209_210_211_212_213_214_215_216_217_218_219_220_221_222_223_224_225_226_227_228_229_230_231_232_233_234_235_236_237_238_239_240_241_242_243_244_245_246_247_248_249_250_251_252_255_256_257_258_259_263_264_265_271_277_278_279_280_281_282_283_284_285_286_287_288  1.12e+08  9.52e+07 -100507.81 -18428.50  13488.98    857.68     82.48    190.39   -835.52    246.68      0.00 0
24194 2212      0_1_2_3_5_6_7_8_11_12_13_14_17_18_19_20_21_24_25_26_27_28_32_33_34_35_39_40_41_42_43_48_49_50_51_56_57_58_59_60_61_62_63_64_65_66_67_68_70_71_72_73_74_75_76_77_82_83_84_85_86_87_88_89_90_91_92_93_94_95_96_97_98_100_101_102_103_104_105_106_107_108_109_114_115_116_117_118_119_120_121_122_123_124_125_126_127_128_129_130_131_132_133_135_136_137_138_139_140_142_143_144_145_146_147_148_150_151_152_153_154_155_157_158_159_160_161_162_164_165_166_167_168_169_170_171_172_178_179_180_181_182_183_184_185_186_187_188_189_190_191_192_193_195_196_197_198_199_200_201_202_203_208_209_210_211_212_213_214_215_216_217_218_219_220_221_222_223_224_225_230_231_232_233_238_239_240_241_246_247_248_249_253_254_255_256_260_261_262_266_267_268_272_273_277_278_279_280_281_282_283_284_285_286_287_288  3.48e+08  2.96e+08  17256.19 -73399.24  13756.97    680.38     79.66    283.23  -1405.86  -5667.17      0.00 0
15568 2212      108_109_119_125_126_132_133_134_140_141_147_148_149_154_155_156_161_162_171_172_173_174_182_183_187_188_193_194_202_203_204_205_211_215_216_220_226_227_234_235_236_242_243_244_250_251_252_257_258_259_264_265_270_271_276_277_288  3.49e+08  2.98e+08 -15899.67 -34362.78  10514.55    805.84     74.48    245.17   3984.56   5989.29      0.00 0
2246 2212      0_1_5_6_11_12_17_18_19_24_25_31_32_39_40_47_48_69_70_99_100_163_195  3.52e+08  3.12e+08  24757.39 -27380.33  11039.49    701.05     73.35    312.12  -5359.56  -3810.80      0.00 0
2190 2212      37_38_42_43_44_45_46_49_50_51_52_53_54_55_56_57_58_59_60_61_62_63_64_65_66_67_68_69_70_71_72_73_74_75_76_77_78_79_80_81_82_83_84_85_86_87_88_89_90_91_92_93_94_95_96_97_98_99_100_101_102_103_104_105_106_107_108_109_110_111_112_113_114_115_116_117_118_119_120_121_122_123_124_125_126_127_128_129_130_131_132_133_134_135_136_137_138_139_140_141_142_143_144_145_146_147_148_149_150_151_152_153_154_155_156_157_158_159_160_161_162_163_164_165_166_167_168_169_170_171_172_173_174_175_176_177_178_179_180_181_182_183_184_185_186_187_188_189_190_191_192_193_194_195_196_197_198_199_200_201_202_203_204_205_206_207_208_209_210_211_212_213_214_215_216_217_218_219_220_221_222_223_224_225_226_227_228_229_230_231_232_233_234_235_236_237_238_239_240_241_242_243_244_246_247_248_249_250_251_253_254_255_260_277_278_279_280_281_282_283_284_285_286_287_288  3.53e+08  2.92e+08 -71797.62  14177.25  13524.21    699.53     79.53    168.83  -5884.53   2093.94      0.00 0
15448 2212      0_1_5_6_7_8_9_10_11_12_13_14_15_16_17_18_19_20_21_22_23_24_25_26_27_28_29_30_31_32_33_34_35_36_37_38_39_40_41_42_43_44_45_46_47_48_49_50_51_52_53_54_55_56_57_58_59_60_61_62_63_64_65_66_67_68_69_70_71_72_73_74_75_76_77_78_79_80_81_82_83_84_85_86_87_88_89_90_91_92_93_94_95_96_97_98_99_100_101_102_103_104_105_106_107_108_109_110_111_112_113_114_115_116_117_118_119_120_121_122_123_124_125_126_127_128_129_130_131_132_133_134_135_136_137_138_139_140_141_142_143_144_145_146_147_148_149_150_151_152_153_154_155_156_157_158_159_160_161_162_163_164_165_166_167_168_169_170_171_172_173_174_175_176_177_178_179_180_181_182_183_184_185_186_187_188_189_190_191_192_193_194_195_196_197_198_199_200_201_202_203_204_205_206_207_208_209_210_211_212_213_214_215_216_217_218_219_220_277_278_279_280_281_282_283_284_285_286_287_288  3.55e+08  3.15e+08  83801.50   4113.24  13138.76    828.02     81.10      2.81   3902.23  -2374.46      0.00 0
14066 2212      62_66_67_75_76_84_85_86_89_90_91_95_96_97_105_106_107_108_116_117_118_122_123_124_125_130_131_132_137_138_139_140_145_146_147_153_154_159_160_161_170_171_181_277_278_279_280_282_284  3.56e+08  3.04e+08   -368.30  -4898.17   4651.55    743.10     46.56    265.70    167.22   -430.55      0.00 4
7714 2212      131_132_138_139_140_141_145_146_147_148_149_152_153_154_155_156_159_160_161_162_169_170_171_172_173_180_181_182_183_185_186_187_188_191_192_193_194_200_201_202_203_204_209_210_211_214_215_216_218_219_220_225_226_227_234_235_236_242_243_244_245_250_251_252_258_259_264_265_271_277_278_281_283_288  3.59e+08  3.23e+08 -23883.37 -23339.38   9022.83   1029.12     74.88    224.34   4648.02   4845.67      0.00 0
8478 2212      4_9_10_15_16_22_23_29_30_37_38_45_46_53_54_55_79_80_81_111_112_113_175_176_177_206_207_228_229_237_245_252  3.61e+08  3.19e+08  12527.35  37332.00  10876.04    767.11     74.56     71.45   6899.83   1840.14      0.00 0
16986 2212      0_1_2_5_6_7_11_12_13_14_17_18_19_20_24_25_26_27_31_32_33_34_35_39_40_41_42_43_47_48_49_50_51_52_56_57_58_59_60_61_62_63_64_65_66_67_68_69_70_71_72_73_74_75_76_77_78_82_83_84_85_86_87_88_89_90_91_92_93_94_95_96_97_98_99_100_101_102_103_104_105_106_107_108_109_110_114_115_116_117_118_119_120_121_122_123_124_125_126_127_128_129_130_131_132_133_134_135_136_137_138_139_140_141_142_143_144_145_146_147_148_149_150_151_152_153_154_155_156_157_158_159_160_161_162_163_164_165_166_167_168_169_170_171_172_173_174_178_179_180_181_182_183_184_185_186_187_188_189_190_191_192_193_194_195_196_197_198_199_200_201_202_203_204_205_208_209_210_211_212_213_214_215_216_217_218_219_220_221_222_223_224_225_226_227_230_231_232_233_234_235_238_239_240_241_242_243_244_246_247_248_249_250_251_253_254_255_256_257_258_260_261_262_263_264_265_266_267_268_269_270_271_272_273_274_275_276_277_278_279_280_281_282_283_284_285_286_287_288  3.61e+08  3.09e+08  47490.69 110113.41  14745.33    712.41     82.99     66.67   -949.44   5552.23      0.00 0
18350 2212      0_1_2_3_4_5_6_7_8_9_10_11_12_13_14_15_16_17_18_19_20_21_22_23_24_25_26_27_28_29_30_31_32_33_34_35_36_37_38_39_40_41_42_43_44_45_46_47_48_49_50_51_52_53_54_55_56_57_58_59_60_61_62_63_64_65_66_67_68_69_70_71_72_73_74_75_76_77_78_79_80_81_82_83_84_85_86_87_88_89_90_91_92_93_94_95_96_97_98_99_100_101_102_103_104_105_106_107_108_109_110_111_112_113_114_115_116_117_118_119_120_121_122_123_124_125_126_127_128_129_130_131_132_133_134_135_136_137_138_139_140_141_142_143_144_145_146_147_148_149_150_151_152_153_154_155_156_157_158_159_160_161_162_163_164_165_166_167_168_169_170_171_172_173_174_175_176_177_178_179_180_181_182_183_184_185_186_187_188_189_190_191_192_193_194_195_196_197_198_199_200_201_202_203_204_205_206_207_208_209_210_211_212_213_214_215_216_217_218_219_220_221_222_223_224_225_226_227_228_229_230_231_232_233_234_235_236_237_238_239_240_241_242_243_244_245_246_247_248_249_250_251_252_253_254_255_256_257_258_259_260_261_262_263_264_265_266_267_268_269_270_271_272_273_274_275_276_277_278_279_280_281_282_283_284_285_286_287_288  3.61e+08  3.05e+08 155871.94 167386.31  13989.30    721.40     86.50     47.04  -2003.75   1561.51      0.00 0
13320 2212      2_3_4_8_9_10_14_15_16_20_21_22_27_28_29_34_35_36_37_42_43_44_45_51_52_53_56_57_58_59_60_61_62_63_64_65_66_67_68_73_74_75_76_77_78_79_82_83_84_85_86_87_88_89_90_91_92_93_94_95_96_97_98_104_105_106_107_108_109_110_114_115_116_117_118_119_121_122_123_124_125_126_128_129_130_131_132_133_134_136_137_138_139_140_141_143_144_145_146_147_148_149_151_152_153_154_155_156_157_158_159_160_161_162_168_169_170_171_172_173_174_178_179_180_181_182_183_184_185_186_187_188_189_190_191_192_193_194_199_200_201_202_203_204_205_208_209_210_211_212_213_214_215_216_217_218_219_220_225_226_227_233_234_235_241_242_243_249_250_251_256_257_263_264_269_270_274_275_277_278_279_280_281_282_283_284_285_286_287_288  3.62e+08  3.06e+08  -3057.24  47794.73  12100.86    686.94     75.82     93.66   1495.16    -31.86      0.00 0
9556 2212      0_1_2_3_4_5_6_7_8_9_10_11_12_13_14_15_16_17_18_19_20_21_22_23_24_25_26_27_28_29_30_31_32_33_34_35_36_37_38_39_40_41_42_43_44_45_46_47_48_49_50_51_52_53_54_55_56_57_58_59_60_61_62_63_64_65_66_67_68_69_70_71_72_73_74_75_76_77_78_79_80_81_82_83_84_85_86_87_88_89_90_91_92_93_94_95_96_97_98_99_100_101_102_103_104_105_106_107_108_109_110_111_112_113_114_115_116_117_118_119_120_121_122_123_124_125_126_127_128_129_130_131_132_133_134_135_136_137_138_139_140_141_142_143_144_145_146_147_148_149_150_151_152_153_154_155_156_157_158_159_160_161_162_163_164_165_166_167_168_169_170_171_172_173_174_175_176_177_178_179_180_181_182_183_184_185_186_187_188_189_190_191_192_193_194_195_196_197_198_199_200_201_202_203_204_205_206_207_208_209_210_211_212_213_214_215_216_217_218_219_220_221_222_223_224_225_226_227_228_229_230_231_232_233_234_235_236_237_238_239_240_241_242_243_244_245_246_247_248_249_250_251_252_253_254_255_256_257_258_259_260_261_262_263_264_265_266_267_268_269_270_271_272_273_274_275_276_277_278_279_280_281_282_283_284_285_286_287_288  3.62e+08  2.93e+08 -40152.07 -203341.50  14893.50    661.95     85.89    258.83   1166.71   -760.93      0.00 0
13576 2212      10_16_22_23_28_29_30_36_37_38_43_44_45_46_51_52_53_54_55_56_57_58_59_60_61_62_63_64_65_66_67_68_73_74_75_76_77_78_79_80_81_82_83_84_85_86_87_88_89_90_91_92_93_94_95_96_97_98_103_104_105_106_107_108_109_110_111_112_113_114_115_116_117_118_119_120_121_122_123_124_125_126_127_128_129_130_131_132_133_134_135_136_137_138_139_140_141_142_143_144_145_146_147_148_149_150_151_152_153_154_155_156_157_158_159_160_161_162_166_167_168_169_170_171_172_173_174_175_176_177_178_179_180_181_182_183_184_185_186_187_188_189_190_191_192_193_194_197_198_199_200_201_202_203_204_205_206_207_208_209_210_211_212_213_214_215_216_217_218_219_220_223_224_225_226_227_228_231_232_233_234_235_236_239_240_241_242_243_244_246_247_248_249_250_251_253_254_255_256_257_258_260_261_262_263_264_266_267_268_269_272_273_274_277_278_279_280_281_282_283_284_285_286_287_288  3.63e+08  3.17e+08  53566.31 -54395.41  13461.28    729.23     80.00    314.56   5424.80  -2485.66      0.00 0
12618 2212      83_88_89_94_104_105_115_121_122_129_284_287  3.64e+08  3.23e+08    247.33   1476.40   2147.46    854.02     34.88     80.49   -616.26   -457.44      0.00 6
10244 2212      71_101_102_165_166_196_197_222_223_230_231_232_238_239_240_246_247_253_254_260_266  3.67e+08  3.05e+08   9450.64 -25023.60   9947.77    687.06     69.60    290.69  -4402.76   2908.10      0.00 0
16818 2212      41_50_56_60_65_71_72_73_82_83_88_93_94_102_103_104_114_115_120_121_127_128_129_135_136_142_143_144_150_151_157_158_165_166_167_168_178_179_184_189_190_197_198_199_208_212_217_223_224_231_232_233_239_240_241_246_247_248_253_254_255_260_261_266_267_272_273_285_286_287  3.68e+08  3.35e+08  -5849.34  33723.69  10555.83    734.04     72.86     99.84  -3401.24   5848.40      0.00 0
3324 2212      31_39_47_48_69_70_99_100_163_164_195_196_221_222_230  3.60e+08  3.13e+08   6696.54  25708.42   9329.41    788.88     70.65     75.40  -6815.48  -1411.67      0.00 0
19784 2212      35_43_44_51_52_53_58_59_63_64_67_68_76_77_78_79_80_86_87_91_92_97_98_108_109_110_111_119_125_126_133_134_141_149_174_175_176_205_206_207_228_229_237_280  3.76e+08  3.27e+08 -18546.22 -14720.65   9470.63    693.90     68.20    218.44   2598.36  -1035.22      0.00 0
6150 2212      0_1_2_3_5_6_7_8_9_11_12_13_14_15_16_17_18_19_20_21_22_23_25_26_27_28_29_30_32_33_34_35_36_37_38_41_42_43_44_45_46_50_51_52_53_54_55_56_57_58_59_60_61_62_63_64_65_66_67_68_72_73_74_75_76_77_78_79_80_81_82_83_84_85_86_87_88_89_90_91_92_93_94_95_96_97_98_103_104_105_106_107_108_109_110_111_112_113_114_115_116_117_118_119_120_121_122_123_124_125_126_128_129_130_131_132_133_134_135_136_137_138_139_140_141_143_144_145_146_147_148_149_151_152_153_154_155_156_158_159_160_161_162_169_170_171_172_173_174_175_176_177_179_180_181_182_183_185_186_187_188_191_192_193_194_201_202_203_204_205_206_207_210_211_214_215_216_219_220_226_227_228_229_235_236_237_243_244_245_251_252_259_277_278_279_280_281_282_283_284_286_287_288  3.76e+08  3.14e+08 -63047.90 -56311.96  13994.59    697.72     80.60    221.77   2575.32  -2023.73      0.00 0
2970 2212      4_10_15_16_21_22_23_28_29_30_35_36_37_38_42_43_44_45_46_51_52_53_54_55_56_57_58_59_60_61_62_63_64_65_66_67_68_72_73_74_75_76_77_78_79_80_81_82_83_84_85_86_87_88_89_90_91_92_93_94_95_96_97_98_102_103_104_105_106_107_108_109_110_111_112_113_114_115_116_117_118_119_120_121_122_123_124_125_126_127_128_129_130_131_132_133_134_135_136_137_138_139_140_141_142_143_144_145_146_147_148_149_150_151_152_153_154_155_156_157_158_159_160_161_162_166_167_168_169_170_171_172_173_174_175_176_177_178_179_180_181_182_183_184_185_186_187_188_189_190_191_192_193_194_197_198_199_200_201_202_203_204_205_206_207_208_209_210_211_212_213_214_215_216_217_218_219_220_222_223_224_225_226_227_228_229_231_232_233_234_235_236_237_238_239_240_241_242_243_244_245_246_247_248_249_250_251_252_253_254_255_256_257_258_259_260_261_262_263_264_265_266_267_268_269_270_271_272_273_274_275_276_277_278_279_280_281_282_283_284_285_286_287_288  3.77e+08  3.13e+08  70453.11 -81563.13  14687.16    691.28     82.24    310.82   3040.48    597.99      0.00 0
16942 2212      50_56_60_65_72_73_82_88_93_103  3.78e+08  3.14e+08   6041.65    153.99   5416.91    692.56     48.13      1.46  -1660.48  -1241.07      0.00 3
21342 2212      244_251_252_258_259_265  3.79e+08  3.36e+08 -12792.41  -3391.85   7512.10    700.25     60.42    194.85   4930.18   4657.85      0.00 0
13344 2212      0_1_2_3_4_5_6_7_8_9_10_11_12_13_14_15_16_17_18_19_20_21_22_23_24_25_26_27_28_29_30_31_32_33_34_35_36_37_38_39_40_41_42_43_44_45_46_47_48_49_50_51_52_53_54_55_56_57_58_59_60_61_62_63_64_65_66_67_68_69_70_71_72_73_74_75_76_77_78_79_80_81_82_83_84_85_86_87_88_89_90_91_92_93_94_95_96_97_98_99_100_101_102_103_104_105_106_107_108_109_110_111_112_113_114_115_116_117_118_119_120_121_122_123_124_125_126_127_128_129_130_131_132_133_134_135_136_137_138_139_140_141_142_143_144_145_146_147_148_149_150_151_152_153_154_155_156_157_158_159_160_161_162_163_164_165_166_167_168_169_170_171_172_173_174_175_176_177_178_179_180_181_182_183_184_185_186_187_188_189_190_191_192_193_194_195_196_197_198_199_200_201_202_203_204_205_206_207_208_209_210_211_212_213_214_215_216_217_218_219_220_221_222_223_224_225_226_227_228_229_230_231_232_233_234_235_236_237_238_239_240_241_242_243_244_245_246_247_248_249_250_251_252_253_254_255_256_257_258_259_260_261_262_263_264_265_266_267_268_269_270_271_272_273_274_275_276_277_278_279_280_281_282_283_284_285_286_287_288  3.80e+08  3.42e+08 -127434.01 -178129.28  13165.60    871.27     86.56    234.42   3625.99   6421.67      0.00 0
24674 2212      0_1_2_3_4_5_6_7_8_9_10_11_12_13_14_15_16_17_18_19_20_21_22_23_24_25_26_27_28_29_30_31_32_33_34_35_36_37_38_39_40_41_42_43_44_45_46_47_48_49_50_51_52_53_54_55_56_57_58_59_60_61_62_63_64_65_66_67_68_69_70_71_72_73_74_75_76_77_78_79_80_81_82_83_84_85_86_87_88_89_90_91_92_93_94_95_96_97_98_99_100_101_102_103_104_105_106_107_108_109_110_111_112_113_114_115_116_117_118_119_120_121_122_123_124_125_126_127_128_129_130_131_132_133_134_135_136_137_138_139_140_141_142_143_144_145_146_147_148_149_150_151_152_153_154_155_156_157_158_159_160_161_162_163_164_165_166_167_168_169_170_171_172_173_174_175_176_177_178_179_180_181_182_183_184_185_186_187_188_189_190_191_192_193_194_195_196_197_198_199_200_201_202_203_204_205_206_207_208_209_210_211_212_213_214_215_216_217_218_219_220_221_222_223_224_225_226_227_228_229_230_231_232_233_234_235_236_237_238_239_240_241_242_243_244_245_246_247_248_249_250_251_252_253_254_255_256_257_258_259_260_261_262_263_264_265_266_267_268_269_270_271_272_273_274_275_276_277_278_279_280_281_282_283_284_285_286_287_288  3.79e+08  3.08e+08 -103159.98 244213.86  13012.34    717.83     87.19    112.90   3549.26    -88.23      0.00 0
7790 2212      0_1_2_3_4_5_6_7_8_9_10_11_12_13_14_15_16_17_18_19_20_21_22_23_24_25_26_27_28_29_30_31_32_33_34_35_36_37_38_39_40_41_42_43_44_45_46_47_48_49_50_51_52_53_54_55_56_57_58_59_60_61_62_63_64_65_66_67_68_69_70_71_72_73_74_75_76_77_78_79_80_81_82_83_84_85_86_87_88_89_90_91_92_93_94_95_96_97_98_99_100_101_102_103_104_105_106_107_108_109_110_111_112_113_114_115_116_117_118_119_120_121_122_123_124_125_126_127_128_129_130_131_132_133_134_135_136_137_138_139_140_141_142_143_144_145_146_147_148_149_150_151_152_153_154_155_156_157_158_159_160_161_162_164_165_166_167_168_169_170_171_172_173_174_175_176_177_178_179_180_181_182_183_184_185_186_187_188_189_190_191_192_193_194_195_196_197_198_199_200_201_202_203_204_205_206_207_208_209_210_211_212_213_214_215_216_217_218_219_220_222_223_224_225_226_227_228_229_231_232_233_234_235_236_237_240_241_242_243_244_245_247_248_249_250_251_252_255_256_257_258_259_262_263_264_265_269_270_271_274_275_276_277_278_279_280_281_282_283_284_285_286_287_288  3.82e+08  3.29e+08 135841.84 132747.77  13614.65    879.14     85.90     44.34   6637.35    952.44      0.00 0
10342 2212      0_1_2_3_4_5_6_7_8_9_10_11_12_13_14_15_16_17_18_19_20_21_22_23_24_25_26_27_28_29_30_31_32_33_34_35_36_37_38_40_41_42_43_44_45_46_48_49_50_51_52_53_54_55_56_57_58_59_60_61_62_63_64_65_66_67_68_71_72_73_74_75_76_77_78_79_80_81_82_83_84_85_86_87_88_89_90_91_92_93_94_95_96_97_98_102_103_104_105_106_107_108_109_110_111_112_113_114_115_116_117_118_119_120_121_122_123_124_125_126_127_128_129_130_131_132_133_134_135_136_137_138_139_140_141_142_143_144_145_146_147_148_149_150_151_152_153_154_155_156_157_158_159_160_161_162_166_167_168_169_170_171_172_173_174_175_176_177_178_179_180_181_182_183_184_185_186_187_188_189_190_191_192_193_194_198_199_200_201_202_203_204_205_206_207_208_209_210_211_212_213_214_215_216_217_218_219_220_225_226_227_228_229_234_235_236_237_242_243_244_245_250_251_252_258_259_265_271_277_278_279_280_281_282_283_284_285_286_287_288  3.83e+08  3.18e+08 106695.98 108726.35  15339.16    664.66     84.25     45.54   6316.21   -859.57      0.00 0
22642 2212      244_251_258_259_265_271  3.85e+08  3.23e+08  -4156.00  -9312.65   6647.95    715.42     56.90    245.95   4132.35   4689.45      0.00 0
15944 2212      102_120_127_128_135_142_143_150_157_164_165_166_167_178_195_196_197_198_221_222_223_230_231_238_286  3.85e+08  3.24e+08  22522.19 -10578.94   9836.80    664.09     68.43    334.84  -4858.63   1685.05      0.00 0
18456 2212      0_1_2_3_4_5_6_7_8_9_10_12_13_14_15_16_19_20_21_22_23_27_28_29_30_35_36_37_38_44_45_46_53_54_55_81_113  3.89e+08  3.26e+08 -54459.76 -16795.64  12833.00    673.41     77.31    197.14   5308.94  -4284.90      0.00 0
18504 2212      253_254_255_260_261_266  3.91e+08  3.32e+08  15293.45  -1942.86   8241.95    659.47     61.87    352.76  -4203.49   5556.49      0.00 0
23452 2212      52_59_64_68_77_78_86_87_92_97_98_108_109_119_125_126_133_134_140_141_148_149_156  3.92e+08  3.34e+08    302.35  -6182.03   5239.73    732.04     49.75    272.80   1429.49  -1137.63      0.00 0
22896 2212      0_1_2_3_5_6_7_8_9_11_12_13_14_15_16_17_18_19_20_21_22_23_25_26_27_28_29_30_33_34_35_36_37_38_42_43_44_45_46_52_53_54_55_80_81  3.92e+08  3.41e+08  42183.90  15412.07  11681.74    714.52     75.42     20.07   1723.85  -4331.45      0.00 0
21660 2212      24_25_31_32_33_34_39_40_41_42_43_44_47_48_49_50_51_52_53_54_56_57_58_59_60_61_62_63_64_65_66_67_68_69_70_71_72_73_74_75_76_77_78_79_80_81_82_83_84_85_86_87_88_89_90_91_92_93_94_95_96_97_98_99_100_101_102_103_104_105_106_107_108_109_110_111_112_113_114_115_116_117_118_119_120_121_122_123_124_125_126_127_128_129_130_131_132_133_134_135_136_137_138_139_140_141_142_143_144_145_146_147_148_149_150_151_152_153_154_155_156_157_158_159_160_161_162_163_164_165_166_167_168_169_170_171_172_173_174_175_176_177_178_179_180_181_182_183_184_185_186_187_188_189_190_191_192_193_194_195_196_197_198_199_200_201_202_203_204_205_206_207_208_209_210_211_212_213_214_215_216_217_218_219_220_221_222_223_224_225_226_227_228_229_230_231_232_233_234_235_236_237_238_239_240_241_242_243_244_245_246_247_248_249_250_251_252_253_254_255_256_257_258_259_260_261_262_263_264_265_266_267_268_269_270_271_272_273_274_275_276_277_278_279_280_281_282_283_284_285_286_287_288  3.92e+08  3.33e+08 152299.16  30874.90  15154.69    688.33     84.43     11.46   4779.95   5293.99      0.00 0
20606 2212      13_19_20_27_28_34_35_43_44_51_52_78_79  3.98e+08  3.57e+08  11610.33  11545.66   7252.46    880.51     66.11     44.84   1221.07  -2816.14      0.00 0
22830 2212      47_69_99_100_163_164_165_195_196_197_221_222_223_224_230_231_232_233_238_239_240_241_246_247_248_249_253_254_255_256_257_260_261_262_263_264_266_267_268_269_270_272_273_274_275_276  3.99e+08  3.45e+08  57884.05  37246.56  13367.15    692.42     79.01     32.76  -5889.96   2793.32      0.00 0
11762 2212      155_161_162_171_172_173_182_183_187_188_192_193_194_202_203_210_211_215_216_219_220_277_288  4.02e+08  3.54e+08   1903.32  -3349.09   4080.66    756.41     43.35    299.61    826.01    861.94      0.00 4
14986 2212      0_1_2_3_4_5_6_7_8_9_10_11_12_13_14_15_16_17_18_19_20_21_22_23_24_25_26_27_28_29_30_31_32_33_34_35_36_37_38_39_40_41_42_43_44_45_46_47_48_49_50_51_52_53_54_55_56_57_58_59_60_61_62_63_64_68_79_80_81  4.04e+08  3.41e+08  92340.11  14295.00  14398.49    681.80     81.24      8.80  -2752.67  -5995.74      0.00 0
12432 2212      1_2_3_6_7_8_9_12_13_14_15_19_20_21_26_27_28_33_34_35_41_42_43_50_51_52_56_57_58_59_60_61_62_63_64_65_66_67_68_72_73_74_75_76_77_78_82_83_84_85_86_87_88_89_90_91_92_93_94_95_96_97_98_102_103_104_105_106_107_108_109_114_115_116_117_118_119_120_121_122_123_124_125_126_127_128_129_130_131_132_133_134_135_136_137_138_139_140_141_142_143_144_145_146_147_148_149_150_151_152_153_154_155_156_157_158_159_160_161_162_166_167_168_169_170_171_172_173_178_179_180_181_182_183_184_185_186_187_188_189_190_191_192_193_194_198_199_200_201_202_203_208_209_210_211_212_213_214_215_216_217_218_219_220_224_225_232_233_234_241_248_249_255_256_262_277_278_279_280_281_282_283_284_285_286_287_288  4.08e+08  3.42e+08  -5055.79  54089.21  12571.87    685.94     76.97     95.34   -151.65  -4800.56      0.00 0
8624 2212      224_225_232_233_234_240_241_242_248_249  4.13e+08  3.55e+08  13202.17   1045.99   7560.11    692.60     60.28      4.53   -559.02   2869.95      0.00 0
12180 2212      35_36_42_43_44_51_52_56_57_58_59_60_61_62_63_64_65_66_67_68_72_73_74_75_76_77_78_82_83_84_85_86_87_88_89_90_91_92_93_94_95_96_97_98_102_103_104_105_106_107_108_109_114_115_116_117_118_119_120_121_122_123_124_125_126_127_128_129_130_131_132_133_135_136_137_138_139_140_142_143_144_145_146_147_150_151_152_153_154_155_157_158_159_160_161_166_167_168_169_170_171_178_179_180_181_184_185_186_189_190_191_197_198_199_200_201_208_209_212_213_217_223_224_277_278_279_280_281_282_283_284_285_286_287  4.15e+08  3.51e+08 -15507.54  12924.98   8598.25    748.67     66.93    140.19  -1153.70   -162.99      0.00 0
18126 2212      0_1_2_3_4_5_6_7_8_9_10_11_12_13_14_15_16_17_18_19_20_21_22_23_24_25_26_27_28_29_30_31_32_33_34_35_36_37_38_39_40_41_42_43_44_45_46_47_48_49_50_51_52_53_54_55_56_57_58_59_60_61_62_63_64_65_66_67_68_69_70_71_72_73_74_75_76_77_78_79_80_81_82_83_84_85_86_87_88_89_90_91_92_93_94_95_96_97_98_99_100_101_102_103_104_105_106_107_108_109_110_111_112_113_114_115_116_117_118_119_120_121_122_123_124_125_126_127_128_129_130_131_132_133_134_135_136_137_138_139_140_141_142_143_144_145_146_147_148_149_150_151_152_153_154_155_156_157_158_159_160_161_162_163_164_165_166_167_168_169_170_171_172_173_174_175_176_177_178_179_180_181_182_183_184_185_186_187_188_189_190_191_192_193_194_195_196_197_198_199_200_201_202_203_204_205_206_207_208_209_210_211_212_213_214_215_216_217_218_219_220_221_222_223_224_225_226_227_228_229_230_231_232_233_234_235_236_237_238_239_240_241_242_243_244_245_246_247_248_249_250_251_252_253_254_255_256_257_258_259_260_261_262_263_264_265_266_267_268_269_270_271_272_273_274_275_276_277_278_279_280_281_282_283_284_285_286_287_288  4.18e+08  3.51e+08     34.32 -196663.11  14959.78    673.88     85.65    270.01    306.87   5370.61      0.00 0
16160 2212      81_113_176_177_207_229  4.19e+08  3.71e+08  -6265.83   8302.97   6532.70    745.94     57.87    127.04   6740.12    755.11      0.00 0
19214 2212      48_49_56_60_61_65_66_70_71_72_73_74_75_82_83_84_85_88_89_90_91_93_94_95_96_97_101_102_103_104_105_106_107_108_114_115_116_117_118_119_120_121_122_123_124_125_126_127_128_129_130_131_132_133_134_135_136_137_138_139_140_141_142_143_144_145_146_147_148_149_150_151_152_153_154_155_156_157_158_159_160_161_162_165_166_167_168_169_170_171_172_173_174_178_179_180_181_182_183_184_185_186_187_188_189_190_191_192_193_194_197_198_199_200_201_202_203_204_208_209_210_211_212_213_214_215_216_217_218_219_220_224_225_226_227_233_234_235_236_242_243_244_277_278_279_280_281_282_283_284_285_286_287_288  4.19e+08  3.58e+08  25634.49  11964.45  10436.41    643.87     69.75     25.02    142.88   1181.34      0.00 0
23604 2212      39_47_48_69_70_71_99_100_101_102_103_104_114_115_120_121_122_127_128_129_130_135_136_137_138_142_143_144_145_146_150_151_152_153_154_157_158_159_160_161_163_164_165_166_167_168_169_170_171_172_178_179_180_181_182_183_184_185_186_187_188_189_190_191_192_193_194_195_196_197_198_199_200_201_202_203_204_208_209_210_211_212_213_214_215_216_217_218_219_220_221_222_223_224_225_226_227_230_231_232_233_234_235_236_238_239_240_241_242_243_244_245_246_247_248_249_250_251_252_254_255_256_257_258_259_261_262_263_264_265_268_269_270_271_274_275_276_277_281_283_285_286_287_288  4.10e+08  3.42e+08 -57532.46 -31094.71  13257.78    682.77     78.54    208.39  -4907.88   1183.86      0.00 0
574 2212      164_165_196_197  4.23e+08  3.71e+08  -8714.73   -130.82   6517.81    665.05     53.21    180.86  -5032.29    883.42      0.00 0
946 2212      242_243_244_245_248_249_250_251_252_253_254_255_256_257_258_259_260_261_262_263_264_265_266_267_268_269_270_271_272_273_274_275_276  4.27e+08  3.61e+08  42315.31  -5548.38  11411.46    727.42     75.03    352.53   3242.43   5599.10      0.00 0
7622 2212      70_71_101_165_166_196_197_222_223_224_231_232_239_240_241_247_248_254_255_261_262_267_268_273  4.20e+08  3.58e+08   9800.96  23837.94   9883.44    676.27     69.02     67.65  -2455.84   4330.92      0.00 0
9630 2212      1_2_3_4_6_7_8_9_12_13_14_15_18_19_20_21_22_25_26_27_28_29_33_34_35_36_41_42_43_44_49_50_51_52_53_56_57_58_59_60_61_62_63_64_65_66_67_68_71_72_73_74_75_76_77_78_79_82_83_84_85_86_87_88_89_90_91_92_93_94_95_96_97_98_102_103_104_105_106_107_108_109_110_114_115_116_117_118_119_120_121_122_123_124_125_126_127_128_129_130_131_132_133_134_135_136_137_138_139_140_141_142_143_144_145_146_147_148_149_150_151_152_153_154_155_156_157_158_159_160_161_162_165_166_167_168_169_170_171_172_173_174_178_179_180_181_182_183_184_185_186_187_188_189_190_191_192_193_194_197_198_199_200_201_202_203_204_205_208_209_210_211_212_213_214_215_216_217_218_219_220_223_224_225_226_227_231_232_233_234_235_239_240_241_242_243_247_248_249_250_251_254_255_256_257_260_261_262_263_264_266_267_268_269_270_272_273_274_275_277_278_279_280_281_282_283_284_285_286_287_288  4.32e+08  3.76e+08   8142.92 -76957.89  12936.34    820.70     80.51    276.04    295.47  -4585.32      0.00 0
9168 2212      98_108_109_110_111_118_119_124_125_126_131_132_133_134_139_140_141_146_147_148_149_154_155_156_160_161_162_171_172_173_174_175_176_177_182_183_187_188_193_194_203_204_205_206_207_211_216_226_227_228_229_236_237_245_277_278_288  4.36e+08  3.78e+08 -26363.24  -7004.86  10068.79    679.19     69.74    194.88   4786.52   1244.85      0.00 0
3312 2212      0_1_2_3_4_5_6_7_8_9_10_11_12_13_14_15_16_17_18_19_20_21_22_23_24_25_26_27_28_29_30_31_32_33_34_35_36_37_38_39_40_41_42_43_44_45_46_47_48_49_50_51_52_53_54_55_56_57_58_59_60_61_62_63_64_65_66_67_68_69_70_71_72_73_74_75_76_77_78_79_80_81_82_83_84_85_86_87_88_89_90_91_92_93_94_95_96_97_98_99_100_101_102_103_104_105_106_107_108_109_110_111_112_113_114_115_116_117_118_119_120_121_122_123_124_125_126_127_128_129_130_131_132_133_134_135_136_137_138_139_140_141_142_143_144_145_146_147_148_149_150_151_152_153_154_155_156_157_158_159_160_161_162_163_164_165_166_167_168_169_170_171_172_173_174_175_176_177_178_179_180_181_182_183_184_185_186_187_188_189_190_191_192_193_194_195_196_197_198_199_200_201_202_203_204_205_206_207_208_209_210_211_212_213_214_215_216_217_218_219_220_221_222_223_224_225_226_227_228_229_230_231_232_233_234_235_236_237_238_239_240_241_242_243_244_245_246_247_248_249_250_251_252_253_254_255_256_257_258_259_260_261_262_263_264_265_268_269_270_271_276_277_278_279_280_281_282_283_284_285_286_287_288  4.41e+08  3.76e+08 166667.98  32819.81  15070.73    693.37     84.93     11.14  -5052.91  -2137.36      0.00 0
11428 2212      1_2_3_4_6_7_8_9_10_12_13_14_15_16_19_20_21_22_23_26_27_28_29_30_33_34_35_36_37_38_41_42_43_44_45_46_49_50_51_52_53_54_56_57_58_59_60_61_62_63_64_65_66_67_68_71_72_73_74_75_76_77_78_79_80_82_83_84_85_86_87_88_89_90_91_92_93_94_95_96_97_98_102_103_104_105_106_107_108_109_110_111_112_114_115_116_117_118_119_120_121_122_123_124_125_126_127_128_129_130_131_132_133_134_135_136_137_138_139_140_141_142_143_144_145_146_147_148_149_150_151_152_153_154_155_156_157_158_159_160_161_162_166_167_168_169_170_171_172_173_174_175_176_178_179_180_181_182_183_184_185_186_187_188_189_190_191_192_193_194_197_198_199_200_201_202_203_204_205_206_208_209_210_211_212_213_214_215_216_217_218_219_220_223_224_225_226_227_228_229_232_233_234_235_236_237_240_241_242_243_244_245_247_248_249_250_251_252_254_255_256_257_258_259_261_262_263_264_265_267_268_269_270_271_272_273_274_275_276_277_278_279_280_281_282_283_284_285_286_287_288  4.45e+08  3.72e+08   2244.47 -115840.08  15088.95    657.98     82.58    271.11   1484.49   4091.18      0.00 0
5284 2212      46_55_80_81_112  4.46e+08  3.92e+08   3878.20  -8328.21   6523.98    686.97     54.62    294.97   6458.64  -1697.92      0.00 0
2484 2212      3_4_8_9_10_14_15_16_20_21_22_23_26_27_28_29_30_33_34_35_36_37_38_40_41_42_43_44_45_46_48_49_50_51_52_53_54_55_56_57_58_59_60_61_62_63_64_65_66_67_68_69_70_71_72_73_74_75_76_77_78_79_80_81_82_83_84_85_86_87_88_89_90_91_92_93_94_95_96_97_98_99_100_101_102_103_104_105_106_107_108_109_110_111_112_113_114_115_116_117_118_119_120_121_122_123_124_125_126_127_128_129_130_131_132_133_134_135_136_137_138_139_140_141_142_143_144_145_146_147_148_149_150_151_152_153_154_155_156_157_158_159_160_161_162_163_164_165_166_167_168_169_170_171_172_173_174_175_176_177_178_179_180_181_182_183_184_185_186_187_188_189_190_191_192_193_194_195_196_197_198_199_200_201_202_203_204_205_206_207_208_209_210_211_212_213_214_215_216_217_218_219_220_221_222_223_224_225_226_227_228_229_230_231_232_233_234_235_236_237_238_239_240_241_242_243_244_245_246_247_248_249_250_251_252_253_254_255_256_257_258_259_260_261_262_263_264_265_266_267_268_269_270_271_272_273_274_275_276_277_278_279_280_281_282_283_284_285_286_287_288  4.46e+08  3.66e+08 166675.12 -119107.81  14253.29    749.68     86.02    324.45   6316.94   1346.40      0.00 0
19390 2212      39_47_48_69_70_71_100_101_102_120_127_135_142_143_150_151_157_158_164_165_166_167_168_169_178_179_180_184_185_189_190_191_196_197_198_199_200_201_208_209_210_212_213_214_215_217_218_219_223_224_225_231_232_233_234_240_241_242_248_249_250_256_257_263_264_270_281_285_286  4.49e+08  3.90e+08  22454.61  19002.51   9626.02    801.20     71.88     40.24   -710.22   2996.99      0.00 0
17866 2212      0_1_2_5_6_7_8_12_13_14_19_20_21_27_28  4.54e+08  4.11e+08  22519.45  13611.42   9707.54    716.40     69.75     31.15  -1815.63  -6650.28      0.00 0
16518 2212      0_1_2_3_4_6_7_8_9_10_11_12_13_14_15_16_17_18_19_20_21_22_24_25_26_27_28_29_31_32_33_34_35_36_39_40_41_42_43_44_47_48_49_50_51_52_56_57_58_59_60_61_62_63_64_65_66_67_68_69_70_71_72_73_74_75_76_77_78_82_83_84_85_86_87_88_89_90_91_92_93_94_95_96_97_98_99_100_101_102_103_104_105_106_107_108_109_114_115_116_117_118_119_120_121_122_123_124_125_126_127_128_129_130_131_132_133_135_136_137_138_139_140_142_143_144_145_146_147_150_151_152_153_154_155_157_158_159_160_161_163_164_165_166_167_168_169_170_171_178_179_180_181_184_185_186_187_189_190_191_192_195_196_197_198_199_200_201_208_209_210_212_213_214_217_218_221_222_223_224_230_231_232_238_239_240_246_247_253_254_260_277_278_279_280_281_282_283_284_285_286_287_288  4.55e+08  3.75e+08  59861.57 -65327.44  14097.28    702.90     80.96    312.50  -3532.06  -1159.62      0.00 0
22412 2212      0_1_2_3_4_5_6_7_8_9_10_11_12_13_14_15_16_17_18_19_20_21_22_23_24_25_26_27_28_29_30_31_32_33_34_35_36_37_38_39_40_41_42_43_44_45_46_47_48_49_50_51_52_53_54_55_56_57_58_59_60_61_62_63_64_65_66_67_68_69_70_71_72_73_74_75_76_77_78_79_80_81_82_83_84_85_86_87_88_89_90_91_92_93_94_95_96_97_98_99_100_101_102_103_104_105_106_107_108_109_110_111_112_113_114_115_116_117_118_119_120_121_122_123_124_125_126_127_128_129_130_131_132_133_134_135_136_137_138_139_140_141_142_143_144_145_146_147_148_149_150_151_152_153_154_155_156_157_158_159_160_161_162_163_164_165_166_167_168_169_170_171_172_173_174_175_176_177_178_179_180_181_182_183_184_185_186_187_188_189_190_191_192_193_194_195_196_197_198_199_200_201_202_203_204_205_206_207_208_209_210_211_212_213_214_215_216_217_218_219_220_221_222_223_224_225_226_227_228_229_230_231_232_233_234_235_236_237_238_239_240_241_242_243_244_245_246_247_248_249_250_251_252_254_255_256_257_258_259_260_261_262_263_264_265_267_268_269_270_271_272_273_274_275_276_277_278_279_280_281_282_283_284_285_286_287_288  4.59e+08  4.06e+08 -130399.68 -160915.31  14337.80    732.99     86.04    230.98   3358.40     -6.61      0.00 0
12018 2212      4_10_16_22_23_29_30_36_37_38_44_45_46_53_54_79_80_110_111_174_175_205  4.50e+08  3.77e+08  -8464.82  28107.74  10498.94    654.53     70.32    106.76   4337.52  -3612.50      0.00 0
22930 2212      0_1_2_3_4_5_6_7_8_9_10_11_12_13_14_15_16_17_18_19_20_21_22_23_24_25_26_27_28_29_30_31_32_33_34_35_36_37_38_39_40_41_42_43_44_45_46_47_48_49_50_51_52_53_54_55_56_57_58_59_60_61_62_63_64_65_66_67_68_69_70_71_72_73_74_75_76_77_78_79_80_81_82_83_84_85_86_87_88_89_90_91_92_93_94_95_96_97_98_99_100_101_102_103_104_105_106_107_108_109_110_111_112_113_114_115_116_117_118_119_120_121_122_123_124_125_126_127_128_129_130_131_132_133_134_135_136_137_138_139_140_141_142_143_144_145_146_147_148_149_150_151_152_153_154_155_156_157_158_159_160_161_162_163_164_165_166_167_168_169_170_171_172_173_174_175_176_177_178_179_180_181_182_183_184_185_186_187_188_189_190_191_192_193_194_195_196_197_198_199_200_201_202_203_204_205_206_207_208_209_210_211_212_213_214_215_216_217_218_219_220_221_222_223_224_225_226_227_228_229_230_231_232_233_234_235_236_237_238_239_240_241_242_243_244_245_246_247_248_249_250_251_252_253_254_255_256_257_258_259_260_261_262_263_264_265_266_267_268_269_270_271_272_273_274_275_276_277_278_279_280_281_282_283_284_285_286_287_288  4.67e+08  3.94e+08 -104276.39 227759.38  12908.71    791.41     87.05    114.60  -2111.37  -1713.93      0.00 0
14118 2212      7_8_12_13_14_15_18_19_20_21_27  4.68e+08  3.98e+08 -16050.61    933.90   8047.63    713.41     63.41    176.67   -773.87  -5434.86      0.00 0
11500 2212      0_1_2_3_4_5_6_7_8_9_10_11_12_13_14_15_16_17_18_19_20_21_22_23_24_25_26_27_28_29_30_31_32_33_34_35_36_37_38_39_40_41_42_43_44_45_46_47_48_49_50_51_52_53_54_55_56_57_58_59_60_61_62_63_64_65_66_67_68_69_70_71_72_73_74_75_76_77_78_79_80_81_82_83_84_85_86_87_88_89_90_91_92_93_94_95_96_97_98_99_100_101_102_103_104_105_106_107_108_109_110_111_112_113_114_115_116_117_118_119_120_121_122_123_124_125_126_127_128_129_130_131_132_133_134_135_136_137_138_139_140_141_142_143_144_145_146_147_148_149_150_151_152_153_154_155_156_157_158_159_160_161_162_163_164_165_166_167_168_169_170_171_172_173_174_175_176_177_178_179_180_181_182_183_184_185_186_187_188_189_190_191_192_193_194_195_196_197_198_199_200_201_202_203_204_205_206_207_208_209_210_211_212_213_214_215_216_217_218_219_220_221_222_223_224_225_226_227_228_229_230_231_232_233_234_235_236_237_238_239_240_241_242_243_244_245_246_247_248_249_250_251_252_253_254_255_256_257_258_259_260_261_262_263_264_265_266_267_268_269_270_271_272_273_274_275_276_277_278_279_280_281_282_283_284_285_286_287_288  4.68e+08  4.06e+08 -159381.09  82897.85  14738.41    727.95     85.31    152.52   5837.98  -2929.05      0.00 0
14910 2212      16_22_23_29_30_36_37_38_44_45  4.69e+08  4.00e+08 -21461.03   8315.57   9401.92    688.91     67.78    158.82   5119.55  -4198.10      0.00 0
4494 2212      0_1_2_5_6_7_8_11_12_13_14_17_18_19_20_21_24_25_26_27_28_29_32_33_34_35_36_41_42_43_44_45_49_50_51_52_53_54_56_57_58_59_60_61_62_63_64_65_66_67_68_72_73_74_75_76_77_78_79_80_82_83_84_85_86_87_88_89_90_91_92_93_94_95_96_97_98_103_104_105_106_107_108_109_110_111_112_114_115_116_117_118_119_120_121_122_123_124_125_126_127_128_129_130_131_132_133_134_135_136_137_138_139_140_141_143_144_145_146_147_148_149_151_152_153_154_155_156_157_158_159_160_161_162_168_169_170_171_172_173_174_175_176_179_180_181_182_183_185_186_187_188_191_192_193_194_201_202_203_204_205_206_207_209_210_211_214_215_216_219_220_226_227_228_229_235_236_237_244_245_251_252_259_277_278_279_280_281_282_283_284_285_286_287_288  4.71e+08  4.13e+08  44305.19  44460.12  12280.20    814.85     78.93     45.10    869.13  -2248.80      0.00 0
23642 2212      3_4_8_9_10_13_14_15_16_20_21_22_23_26_27_28_29_30_34_35_36_37_38_41_42_43_44_45_46_49_50_51_52_53_54_55_56_57_58_59_60_61_62_63_64_65_66_67_68_71_72_73_74_75_76_77_78_79_80_81_82_83_84_85_86_87_88_89_90_91_92_93_94_95_96_97_98_101_102_103_104_105_106_107_108_109_110_111_112_113_114_115_116_117_118_119_120_121_122_123_124_125_126_127_128_129_130_131_132_133_134_135_136_137_138_139_140_141_142_143_144_145_146_147_148_149_150_151_152_153_154_155_156_157_158_159_160_161_162_165_166_167_168_169_170_171_172_173_174_175_176_177_178_179_180_181_182_183_184_185_186_187_188_189_190_191_192_193_194_196_197_198_199_200_201_202_203_204_205_206_207_208_209_210_211_212_213_214_215_216_217_218_219_220_222_223_224_225_226_227_228_229_230_231_232_233_234_235_236_237_238_239_240_241_242_243_244_245_246_247_248_249_250_251_252_253_254_255_256_257_258_259_260_261_262_263_264_265_266_267_268_269_270_271_272_273_274_275_276_277_278_279_280_281_282_283_284_285_286_287_288  4.71e+08  3.90e+08 -74953.77 100521.57  14552.48    750.00     83.38    126.71  -2129.50   6678.85      0.00 0
4086 2212      0_1_2_3_5_6_7_8_11_12_13_14_17_18_19_20_24_25_26_27_31_32_33_34_35_39_40_41_42_47_48_49_50_51_56_60_61_65_69_70_71_72_73_82_83_88_93_99_100_101_102_103_104_114_120_127_128_135_142_150_163_164_165_166_195_196_197_198_221_222_223_230_231_232_238_239_246_247_253_260_286_287  4.72e+08  4.01e+08 -43191.54  87046.94  13483.93    837.67     82.10    116.39  -5275.58  -2277.66      0.00 0
10458 2212      0_1_5_6_7_11_12_13_17_18_19_24_25_26_31_32_33_39_40_41_47_48_49_69_70_71_99_100_101_102_163_164_165_195_196_197_221_222_223_230_231_238_239_246_253  4.74e+08  3.98e+08 -21014.50  58562.36  12658.52    746.78     78.50    109.74  -6887.60   1874.94      0.00 0
11862 2212      0_1_2_3_4_6_7_8_9_10_12_13_14_15_16_19_20_21_22_23_26_27_28_29_30_33_34_35_36_37_38_41_42_43_44_45_46_50_51_52_53_54_55_56_57_58_59_60_61_62_63_64_65_66_67_68_72_73_74_75_76_77_78_79_80_81_82_83_84_85_86_87_88_89_90_91_92_93_94_95_96_97_98_103_104_105_106_107_108_109_110_111_112_113_114_115_116_117_118_119_120_121_122_123_124_125_126_127_128_129_130_131_132_133_134_135_136_137_138_139_140_141_142_143_144_145_146_147_148_149_150_151_152_153_154_155_156_157_158_159_160_161_162_167_168_169_170_171_172_173_174_175_176_177_178_179_180_181_182_183_184_185_186_187_188_189_190_191_192_193_194_198_199_200_201_202_203_204_205_206_207_208_209_210_211_212_213_214_215_216_217_218_219_220_225_226_227_228_229_233_234_235_236_237_241_242_243_244_245_249_250_251_252_256_257_258_259_263_264_265_269_270_271_274_275_276_277_278_279_280_281_282_283_284_285_286_287_288  4.74e+08  4.31e+08 -32139.89 -109909.87  13918.40    825.31     83.07    253.70   2016.88  -6941.72      0.00 0
15576 2212      0_1_2_5_6_7_8_11_12_13_14_17_18_19_20_21_25_26_27_28_29_32_33_34_35_36_41_42_43_44_45_50_51_52_53_54_56_57_58_59_60_61_62_63_64_65_66_67_68_72_73_74_75_76_77_78_79_80_82_83_84_85_86_87_88_89_90_91_92_93_94_95_96_97_98_103_104_105_106_107_108_109_110_111_112_114_115_116_117_118_119_120_121_122_123_124_125_126_127_128_129_130_131_132_133_134_135_136_137_138_139_140_141_142_143_144_145_146_147_148_149_150_151_152_153_154_155_156_157_158_159_160_161_162_168_169_170_171_172_173_174_175_176_178_179_180_181_182_183_184_185_186_187_188_190_191_192_193_194_200_201_202_203_204_205_206_207_208_209_210_211_213_214_215_216_218_219_220_226_227_228_229_234_235_236_237_243_244_245_251_252_258_259_265_277_278_279_280_281_282_283_284_285_286_287_288  4.76e+08  4.24e+08 -42407.97 -45476.97  12673.66    744.06     78.48    227.00    -94.02  -3043.07      0.00 0
18232 2212      0_1_2_3_4_5_6_7_8_9_10_11_12_13_14_15_16_17_18_19_20_21_22_23_24_25_26_27_28_29_30_31_32_33_34_35_36_37_38_39_40_41_42_43_44_45_46_47_48_49_50_51_52_53_54_55_56_57_58_59_60_61_62_63_64_65_66_67_68_69_70_71_72_73_74_75_76_77_78_79_80_81_82_83_84_85_86_87_88_89_90_91_92_93_94_95_96_97_98_99_100_101_102_103_104_105_106_107_108_109_110_111_112_113_114_115_116_117_118_119_120_121_122_123_124_125_126_127_128_129_130_131_132_133_134_135_136_137_138_139_140_141_142_143_144_145_146_147_148_149_150_151_152_153_154_155_156_157_158_159_160_161_162_163_164_165_166_167_168_169_170_171_172_173_174_175_176_177_178_179_180_181_182_183_184_185_186_187_188_189_190_191_192_193_194_195_196_197_198_199_200_201_202_203_204_205_206_207_208_209_210_211_212_213_214_215_216_217_218_219_220_221_222_223_224_225_226_227_228_229_230_231_232_233_234_235_236_237_238_239_240_241_242_243_244_245_246_247_248_249_250_251_252_253_254_255_256_257_258_259_260_261_262_263_264_265_266_267_268_277_278_279_280_281_282_283_284_285_286_287_288  4.81e+08  4.00e+08 154424.86 -18769.51  14704.88    749.64     84.60    353.07   6407.42  -2086.02      0.00 0
17052 2212      224_232_233_240_241  4.84e+08  4.26e+08   9082.29   -845.74   6734.84    650.83     53.56    354.68  -1241.12   2736.68      0.00 0
20358 2212      233_240_241_242_247_248_249_253_254_255_260_261_262_266_267_272  4.84e+08  4.23e+08  19932.55 -11346.29   9043.85    747.19     68.48    330.35  -2700.54   4773.34      0.00 0
3896 2212      38_46_54_55_79_80_81_111_112_113_174_175_176_177_204_205_206_207_226_227_228_229_234_235_236_237_242_243_244_245_249_250_251_252_256_257_258_259_262_263_264_265_268_269_270_271_273_274_275_276  4.89e+08  4.23e+08  35114.19 -48100.66  12647.73    724.33     78.01    306.13   5117.69   1458.88      0.00 0
23350 2212      8_13_14_19_20_21_25_26_27_32_33_34_35_39_40_41_42_48_49_50_56_60_69_70_71_72_82_99_100_101_102_163_164_165_166_195_196_197_221_222_230  4.80e+08  4.06e+08 -27056.56  24242.39  11092.83    683.66     73.02    138.14  -5877.85    433.27      0.00 0
9518 2212      0_5_6_11_12_13_17_18_19_24_25_26_27_31_32_33_34_35_39_40_41_42_43_47_48_49_50_51_52_56_57_58_59_60_61_62_63_64_65_66_67_68_69_70_71_72_73_74_75_76_77_78_79_82_83_84_85_86_87_88_89_90_91_92_93_94_95_96_97_98_99_100_101_102_103_104_105_106_107_108_109_110_114_115_116_117_118_119_120_121_122_123_124_125_126_127_128_129_130_131_132_133_134_135_136_137_138_139_140_141_142_143_144_145_146_147_148_149_150_151_152_153_154_155_156_157_158_159_160_161_162_163_164_165_166_167_168_169_170_171_172_173_174_175_178_179_180_181_182_183_184_185_186_187_188_189_190_191_192_193_194_195_196_197_198_199_200_201_202_203_204_205_206_208_209_210_211_212_213_214_215_216_217_218_219_220_221_222_223_224_225_226_227_228_230_231_232_233_234_235_236_237_238_239_240_241_242_243_244_245_246_247_248_249_250_251_252_253_254_255_256_257_258_259_260_261_262_263_264_265_266_267_268_269_270_271_272_273_274_275_276_277_278_279_280_281_282_283_284_285_286_287_288  4.80e+08  4.04e+08  91711.50  89435.02  15048.30    684.97     83.30     44.28   -583.21   3259.33      0.00 0
2286 2212      17_18_24_25_26_32_33  4.91e+08  4.36e+08  11456.44   1390.44   6778.90    756.53     59.57      6.92  -2968.50  -4075.94      0.00 0
14380 2212      22_29_30_36_37_45_46_53_54_79_80_81_111_112_175_176_206_207_229  4.93e+08  4.29e+08  10519.91  19151.47   9117.89    705.71     67.35     61.22   5594.81   -677.40      0.00 0
13414 2212      176_206_207_228  4.98e+08  4.13e+08   5352.71  -6212.13   6485.37    645.21     51.66    310.75   5987.71    757.09      0.00 0
1416 2212      230_238_246_253_260  4.90e+08  4.25e+08  -3193.37 -10603.69   6588.40    769.45     59.25    253.24  -5557.22   3949.79      0.00 0
948 2212      0_1_2_5_6_7_8_11_12_13_14_17_18_19_20_24_25_26_27_31_32_33_34_39_40_41_47_48_49_50_69_70_71_99_100_101_102_163_164_165_195_196_197_221_222_230_238  4.00e+08  3.50e+08 -28113.53  43093.18  12011.32    741.57     76.86    123.12  -5637.12   -554.21      0.00 0
10760 2212      0_1_2_3_5_6_7_8_11_12_13_14_15_17_18_19_20_21_22_24_25_26_27_28_29_31_32_33_34_35_36_37_39_40_41_42_43_44_45_47_48_49_50_51_52_53_54_56_57_58_59_60_61_62_63_64_65_66_67_68_69_70_71_72_73_74_75_76_77_78_79_80_82_83_84_85_86_87_88_89_90_91_92_93_94_95_96_97_98_99_100_101_102_103_104_105_106_107_108_109_110_111_112_114_115_116_117_118_119_120_121_122_123_124_125_126_127_128_129_130_131_132_133_134_135_136_137_138_139_140_141_142_143_144_145_146_147_148_149_150_151_152_153_154_155_156_157_158_159_160_161_162_164_165_166_167_168_169_170_171_172_173_174_175_176_178_179_180_181_182_183_184_185_186_187_188_189_190_191_192_193_194_195_196_197_198_199_200_201_202_203_204_205_206_207_208_209_210_211_212_213_214_215_216_217_218_219_220_222_223_224_225_226_227_228_229_231_232_233_234_235_236_237_239_240_241_242_243_244_245_247_248_249_250_251_252_254_255_256_257_258_259_261_262_263_264_265_267_268_269_270_271_273_274_275_276_277_278_279_280_281_282_283_284_285_286_287_288  5.02e+08  4.26e+08 -70920.58 -100573.59  14761.65    716.04     83.16    234.81  -3386.69  -4286.43      0.00 0
10708 2212      0_1_2_3_4_5_6_7_8_9_10_11_12_13_14_15_16_17_18_19_20_21_22_23_24_25_26_27_28_29_30_31_32_33_34_35_36_37_38_39_40_41_42_43_44_45_46_47_48_49_50_51_52_53_54_55_56_57_58_59_60_61_62_63_64_65_66_67_68_69_70_71_72_73_74_75_76_77_78_79_80_81_82_83_84_85_86_87_88_89_90_91_92_93_94_95_96_97_98_100_101_102_103_104_105_106_107_108_109_110_111_112_113_114_115_116_117_118_119_120_121_122_123_124_125_126_127_128_129_130_131_132_133_134_135_136_137_138_139_140_141_142_143_144_145_146_147_148_149_150_151_152_153_154_155_156_157_158_159_160_161_162_165_166_167_168_169_170_171_172_173_174_175_176_177_178_179_180_181_182_183_184_185_186_187_188_189_190_191_192_193_194_196_197_198_199_200_201_202_203_204_205_206_207_208_209_210_211_212_213_214_215_216_217_218_219_220_223_224_225_226_227_228_229_232_233_234_235_236_237_241_242_243_244_245_249_250_251_252_257_258_259_264_265_271_277_278_279_280_281_282_283_284_285_286_287_288  5.08e+08  4.35e+08 -155889.44 -92082.61  14344.69    781.56     85.47    210.57   6914.95  -1231.36      0.00 0
24248 2212      12_19_26_33  5.09e+08  4.32e+08   2196.51  -7585.15   5705.82    758.45     54.15    286.15  -2370.29  -4345.87      0.00 0
11660 2212      11_17_18_24_25_31_32_33_39_40_41_47_48_49_50_56_57_60_61_62_65_66_70_71_72_73_74_75_82_83_84_85_88_89_90_93_94_95_96_101_102_103_104_105_106_107_114_115_116_117_120_121_122_123_124_127_128_129_130_131_132_135_136_137_138_139_142_143_144_145_146_147_150_151_152_153_154_155_157_158_159_160_161_165_166_167_168_169_170_171_172_178_179_180_181_182_183_184_185_186_187_188_189_190_191_192_193_194_197_198_199_200_201_202_203_208_209_210_211_212_213_214_215_216_217_218_219_220_224_225_234_277_278_281_282_283_284_285_286_287_288  5.09e+08  4.23e+08  29025.72  24869.26  11285.80    683.11     73.55     40.59  -4180.52  -2362.16      0.00 0
23638 2212      0_5_11_17_18_24_25_31_32_39_40_47_48_49_69_70_71_99_100_101_163_164_165_195_196_221_222_230_231_238_246  5.11e+08  4.38e+08  -4032.77  38433.80  10390.99    843.06     74.95     95.99  -5800.52  -1801.58      0.00 0
22750 2212      0_1_2_3_4_5_6_7_8_9_10_11_12_13_14_15_16_17_18_19_20_21_22_23_24_25_26_27_28_29_30_31_32_33_34_35_36_37_39_40_41_42_43_44_45_47_48_49_50_51_52_53_56_57_58_59_60_61_62_63_64_65_66_67_68_69_70_71_72_73_74_75_76_77_78_82_83_84_85_86_87_88_89_90_91_92_93_94_95_96_97_98_99_100_101_102_103_104_105_106_107_108_109_110_114_115_116_117_118_119_120_121_122_123_124_125_126_127_128_129_130_131_132_133_134_135_136_137_138_139_140_141_142_143_144_145_146_147_148_149_150_151_152_153_154_155_156_157_158_159_160_161_162_163_164_165_166_167_168_169_170_171_172_173_178_179_180_181_182_183_184_185_186_187_188_189_190_191_192_193_194_195_196_197_198_199_200_201_202_203_204_208_209_210_211_212_213_214_215_216_217_218_219_220_221_222_223_224_225_230_231_232_233_234_238_239_240_241_246_247_248_249_253_254_255_260_261_262_266_267_272_277_278_279_280_281_282_283_284_285_286_287_288  5.11e+08  4.47e+08  60044.03 -82492.03  12636.24   1020.29     82.94    306.05  -3006.71   -450.78      0.00 0
23556 2212      14_15_16_20_21_22_23_24_25_26_27_28_29_30_31_32_33_34_35_36_37_38_39_40_41_42_43_44_45_46_47_48_49_50_51_52_53_54_55_56_57_58_59_60_61_62_63_64_65_66_67_68_69_70_71_72_73_74_75_76_77_78_79_80_81_82_83_84_85_86_87_88_89_90_91_92_93_94_95_96_97_98_99_100_101_102_103_104_105_106_107_108_109_110_111_112_113_114_115_116_117_118_119_120_121_122_123_124_125_126_127_128_129_130_131_132_133_134_135_136_137_138_139_140_141_142_143_144_145_146_147_148_149_150_151_152_153_154_155_156_157_158_159_160_161_162_163_164_165_166_167_168_169_170_171_172_173_174_175_176_177_178_179_180_181_182_183_184_185_186_187_188_189_190_191_192_193_194_195_196_197_198_199_200_201_202_203_204_205_206_207_208_209_210_211_212_213_214_215_216_217_218_219_220_221_222_223_224_225_226_227_228_230_231_232_233_234_235_236_238_239_240_241_242_246_247_248_249_253_254_260_277_278_279_280_281_282_283_284_285_286_287_288  5.15e+08  4.35e+08  95449.48 -30571.99  14317.82    719.00     81.87    342.24  -4498.50    798.06      0.00 0
12742 2212      2_3_4_7_8_9_10_14_15_16_20_21_22_23_27_28_29_30_35_36_37_38_43_44_45_46_52_53_54_55_59_63_64_68_76_77_78_79_80_81_86_87_92_97_98_108_109_110_111_112_113_118_119_125_126_132_133_134_140_141_148_149_155_156_162_172_173_174_175_176_177_183_188_194_204_205_206_207_226_227_228_229_235_236_237_243_244_245_250_251_252_258_259_264_265_270_271_276_279  5.17e+08  4.46e+08  24149.27 112359.23  13907.47    828.20     83.10     77.87   6678.48    836.18      0.00 0
6830 2212      1_6_12_19_26  5.18e+08  4.56e+08  -2662.17  -9963.18   6823.25    691.30     56.51    255.04  -2385.64  -5879.71      0.00 0
6612 2212      2_3_4_7_8_9_13_14_15_19_20_21_22_26_27_28_29_34_35_36_42_43_44_50_51_52_53_56_57_58_59_60_61_62_63_64_65_66_67_68_72_73_74_75_76_77_78_79_82_83_84_85_86_87_88_89_90_91_92_93_94_95_96_97_98_103_104_105_106_107_108_109_110_114_115_116_117_118_119_120_121_122_123_124_125_126_127_128_129_130_131_132_133_134_135_136_137_138_139_140_141_142_143_144_145_146_147_148_149_150_151_152_153_154_155_156_157_158_159_160_161_162_167_168_169_170_171_172_173_174_178_179_180_181_182_183_184_185_186_187_188_189_190_191_192_193_194_198_199_200_201_202_203_204_205_208_209_210_211_212_213_214_215_216_217_218_219_220_224_225_226_227_232_233_234_235_240_241_242_243_248_249_250_251_255_256_257_258_261_262_263_264_267_268_269_270_273_274_275_277_278_279_280_281_282_283_284_285_286_287_288  5.10e+08  4.23e+08   5254.71 -58531.70  12394.88    756.84     78.09    275.13   1056.36  -3329.46      0.00 0
1318 2212      49_69_70_71_72_99_100_101_102_163_164_165_195_196_197_221_222_230  5.29e+08  4.59e+08  26469.95 -11835.04  10148.32    701.54     70.71    335.91  -6531.92    683.92      0.00 0
1674 2212      1_2_3_4_6_7_8_9_10_12_13_14_15_16_19_20_21_22_26_27_28_29_30_34_35_36_37_42_43_44_45_51_52_53_54_56_57_58_59_60_61_62_63_64_65_66_67_68_73_74_75_76_77_78_79_80_82_83_84_85_86_87_88_89_90_91_92_93_94_95_96_97_98_104_105_106_107_108_109_110_111_112_115_116_117_118_119_121_122_123_124_125_126_129_130_131_132_133_134_137_138_139_140_141_144_145_146_147_148_149_152_153_154_155_156_158_159_160_161_162_169_170_171_172_173_174_175_176_180_181_182_183_185_186_187_188_191_192_193_194_200_201_202_203_204_205_206_209_210_211_214_215_216_218_219_220_225_226_227_228_229_234_235_236_237_242_243_244_245_250_251_252_257_258_259_264_265_270_271_276_277_278_279_280_281_282_283_284_287_288  5.20e+08  4.61e+08  22239.12  64660.41  12500.37    827.04     79.64     71.02   2616.58   -739.64      0.00 0
9632 2212      242_243_249_250_255_256_257_261_262_263_267_268_273  5.38e+08  4.64e+08 -15865.01   8020.94   8728.28    656.07     63.85    153.18   -353.34   5285.10      0.00 0
2352 2212      24_25_31_32_33_39_40_41_48_49_50_56_60_71_72_73_82  5.39e+08  4.70e+08  15589.16   6065.43   7939.25    755.47     64.61     21.26  -3336.06  -2426.57      0.00 0
14532 2212      37_38_43_44_45_46_51_52_53_54_55_56_57_58_59_60_61_62_63_64_65_66_67_68_72_73_74_75_76_77_78_79_80_81_82_83_84_85_86_87_88_89_90_91_92_93_94_95_96_97_98_102_103_104_105_106_107_108_109_110_111_112_113_114_115_116_117_118_119_120_121_122_123_124_125_126_127_128_129_130_131_132_133_134_135_136_137_138_139_140_141_142_143_144_145_146_147_148_149_150_151_152_153_154_155_156_157_158_159_160_161_162_165_166_167_168_169_170_171_172_173_174_175_176_177_178_179_180_181_182_183_184_185_186_187_188_189_190_191_192_193_194_196_197_198_199_200_201_202_203_204_205_206_207_208_209_210_211_212_213_214_215_216_217_218_219_220_221_222_223_224_225_226_227_228_229_230_231_232_233_234_235_236_238_239_240_241_277_278_279_280_281_282_283_284_285_286_287_288  5.43e+08  4.99e+08 -49671.59  12864.45  11666.86    797.66     77.19    165.48   2801.05    -50.23      0.00 0
5884 2212      3_4_8_9_14_15_20_21_27_28_34_35_42_43_50_51_56_57_58_59_60_61_62_63_64_65_66_67_68_72_73_74_75_76_82_83_84_85_88_89_90_91_93_94_95_96_102_103_104_105_106_114_115_116_120_121_122_127_128_129_135_136_137_142_143_144_150_151_157_166_167_280_282_284_286_287  5.44e+08  4.66e+08 -13405.35  19302.15   9110.55    750.37     68.81    124.78   -212.65  -2785.05      0.00 0
23536 2212      0_1_2_5_6_7_8_11_12_13_14_17_18_19_20_21_24_25_26_27_28_29_31_32_33_34_35_36_39_40_41_42_43_44_45_47_48_49_50_51_52_53_54_56_57_58_59_60_61_62_63_64_65_66_67_68_69_70_71_72_73_74_75_76_77_78_79_80_82_83_84_85_86_87_88_89_90_91_92_93_94_95_96_97_98_99_100_101_102_103_104_105_106_107_108_109_110_111_112_114_115_116_117_118_119_120_121_122_123_124_125_126_127_128_129_130_131_132_133_134_135_136_137_138_139_140_141_142_143_144_145_146_147_148_149_150_151_152_153_154_155_156_157_158_159_160_161_162_163_164_165_166_167_168_169_170_171_172_173_174_175_176_178_179_180_181_182_183_184_185_186_187_188_189_190_191_192_193_194_195_196_197_198_199_200_201_202_203_204_205_206_207_208_209_210_211_212_213_214_215_216_217_218_219_220_221_222_223_224_225_226_227_228_229_230_231_232_233_234_235_236_237_238_239_240_241_242_243_244_245_246_247_248_249_250_251_252_253_254_255_256_257_258_259_260_261_262_263_264_265_266_267_268_269_270_271_272_273_274_275_276_277_278_279_280_281_282_283_284_285_286_287_288  5.52e+08  4.77e+08 176189.81 189271.31  12646.94    794.34     87.20     47.05  -4192.02   5631.32      0.00 0
17026 2212      4_9_10_15_16_21_22_23_28_29_30_35_36_37_38_43_44_45_46_51_52_53_54_55_56_57_58_59_60_61_62_63_64_65_66_67_68_72_73_74_75_76_77_78_79_80_81_82_83_84_85_86_87_88_89_90_91_92_93_94_95_96_97_98_103_104_105_106_107_108_109_110_111_112_114_115_116_117_118_119_120_121_122_123_124_125_126_127_128_129_130_131_132_133_134_135_136_137_138_139_140_141_142_143_144_145_146_147_148_149_150_151_152_153_154_155_156_157_158_159_160_161_162_166_167_168_169_170_171_172_173_174_175_176_178_179_180_181_182_183_184_185_186_187_188_189_190_191_192_193_194_198_199_200_201_202_203_204_205_206_208_209_210_211_212_213_214_215_216_217_218_219_220_223_224_225_226_227_228_232_233_234_235_236_239_240_241_242_243_244_247_248_249_250_251_253_254_255_256_257_258_260_261_262_263_264_266_267_268_269_270_272_273_274_275_277_278_279_280_281_282_283_284_285_286_287_288  5.54e+08  4.80e+08  41647.56 -63571.47  13318.63    748.86     80.06    303.23   3144.97  -1449.08      0.00 0
14216 2212      30_37_38_44_45_46_52_53_54_55_58_59_62_63_64_66_67_68_74_75_76_77_78_79_80_81_83_84_85_86_87_88_89_90_91_92_93_94_95_96_97_98_103_104_105_106_107_108_109_110_111_112_113_114_115_116_117_118_119_120_121_122_123_124_125_126_127_128_129_130_131_132_133_134_135_136_137_138_139_140_141_142_143_144_145_146_147_148_149_150_151_152_153_154_155_156_157_158_159_160_161_162_166_167_168_169_170_171_172_173_174_175_176_177_178_179_180_181_182_183_184_185_186_187_188_189_190_191_192_193_194_197_198_199_200_201_202_203_204_205_206_207_208_209_210_211_212_213_214_215_216_217_218_219_220_222_223_224_225_226_227_228_229_231_232_233_234_235_236_237_238_239_240_241_242_243_244_245_246_247_248_249_250_251_252_253_254_255_256_257_258_260_261_262_263_264_266_267_268_269_272_273_277_278_279_280_281_282_283_284_285_286_287_288  5.56e+08  4.67e+08 -77365.77  37901.10  14401.24    649.98     80.51    153.90   6568.53   -256.84      0.00 0
23304 2212      16_22_23_28_29_30_35_36_37_38_43_44_45_46_51_52_53_54_56_57_58_59_60_61_62_63_64_65_66_67_68_73_74_75_76_77_78_79_82_83_84_85_86_87_88_89_90_91_92_93_94_95_96_97_98_103_104_105_106_107_108_109_110_114_115_116_117_118_119_120_121_122_123_124_125_126_128_129_130_131_132_133_134_135_136_137_138_139_140_141_143_144_145_146_147_148_151_152_153_154_158_159_278_279_280_282_284_286_287  5.58e+08  5.01e+08 -21162.72  13482.14   8767.57    860.22     70.74    147.50   2732.32  -2638.42      0.00 0
12318 2212      4_9_10_15_16_21_22_23_28_29_30_36_37_38_44_45_46_52_53_54_55_78_79_80_81_110_111_112_113_174_175_176_177_204_205_206_207_226_227_228_229_235_236_237_243_244_245_250_251_252_257_258_259_264_265_270_271_276  5.59e+08  4.83e+08  -2004.62  68347.32  12796.35    776.77     79.40     91.68   5082.08   2302.03      0.00 0
15326 2212      45_46_54_79_80_110_111_174_175_205  5.61e+08  4.71e+08  -8520.72   8496.96   7068.39    726.78     59.57    135.08   4023.42   -585.43      0.00 0
10696 2212      39_47_48_49_60_61_65_66_69_70_71_72_73_74_75_76_82_83_84_85_86_88_89_90_91_92_93_94_95_96_97_98_99_100_101_102_103_104_105_106_107_108_109_114_115_116_117_118_119_120_121_122_123_124_125_126_127_128_129_130_131_132_133_134_135_136_137_138_139_140_141_142_143_144_145_146_147_148_149_150_151_152_153_154_155_156_157_158_159_160_161_162_163_164_165_166_167_168_169_170_171_172_173_174_175_178_179_180_181_182_183_184_185_186_187_188_189_190_191_192_193_194_195_196_197_198_199_200_201_202_203_204_205_206_208_209_210_211_212_213_214_215_216_217_218_219_220_222_223_224_225_226_227_228_229_231_232_233_234_235_236_237_240_241_242_243_244_245_249_250_251_252_257_258_259_265_277_278_279_280_281_282_283_284_285_286_287_288  5.63e+08  4.72e+08 -40635.03 -15330.39  11726.64    688.50     74.89    200.67  -1186.27   1248.56      0.00 0
15366 2212      0_1_2_3_5_6_7_8_9_11_12_13_14_15_17_18_19_20_21_22_24_25_26_27_28_29_31_32_33_34_35_36_37_39_40_41_42_43_44_45_47_48_49_50_51_52_53_56_57_58_59_60_61_62_63_64_65_66_67_68_69_70_71_72_73_74_75_76_77_78_79_80_82_83_84_85_86_87_88_89_90_91_92_93_94_95_96_97_98_99_100_101_102_103_104_105_106_107_108_109_110_111_114_115_116_117_118_119_120_121_122_123_124_125_126_127_128_129_130_131_132_133_134_135_136_137_138_139_140_141_142_143_144_145_146_147_148_149_150_151_152_153_154_155_156_157_158_159_160_161_162_163_164_165_166_167_168_169_170_171_172_173_174_175_178_179_180_181_182_183_184_185_186_187_188_189_190_191_192_193_194_195_196_197_198_199_200_201_202_203_204_205_206_208_209_210_211_212_213_214_215_216_217_218_219_220_221_222_223_224_225_226_227_228_230_231_232_233_234_235_236_237_238_239_240_241_242_243_244_245_246_247_248_249_250_251_252_253_254_255_256_257_258_259_260_261_262_263_264_265_266_267_268_269_270_271_272_273_274_275_276_277_278_279_280_281_282_283_284_285_286_287_288  5.64e+08  4.75e+08  96254.27 208408.84  12834.56    886.25     86.80     65.21  -6776.02  -1858.62      0.00 0
23756 2212      176_206_228_229  5.66e+08  4.98e+08  -7320.18  -2337.57   6077.45    681.84     51.66    197.71   5442.29   1335.76      0.00 0
17010 2212      113_176_177_206_207_228_229_236_237_244_245_251_252_257_258_259_264_265_269_270_271_275_276  5.67e+08  5.09e+08 -30108.53  31026.22  11269.58    758.62     75.39    134.14   4842.24   5091.48      0.00 0
20910 2212      113_176_177_206_207_227_228_229_235_236_237_242_243_244_245_250_251_252_258  5.74e+08  5.12e+08 -31088.39   9611.57  10466.34    718.22     72.17    162.82   6510.51   2333.07      0.00 0
22138 2212      200_208_209_212_213_214_217_218  5.82e+08  5.22e+08  -2694.38   1553.09   4146.58    682.23     36.87    150.04   -616.34   1609.56      0.00 22
24484 2212      120_127_128_135_142_143_150_151_157_167_286  5.88e+08  5.08e+08   2022.51   1124.79   3224.16    754.87     35.67     29.08  -1386.67    131.95      0.00 11
21786 2212      69_99_100_163_164_165_195_196_197_221_222_223_224_230_231_232_238_239_240_241_246_247_248_249_253_254_255_256_260_261_262_263_267_268_269_270_273_274_275  5.89e+08  5.07e+08  27343.87  19663.04   9950.81    831.98     73.54     35.72  -2607.96   4259.47      0.00 0
14358 2212      16_22_23_29_30_36_37_38_43_44_45_46_51_52_53_54_55_56_57_58_59_60_61_62_63_64_65_66_67_68_73_74_75_76_77_78_79_80_81_82_83_84_85_86_87_88_89_90_91_92_93_94_95_96_97_98_103_104_105_106_107_108_109_110_111_112_113_114_115_116_117_118_119_120_121_122_123_124_125_126_127_128_129_130_131_132_133_134_135_136_137_138_139_140_141_142_143_144_145_146_147_148_149_150_151_152_153_154_155_156_157_158_159_160_161_162_166_167_168_169_170_171_172_173_174_175_176_177_178_179_180_181_182_183_184_185_186_187_188_189_190_191_192_193_194_197_198_199_200_201_202_203_204_205_206_207_208_209_210_211_212_213_214_215_216_217_218_219_220_223_224_225_226_227_228_229_231_232_233_234_235_236_237_238_239_240_241_242_243_244_246_247_248_249_250_251_253_254_255_256_257_260_261_262_263_266_267_268_272_273_277_278_279_280_281_282_283_284_285_286_287_288  5.91e+08  5.21e+08 -63111.14  46733.89  12381.85    931.01     81.04    143.48   4679.70   -838.03      0.00 0
11926 2212      5_11_17_18_24_25_31_32_33_39_40_41_48_49_50_60_65_70_71_72_73_82_83_88_93_94_101_102_103_104_105_114_115_120_121_122_127_128_129_130_135_136_137_142_143_144_145_150_151_152_153_157_158_159_165_166_167_168_169_170_178_179_180_184_185_186_189_190_191_192_197_198_199_200_201_208_209_210_212_213_214_217_218_219_223_224_225_232_233_241_248_249_281_283_284_285_286_287  5.93e+08  5.02e+08 -18617.14 -29234.31  10981.15    674.10     72.42    237.51  -4776.58  -3396.66      0.00 0
8264 2212      0_1_2_5_6_7_8_11_12_13_14_17_18_19_20_24_25_26_27_31_32_33_34_39_40_41_42_47_48_49_50_56_60_69_70_71_72_73_82_88_93_100_101_102_103_114_120_127_135_142_150_163_164_165_166_195_196_197_198_221_222_223_230_231_232_238_239_246_247_253_260  5.96e+08  4.98e+08  22772.56 -48350.33  12476.33    691.22     76.86    295.22  -2630.97  -4166.51      0.00 0
20270 2212      0_1_2_3_4_5_6_7_8_9_10_11_12_13_14_15_16_17_18_19_20_21_22_23_24_25_26_27_28_29_30_31_32_33_34_35_36_37_38_39_40_41_42_43_44_45_46_47_48_49_50_51_52_53_54_55_56_57_58_59_60_61_62_63_64_65_66_67_68_69_70_71_72_73_74_75_76_77_78_79_80_81_82_83_84_85_86_87_88_89_90_91_92_93_94_95_96_97_98_99_100_101_102_103_104_105_106_107_108_109_110_111_112_113_114_115_116_117_118_119_120_121_122_123_124_125_126_127_128_129_130_131_132_133_134_135_136_137_138_139_140_141_142_143_144_145_146_147_148_149_150_151_152_153_154_155_156_157_158_159_160_161_162_163_164_165_166_167_168_169_170_171_172_173_174_175_176_177_178_179_180_181_182_183_184_185_186_187_188_189_190_191_192_193_194_195_196_197_198_199_200_201_202_203_204_205_206_207_208_209_210_211_212_213_214_215_216_217_218_219_220_221_222_223_224_225_226_227_228_229_230_231_232_233_234_235_236_237_238_239_240_241_242_243_244_245_246_247_248_249_250_251_252_253_254_255_256_257_258_259_260_261_262_263_264_265_266_267_268_269_270_271_272_273_274_275_276_277_278_279_280_281_282_283_284_285_286_287_288  5.98e+08  4.97e+08 138172.72 -195944.91  13698.67    724.06     86.73    305.19   2035.73  -2948.03      0.00 0
11028 2212      2_3_4_7_8_9_13_14_15_20_21_22_27_28_29_34_35_36_42_43_44_50_51_52_53_56_57_58_59_60_61_62_63_64_65_66_67_68_72_73_74_75_76_77_78_79_82_83_84_85_86_87_88_89_90_91_92_93_94_95_96_97_98_103_104_105_106_107_108_109_110_114_115_116_117_118_119_120_121_122_123_124_125_126_127_128_129_130_131_132_133_134_135_136_137_138_139_140_141_142_143_144_145_146_147_148_149_150_151_152_153_154_155_156_157_158_159_160_161_162_167_168_169_170_171_172_173_174_178_179_180_181_182_183_184_185_186_187_188_189_190_191_192_193_194_199_200_201_202_203_204_205_208_209_210_211_212_213_214_215_216_217_218_219_220_225_226_227_233_234_235_241_242_243_249_250_256_257_262_263_264_269_274_275_277_278_279_280_281_282_283_284_285_286_287_288  5.90e+08  5.07e+08    871.03 -43016.74  11007.07    801.18     75.65    271.16   1072.84  -5147.25      0.00 0
16102 2212      4_9_10_14_15_16_20_21_22_23_26_27_28_29_30_34_35_36_37_38_41_42_43_44_45_49_50_51_52_53_56_57_58_59_60_61_62_63_64_65_66_67_68_71_72_73_74_75_76_77_82_83_84_85_86_87_88_89_90_91_93_94_95_102_103_104_280_282_287  6.04e+08  5.17e+08 -41428.05  19318.22  11779.07    709.55     75.55    155.00   4389.71  -4808.88      0.00 0
5960 2212      151_152_158_159_168_169_170_178_179_180_184_185_186_189_190_191_199_200_201_208_209_212_213_217_281_283_285  6.12e+08  5.62e+08  -2487.96   2589.89   4125.50    725.28     41.04    133.85   -702.27    930.77      0.00 31
9458 2212      42_43_51_56_57  6.15e+08  5.32e+08   4740.91  -3382.90   4949.70    758.64     49.64    324.49    -15.38  -2382.17      0.00 5
18134 2212      0_1_2_3_4_5_6_7_8_9_10_11_12_13_14_15_16_17_18_19_20_21_22_23_24_25_26_27_28_29_30_31_32_33_34_35_36_37_38_39_40_41_42_43_44_45_46_47_48_49_50_51_52_53_54_55_56_57_58_59_60_61_62_63_64_65_66_67_68_69_70_71_72_73_74_75_76_77_78_79_80_81_82_83_84_85_86_87_88_89_90_91_92_93_94_95_96_97_98_100_101_102_103_104_105_106_107_108_109_110_111_112_113_114_115_116_117_118_119_120_121_122_123_124_125_126_127_128_129_130_131_132_133_134_135_136_137_138_139_140_141_142_143_144_145_146_147_148_149_150_151_152_153_154_155_156_157_158_159_160_161_162_164_165_166_167_168_169_170_171_172_173_174_175_176_177_178_179_180_181_182_183_184_185_186_187_188_189_190_191_192_193_194_196_197_198_199_200_201_202_203_204_205_206_207_208_209_210_211_212_213_214_215_216_217_218_219_220_222_223_224_225_226_227_228_229_231_232_233_234_235_236_237_239_240_241_242_243_244_245_247_248_249_250_251_252_254_255_256_257_258_259_261_262_263_264_265_267_268_269_270_271_273_274_275_276_277_278_279_280_281_282_283_284_285_286_287_288  6.21e+08  5.22e+08 -99892.28 -158687.67  14230.65    788.07     85.66    237.81   1712.51  -1892.11      0.00 0
21508 2212      5_6_11_12_13_14_15_16_17_18_19_20_21_22_23_24_25_26_27_28_29_30_31_32_33_34_35_36_37_38_39_40_41_42_43_44_45_46_47_48_49_50_51_52_53_54_55_56_57_58_59_60_61_62_63_64_65_66_67_68_69_70_71_72_73_74_75_76_77_78_79_80_81_82_83_84_85_86_87_88_89_90_91_92_93_94_95_96_97_98_99_100_101_102_103_104_105_106_107_108_109_110_111_112_113_114_115_116_117_118_119_120_121_122_123_124_125_126_127_128_129_130_131_132_133_134_135_136_137_138_139_140_141_142_143_144_145_146_147_148_149_150_151_152_153_154_155_156_157_158_159_160_161_162_163_164_165_166_167_168_169_170_171_172_173_174_175_176_177_178_179_180_181_182_183_184_185_186_187_188_189_190_191_192_193_194_195_196_197_198_199_200_201_202_203_204_205_206_207_208_209_210_211_212_213_214_215_216_217_218_219_220_221_222_223_224_225_226_227_228_229_230_231_232_233_234_235_236_237_238_239_240_241_242_243_244_245_246_247_248_249_250_251_252_253_254_255_256_257_258_259_260_261_262_263_264_265_269_270_271_277_278_279_280_281_282_283_284_285_286_287_288  6.31e+08  5.48e+08 136762.05  11844.88  14840.01    723.84     83.83      4.95  -2368.76   -100.15      0.00 0
6358 2212      3_8_9_13_14_15_20_21_27_28_34_35_36_42_43_44_50_51_52_56_57_58_59_60_61_62_63_64_65_66_67_68_72_73_74_75_76_77_78_82_83_84_85_86_87_88_89_90_91_92_93_94_95_96_97_98_102_103_104_105_106_107_108_109_110_114_115_116_117_118_119_120_121_122_123_124_125_126_127_128_129_130_131_132_133_134_135_136_137_138_139_140_141_142_143_144_145_146_147_148_149_150_151_152_153_154_155_156_157_158_159_160_161_162_166_167_168_169_170_171_172_173_178_179_180_181_182_183_184_185_186_187_188_189_190_191_192_193_194_197_198_199_200_201_202_203_204_208_209_210_211_212_213_214_215_216_217_218_219_220_223_224_225_226_231_232_233_234_239_240_241_242_247_248_249_253_254_255_256_260_261_262_263_266_267_268_272_273_274_277_278_279_280_281_282_283_284_285_286_287_288  6.33e+08  5.88e+08  16620.24 -50940.01  12163.88    740.73     77.21    288.07   -781.68   1425.20      0.00 0
23786 2212      0_1_2_3_5_6_7_8_9_11_12_13_14_17_18_19_20_21_24_25_26_27_28_31_32_33_34_35_39_40_41_42_43_47_48_49_50_51_56_57_58_59_60_61_62_63_64_65_66_67_68_69_70_71_72_73_74_75_76_77_82_83_84_85_86_87_88_89_90_91_92_93_94_95_96_97_98_99_100_101_102_103_104_105_106_107_108_114_115_116_117_118_119_120_121_122_123_124_125_127_128_129_130_131_132_133_135_136_137_138_139_140_142_143_144_145_146_147_150_151_152_153_154_155_157_158_159_160_161_163_164_165_166_167_168_169_170_171_172_178_179_180_181_182_184_185_186_187_188_189_190_191_192_193_195_196_197_198_199_200_201_202_208_209_210_211_212_213_214_215_217_218_219_220_221_222_223_224_225_230_231_232_233_238_239_240_241_246_247_248_253_254_255_260_261_262_266_267_268_272_273_277_278_279_280_281_282_283_284_285_286_287_288  6.34e+08  5.39e+08 -28222.36 128683.91  14148.97    821.41     83.87    102.37  -4476.23  -3730.59      0.00 0
22094 2212      86_91_92_97_98_107_108_117_118_119_124_125_131_132_133_139_140_146_147_148_154_155_160_161_171_277_278_279  6.37e+08  5.71e+08   1610.40  -2593.27   3602.06    766.32     40.28    301.84    706.09   -272.08      0.00 12
23526 2212      50_60_65_72_73_82_88  6.38e+08  5.71e+08   2024.54   2353.74   3624.82    767.52     40.58     49.30  -1270.89  -1298.21      0.00 2
12712 2212      0_1_2_3_4_5_6_7_8_9_10_12_13_14_15_16_18_19_20_21_22_23_26_27_28_29_30_33_34_35_36_37_38_42_43_44_45_46_50_51_52_53_54_55_56_57_58_59_60_61_62_63_64_65_66_67_68_73_74_75_76_77_78_79_80_81_83_84_85_86_87_88_89_90_91_92_94_95_96_97_98_105_106_107_108_109_110_111_112_113_115_116_117_118_119_122_123_124_125_126_130_131_132_133_134_137_138_139_140_141_145_146_147_148_149_153_154_155_156_160_161_162_170_171_172_173_174_175_176_177_181_182_183_187_188_192_193_194_202_203_204_205_206_207_211_215_216_220_226_227_228_229_235_236_237_243_244_245_251_252_258_259_265_271_277_278_279_280_282_284_288  6.39e+08  5.66e+08  79081.39 125433.41  15140.33    689.46     84.17     57.77   6946.78  -1573.84      0.00 0
20386 2212      172_173_174_175_180_181_182_183_184_185_186_187_188_189_190_191_192_193_194_198_199_200_201_202_203_204_205_206_208_209_210_211_212_213_214_215_216_217_218_219_220_222_223_224_225_226_227_228_229_230_231_232_233_234_235_236_237_238_239_240_241_242_243_244_246_247_248_249_250_251_253_254_255_256_257_260_261_262_281_288  6.41e+08  5.66e+08  35178.08  -7947.08  10874.80    713.46     73.22    347.27    461.50   2947.07      0.00 0
19890 2212      56_57_58_60_61_62_63_65_66_67_68_73_74_75_76_77_83_84_85_86_88_89_90_91_92_94_95_96_97_105_106_107_116_117_118_123_279_280_282_284  6.45e+08  5.68e+08   4310.35   1765.17   4409.27    766.81     46.57     22.27      0.25   -968.08      0.00 10
298 2212      244_251_258_265  6.46e+08  5.78e+08     78.47  -5994.20   5001.70    761.59     50.16    270.75   4216.25   4435.52      0.00 0
24258 2212      197_222_223_230_231_232_238_239_246  6.47e+08  5.69e+08 -12399.21   4660.56   7213.06    753.34     61.43    159.40  -4835.00   2605.70      0.00 0
21718 2212      31_39_47_48_69_70_71_99_100_101_163_164_165_166_195_196_197_221_222_223_224_230_231_232_233_238_239_240_241_246_247_248_249_253_254_255_256_260_261_262_263_266_267_268_269_272_273_274_275  6.52e+08  5.79e+08 -29967.18 -45499.43  11719.60    826.42     77.86    236.63  -4201.92   3080.47      0.00 0
7090 2212      31_32_33_34_39_40_41_42_43_44_45_46_47_48_49_50_51_52_53_54_55_56_57_58_59_60_61_62_63_64_65_66_67_68_69_70_71_72_73_74_75_76_77_78_79_80_81_82_83_84_85_86_87_88_89_90_91_92_93_94_95_96_97_98_99_100_101_102_103_104_105_106_107_108_109_110_111_112_113_114_115_116_117_118_119_120_121_122_123_124_125_126_127_128_129_130_131_132_133_134_135_136_137_138_139_140_141_142_143_144_145_146_147_148_149_150_151_152_153_154_155_156_157_158_159_160_161_162_163_164_165_166_167_168_169_170_171_172_173_174_175_176_177_178_179_180_181_182_183_184_185_186_187_188_189_190_191_192_193_194_195_196_197_198_199_200_201_202_203_204_205_206_207_208_209_210_211_212_213_214_215_216_217_218_219_220_221_222_223_224_225_226_227_228_229_230_231_232_233_234_235_236_237_238_239_240_241_242_243_244_245_246_247_248_249_250_251_252_277_278_279_280_281_282_283_284_285_286_287_288  6.56e+08  5.53e+08  81805.49   4544.99  14225.70    652.79     80.15      3.18   2707.82    844.84      0.00 0
3266 2212      0_1_2_3_4_5_6_7_8_9_10_11_12_13_14_15_16_17_18_19_20_21_22_23_24_25_26_27_28_29_30_32_33_34_35_36_37_38_40_41_42_43_44_45_46_48_49_50_51_52_53_54_55_56_57_58_59_60_61_62_63_64_65_66_67_68_70_71_72_73_74_75_76_77_78_79_80_81_82_83_84_85_86_87_88_89_90_91_92_93_94_95_96_97_98_100_101_102_103_104_105_106_107_108_109_110_111_112_113_114_115_116_117_118_119_120_121_122_123_124_125_126_127_128_129_130_131_132_133_134_135_136_137_138_139_140_141_142_143_144_145_146_147_148_149_150_151_152_153_154_155_156_157_158_159_160_161_162_164_165_166_167_168_169_170_171_172_173_174_175_176_177_178_179_180_181_182_183_184_185_186_187_188_189_190_191_192_193_194_196_197_198_199_200_201_202_203_204_205_206_207_208_209_210_211_212_213_214_215_216_217_218_219_220_221_222_223_224_225_226_227_228_229_230_231_232_233_234_235_236_237_238_239_240_241_242_243_244_245_246_247_248_249_250_251_252_253_254_255_256_257_258_259_260_261_262_263_264_265_266_267_268_269_270_271_272_273_274_275_276_277_278_279_280_281_282_283_284_285_286_287_288  6.59e+08  5.47e+08  41263.12 -196146.84  14367.73    743.72     85.90    281.88   4651.21  -5659.10      0.00 0
20754 2212      182_183_187_188_193_194_202_203_204_211_215_216_220_288  6.61e+08  5.92e+08   3032.68    471.11   3744.31    742.53     39.34      8.83   1148.99   1137.14      0.00 42
10128 2212      37_38_44_45_46_52_53_54_59_63_64_67_68_75_76_77_78_79_80_84_85_86_87_89_90_91_92_94_95_96_97_98_104_105_106_107_108_109_110_111_114_115_116_117_118_119_121_122_123_124_125_126_128_129_130_131_132_133_134_135_136_137_138_139_140_141_142_143_144_145_146_147_148_149_150_151_152_153_154_155_156_157_158_159_160_161_162_167_168_169_170_171_172_173_174_175_178_179_180_181_182_183_184_185_186_187_188_189_190_191_192_193_194_198_199_200_201_202_203_204_205_208_209_210_211_212_213_214_215_216_217_218_219_220_223_224_225_226_227_232_233_234_235_239_240_241_242_246_247_248_249_253_254_255_260_261_266_277_278_279_280_281_282_283_284_285_286_287_288  6.64e+08  5.72e+08  26617.57 -20870.84  10283.07    773.41     73.09    321.90   2064.30    216.08      0.00 0
14004 2212      64_77_78_86_87_92_98_108_109_119  6.65e+08  6.27e+08  -3096.86   2361.74   3977.10    779.97     44.40    142.67   1380.03   -965.05      0.00 2
5030 2212      3_4_8_9_10_14_15_16_21_22_23_28_29_30_36_37_38_45_46_53_54_80  6.67e+08  5.74e+08  14063.28  33968.53  10980.97    707.89     73.37     67.51   2951.99  -6720.90      0.00 0
12506 2212      5_11_17_18_24_25_26_31_32_33_34_39_40_41_42_43_47_48_49_50_51_52_56_57_58_59_60_61_62_63_64_65_66_67_68_69_70_71_72_73_74_75_76_77_78_79_82_83_84_85_86_87_88_89_90_91_92_93_94_95_96_97_98_99_100_101_102_103_104_105_106_107_108_109_110_111_114_115_116_117_118_119_120_121_122_123_124_125_126_127_128_129_130_131_132_133_134_135_136_137_138_139_140_141_142_143_144_145_146_147_148_149_150_151_152_153_154_155_156_157_158_159_160_161_162_163_164_165_166_167_168_169_170_171_172_173_174_175_178_179_180_181_182_183_184_185_186_187_188_189_190_191_192_193_194_195_196_197_198_199_200_201_202_203_204_205_206_208_209_210_211_212_213_214_215_216_217_218_219_220_221_222_223_224_225_226_227_228_229_230_231_232_233_234_235_236_237_238_239_240_241_242_243_244_245_246_247_248_249_250_251_252_253_254_255_256_257_258_259_260_261_262_263_264_265_266_267_268_269_270_271_272_273_274_275_276_277_278_279_280_281_282_283_284_285_286_287_288  6.67e+08  5.57e+08 -97303.46 -78401.90  14922.61    697.09     83.19    218.86   1213.78   4598.69      0.00 0
14104 2212      1_2_7_8_13_14_19_20_21_26_27_28_34_35_36_42_43_44_50_51_52_56_57_58_59_60_61_62_63_64_65_66_67_68_72_73_74_75_76_77_78_82_83_84_85_86_87_88_89_90_91_92_93_94_95_96_97_98_102_103_104_105_106_107_108_109_110_114_115_116_117_118_119_120_121_122_123_124_125_126_127_128_129_130_131_132_133_134_135_136_137_138_139_140_141_142_143_144_145_146_147_148_149_150_151_152_153_154_155_156_157_158_159_160_161_162_166_167_168_169_170_171_172_173_174_178_179_180_181_182_183_184_185_186_187_188_189_190_191_192_193_194_198_199_200_201_202_203_204_208_209_210_211_212_213_214_215_216_217_218_219_220_224_225_226_233_234_235_241_242_243_248_249_250_251_255_256_257_258_262_263_264_268_269_270_273_274_275_276_277_278_279_280_281_282_283_284_285_286_287_288  6.68e+08  5.79e+08  -3337.88 -48340.13  11507.92    789.23     76.64    266.05    288.05    251.10      0.00 0
1788 2212      76_77_84_85_86_87_88_89_90_91_92_93_94_95_96_97_98_103_104_105_106_107_108_109_110_114_115_116_117_118_119_120_121_122_123_124_125_126_127_128_129_130_131_132_133_134_135_136_137_138_139_140_141_142_143_144_145_146_147_148_149_150_151_152_153_154_155_156_157_158_159_160_161_162_166_167_168_169_170_171_172_173_174_178_179_180_181_182_183_184_185_186_187_188_189_190_191_192_193_194_198_199_200_201_202_203_204_208_209_210_211_212_213_214_215_216_217_218_219_220_277_278_279_280_281_282_283_284_285_286_287_288  6.79e+08  5.78e+08  13756.86  -2245.38   7669.31    700.84     61.18    350.73    528.20    345.94      0.00 0
17092 2212      199_208_212_213_217_218_225_233  6.70e+08  5.80e+08  -1427.54  -4301.37   4506.83    738.44     45.16    251.64   -648.38   1856.33      0.00 0
11740 2212      38_46_54_55_80_81_111_112_175  6.82e+08  5.72e+08 -10492.71  12104.58   7132.25    891.78     66.00    130.92   5907.86  -1801.23      0.00 0
7866 2212      10_16_22_23_29_30_37_38_45_46_53_54_79_80_111  6.83e+08  5.88e+08   3380.90 -16996.93   8463.60    684.60     63.97    281.25   4862.67  -4331.49      0.00 0
11076 2212      225_226_227_228_233_234_235_236_237_240_241_242_243_244_245_248_249_250_251_252_255_256_257_262  6.86e+08  6.35e+08  22353.34  -4284.35   8878.41    772.29     68.69    349.15   2609.18   3266.38      0.00 0
5446 2212      247_254_255_261  6.88e+08  5.85e+08   7776.03   1614.59   6098.43    692.36     52.48     11.73  -2477.73   4800.22      0.00 0
22710 2212      130_131_137_138_139_144_145_146_152_153_154_158_159_160_161_168_169_170_171_179_180_181_182_184_185_186_187_189_190_191_192_193_199_200_201_202_208_209_210_211_212_213_214_215_217_218_219_225_233_277_278_281_283_285_288  6.94e+08  6.13e+08  -2437.30   6232.06   5506.42    718.55     50.55    111.36   -369.77   1371.78      0.00 0
15408 2212      8_13_14_19_20_21_26_27  6.97e+08  6.11e+08  10265.47  -3734.30   6360.24    806.36     59.79    340.01    204.13  -5246.18      0.00 0
14544 2212      0_1_2_5_6_7_8_11_12_13_14_15_17_18_19_20_21_22_24_25_26_27_28_29_31_32_33_34_35_36_37_40_41_42_43_44_45_46_49_50_51_52_53_54_55_56_57_58_59_60_61_62_63_64_65_66_67_68_72_73_74_75_76_77_78_79_80_81_82_83_84_85_86_87_88_89_90_91_92_93_94_95_96_97_98_102_103_104_105_106_107_108_109_110_111_112_113_114_115_116_117_118_119_120_121_122_123_124_125_126_127_128_129_130_131_132_133_134_135_136_137_138_139_140_141_142_143_144_145_146_147_148_149_150_151_152_153_154_155_156_157_158_159_160_161_162_168_169_170_171_172_173_174_175_176_177_179_180_181_182_183_184_185_186_187_188_190_191_192_193_194_200_201_202_203_204_205_206_207_209_210_211_214_215_216_219_220_226_227_228_229_235_236_237_244_245_252_277_278_279_280_281_282_283_284_285_286_287_288  7.11e+08  6.39e+08  53888.69  38225.96  12340.75    834.97     79.42     35.35   5311.75    662.12      0.00 0
11536 2212      186_187_191_192_193_201_202_203_209_210_211_213_214_215_216_218_219_220_281_288  7.16e+08  6.20e+08   3135.54   1221.24   4289.97    680.98     38.11     21.28    427.11   1363.12      0.00 8
2454 2212      12_13_18_19_25_26_33  7.18e+08  6.33e+08  -9987.76   1353.95   6435.95    747.10     57.44    172.28  -2472.38  -4385.72      0.00 0
15642 2212      184_189_190_191_198_199_200_201_208_209_210_212_213_214_215_217_218_219_220_224_225_233_234_242_250  7.19e+08  6.46e+08  -9610.77  -7377.27   7236.76    701.34     59.15    217.51   -202.88   2279.49      0.00 0
21168 2212      17_24_25_31_32_33_39_40_41_42_47_48_49_50_51_56_57_58_59_60_61_62_63_64_65_66_67_68_69_70_71_72_73_74_75_76_77_78_82_83_84_85_86_87_88_89_90_91_92_93_94_95_96_97_98_99_100_101_102_103_104_105_106_107_108_109_110_114_115_116_117_118_119_120_121_122_123_124_125_126_127_128_129_130_131_132_133_134_135_136_137_138_139_140_141_142_143_144_145_146_147_148_149_150_151_152_153_154_155_156_157_158_159_160_161_162_163_164_165_166_167_168_169_170_171_172_173_174_175_178_179_180_181_182_183_184_185_186_187_188_189_190_191_192_193_194_195_196_197_198_199_200_201_202_203_204_205_206_208_209_210_211_212_213_214_215_216_217_218_219_220_221_222_223_224_225_226_227_228_229_230_231_232_233_234_235_236_237_238_239_240_241_242_243_244_245_246_247_248_249_250_251_252_253_254_255_256_257_258_259_260_261_262_263_264_265_266_267_268_269_270_271_272_273_274_275_276_277_278_279_280_281_282_283_284_285_286_287_288  7.10e+08  6.06e+08 105297.91  50224.53  14862.04    689.63     82.74     25.50  -2981.98   2262.95      0.00 0
2176 2212      157_167_168_178_184_189_190_199_208_212  7.21e+08  6.52e+08   -393.08  -2479.03   3372.33    750.36     36.66    260.99  -1156.25    940.69      0.00 16
4682 2212      143_150_151_157_158_167_168_178_179_184_189_190_199_200_208_212_217_285  7.32e+08  6.57e+08  -1328.64  -2458.30   3795.74    708.65     36.36    241.61  -1078.61    752.04      0.00 15
3366 2212      24_25_26_32_33_34_40_41_42_43_49_50_51_52_56_57_58_59_60_61_62_63_64_65_66_67_68_71_72_73_74_75_76_77_78_79_82_83_84_85_86_87_88_89_90_91_92_93_94_95_96_97_98_102_103_104_105_106_107_108_109_110_111_114_115_116_117_118_119_120_121_122_123_124_125_126_127_128_129_130_131_132_133_134_135_136_137_138_139_140_141_142_143_144_145_146_147_148_149_150_151_152_153_154_155_156_157_158_159_160_161_162_166_167_168_169_170_171_172_173_174_175_178_179_180_181_182_183_184_185_186_187_188_189_190_191_192_193_194_198_199_200_201_202_203_204_205_206_208_209_210_211_212_213_214_215_216_217_218_219_220_225_226_227_228_229_234_235_236_237_242_243_244_245_250_251_252_258_259_265_277_278_279_280_281_282_283_284_285_286_287_288  7.35e+08  6.31e+08 -37190.64 -27630.28  12007.94    682.45     75.47    216.61   1906.66   1063.58      0.00 0
214 2212      118_124_125_131_132_133_139_140_146_147_148_153_154_155_156_160_161_162_170_171_172_173_180_181_182_183_186_187_188_191_192_193_194_201_202_203_209_210_211_214_215_216_219_220_277_278_281_288  7.37e+08  6.32e+08    816.20  -5284.51   5285.92    669.27     45.33    278.78    610.56    633.20      0.00 0
3564 2212      68_75_76_77_84_85_86_87_89_90_91_92_94_95_96_97_98_104_105_106_107_108_109_114_115_116_117_118_119_120_121_122_123_124_125_126_128_129_130_131_132_133_135_136_137_138_139_140_141_142_143_144_145_146_147_148_150_151_152_153_154_155_156_157_158_159_160_161_162_167_168_169_170_171_172_173_178_179_180_181_182_183_184_185_186_187_188_189_190_191_192_193_194_198_199_200_201_202_203_208_209_210_211_212_213_214_215_216_217_218_219_220_224_225_232_233_240_241_247_248_254_255_260_261_277_278_279_280_281_282_283_284_285_286_287_288  7.44e+08  6.36e+08  12064.85 -15414.56   8252.58    793.88     67.14    308.05  -1138.33   1909.76      0.00 0
16110 2212      0_1_2_3_5_6_7_8_11_12_13_14_17_18_19_20_21_24_25_26_27_28_31_32_33_34_35_39_40_41_42_43_47_48_49_50_51_56_57_58_59_60_61_62_63_64_65_66_67_68_69_70_71_72_73_74_75_76_77_82_83_84_85_86_87_88_89_90_91_92_93_94_95_96_97_98_100_101_102_103_104_105_106_107_108_114_115_116_117_118_119_120_121_122_123_124_125_127_128_129_130_131_132_133_135_136_137_138_139_140_142_143_144_145_146_147_150_151_152_153_154_155_157_158_159_160_161_163_164_165_166_167_168_169_170_171_172_178_179_180_181_182_184_185_186_187_189_190_191_192_193_195_196_197_198_199_200_201_202_208_209_210_211_212_213_214_215_217_218_219_220_221_222_223_224_225_230_231_232_233_238_239_240_241_246_247_248_253_254_255_260_261_262_266_267_268_272_273_277_278_279_280_281_282_283_284_285_286_287_288  7.51e+08  6.45e+08  29192.68 -84351.05  14329.06    673.61     80.88    289.09  -4154.92   2465.16      0.00 0
16576 2212      10_14_15_16_20_21_22_23_25_26_27_28_29_30_32_33_34_35_36_37_38_39_40_41_42_43_44_45_46_47_48_49_50_51_52_53_54_55_56_57_58_59_60_61_62_63_64_65_66_67_68_69_70_71_72_73_74_75_76_77_78_79_80_81_82_83_84_85_86_87_88_89_90_91_92_93_94_95_96_97_98_99_100_101_102_103_104_105_106_107_108_109_110_111_112_113_114_115_116_117_118_119_120_121_122_123_124_125_126_127_128_129_130_131_132_133_134_135_136_137_138_139_140_141_142_143_144_145_146_147_148_149_150_151_152_153_154_155_156_157_158_159_160_161_162_163_164_165_166_167_168_169_170_171_172_173_174_175_176_177_178_179_180_181_182_183_184_185_186_187_188_189_190_191_192_193_194_195_196_197_198_199_200_201_202_203_204_205_206_207_208_209_210_211_212_213_214_215_216_217_218_219_220_221_222_223_224_225_226_227_228_229_230_231_232_233_234_235_236_237_238_239_240_241_242_243_244_245_246_247_248_249_250_251_252_253_254_255_256_257_258_259_260_261_262_263_264_265_266_267_268_269_270_271_272_273_274_275_276_277_278_279_280_281_282_283_284_285_286_287_288  7.51e+08  6.69e+08 -150683.22  44177.07  15064.53    699.98     84.52    163.66  -4669.00   4116.26      0.00 0
9204 2212      25_32_33_41  7.54e+08  6.61e+08  -4316.75  -3795.03   4758.33    789.69     50.38    221.32  -3521.35  -3596.50      0.00 1
15532 2212      70_71_72_82_88_93_94_100_101_102_103_104_105_114_115_116_120_121_122_123_127_128_129_130_131_135_136_137_138_142_143_144_145_146_150_151_152_153_157_158_159_160_164_165_166_167_168_169_170_178_179_180_181_184_185_186_189_190_191_195_196_197_198_199_200_201_208_209_212_213_217_223_281_283_284_285_286_287  7.63e+08  6.57e+08  18759.35   -216.10   8392.02    741.56     65.90    359.34  -3034.92    333.49      0.00 0
23708 2212      0_6_12_19  7.64e+08  6.60e+08  -5942.78  -4735.57   5864.57    712.19     52.34    218.55  -2645.16  -6127.11      0.00 0
6056 2212      248_254_255_261_266_267_272  7.73e+08  6.83e+08  -6444.12   8262.95   6054.76    845.15     59.98    127.95  -2992.81   5771.49      0.00 0
6436 2212      0_1_2_3_4_5_6_7_8_9_10_12_13_14_15_16_18_19_20_21_22_23_26_27_28_29_30_34_35_36_37_38_42_43_44_45_46_51_52_53_54_55_59_63_64_68_77_78_79_80_81_87_98_109_110_111_112_113_174_175_176_177_205_206_207_228_229_237_245  7.82e+08  6.51e+08  53270.63  55433.78  14138.02    637.54     79.58     46.14   2406.97  -4556.66      0.00 0
24482 2212      0_1_2_3_4_5_6_7_8_9_10_11_12_13_14_15_16_17_18_19_20_21_22_23_24_25_26_27_28_29_30_31_32_33_34_35_36_37_38_39_40_41_42_43_44_45_46_47_48_49_50_51_52_53_54_56_57_58_59_60_61_62_63_64_65_66_67_68_69_70_71_72_73_74_75_76_77_78_79_80_82_83_84_85_86_87_88_89_90_91_92_93_94_95_96_97_98_99_100_101_102_103_104_105_106_107_108_109_110_111_114_115_116_117_118_119_120_121_122_123_124_125_126_127_128_129_130_131_132_133_134_135_136_137_138_139_140_141_142_143_144_145_146_147_148_149_150_151_152_153_154_155_156_157_158_159_160_161_162_163_164_165_166_167_168_169_170_171_172_173_174_175_178_179_180_181_182_183_184_185_186_187_188_189_190_191_192_193_194_195_196_197_198_199_200_201_202_203_204_205_208_209_210_211_212_213_214_215_216_217_218_219_220_221_222_223_224_225_226_227_230_231_232_233_234_235_236_238_239_240_241_242_243_246_247_248_249_250_251_253_254_255_256_257_260_261_262_263_264_266_267_268_269_272_273_274_275_277_278_279_280_281_282_283_284_285_286_287_288  7.83e+08  6.70e+08 -79907.50 186888.41  13393.27    882.88     86.23    113.15  -5276.82     44.98      0.00 0
22700 2212      0_1_5_6_7_11_12_13_14_18_19_20_21_25_26_27_28_29_33_34_35_36_37_41_42_43_44_45_46_50_51_52_53_54_56_57_58_59_60_61_62_63_64_65_66_67_68_73_74_75_76_77_78_79_80_81_82_83_84_85_86_87_88_89_90_91_92_94_95_96_97_98_105_106_107_108_109_110_111_112_113_115_116_117_118_119_122_123_124_125_126_130_131_132_133_134_138_139_140_141_146_147_148_149_153_154_155_156_160_161_162_171_172_173_174_175_176_177_182_183_188_194_203_204_205_206_207_227_228_229_236_237_244_245_252_277_278_279_280_282_284  7.87e+08  6.78e+08  37547.80  30264.81  11738.52    747.44     76.32     38.87   6897.35   2044.62      0.00 0
682 2212      232_239_240_241_247_248_249  7.89e+08  6.96e+08  11061.08    686.21   6716.99    745.93     58.78      3.55  -1679.12   3750.25      0.00 0
20838 2212      101_135_142_143_150_151_157_158_165_166_167_168_169_170_178_179_180_181_184_185_186_187_189_190_191_192_193_196_197_198_199_200_201_202_203_208_209_210_211_212_213_214_215_216_217_218_219_220_223_224_225_226_231_232_233_234_235_240_241_242_243_244_248_249_250_251_252_256_257_258_259_263_264_265_270_271_281_283_285_288  7.80e+08  6.74e+08 -25876.62 -14237.56  10285.13    690.48     70.80    208.82   -789.97   2542.26      0.00 0
22648 2212      0_1_2_5_6_7_11_12_13_18_19_20_25_26_27_32_33_34_35_40_41_42_43_49_50_51_52_56_57_58_59_60_61_62_63_64_65_66_67_68_71_72_73_74_75_76_77_78_82_83_84_85_86_87_88_89_90_91_92_93_94_95_96_97_98_102_103_104_105_106_107_108_109_114_115_116_117_118_119_120_121_122_123_124_125_126_127_128_129_130_131_132_133_134_135_136_137_138_139_140_141_142_143_144_145_146_147_148_149_150_151_152_153_154_155_156_157_158_159_160_161_162_166_167_168_169_170_171_172_173_178_179_180_181_182_183_184_185_186_187_188_189_190_191_192_193_194_197_198_199_200_201_202_203_204_208_209_210_211_212_213_214_215_216_217_218_219_220_224_225_226_232_233_234_235_240_241_242_243_248_249_250_255_256_257_262_263_264_268_269_270_274_275_276_277_278_279_280_281_282_283_284_285_286_287_288  7.91e+08  6.93e+08 -13624.73 -46744.33  11725.27    755.36     76.46    253.75  -1853.43  -3630.11      0.00 0
16452 2212      0_1_2_3_4_5_6_7_8_9_10_11_12_13_14_15_16_17_18_19_20_21_22_23_24_25_26_27_28_29_30_31_32_33_34_35_36_37_38_39_40_41_42_43_44_45_46_47_48_49_50_51_52_53_54_55_56_57_58_59_60_61_62_63_64_65_66_67_68_69_70_71_72_73_74_75_76_77_78_79_80_81_82_83_84_85_86_87_88_89_90_91_92_93_94_95_96_97_98_99_100_101_102_103_104_105_106_107_108_109_110_111_112_113_114_115_116_117_118_119_120_121_122_123_124_125_126_127_128_129_130_131_132_133_134_135_136_137_138_139_140_141_142_143_144_145_146_147_148_149_150_151_152_153_154_155_156_157_158_159_160_161_162_163_164_165_166_167_168_169_170_171_172_173_174_175_176_177_178_179_180_181_182_183_184_185_186_187_188_189_190_191_192_193_194_195_196_197_198_199_200_201_202_203_204_205_206_207_208_209_210_211_212_213_214_215_216_217_218_219_220_224_225_226_227_228_229_235_236_237_277_278_279_280_281_282_283_284_285_286_287_288  7.94e+08  6.86e+08 -142889.80 -10367.81  15032.52    701.73     84.01    184.15   4030.98  -3984.54      0.00 0
15456 2212      0_1_2_3_4_6_7_8_9_10_12_13_14_15_16_19_20_21_22_23_26_27_28_29_30_34_35_36_37_38_43_44_45_46_52_53_54_55_64_78_79_80_81_110_111_112_113_175_176_177_205_206_207_228_229_237  7.96e+08  6.98e+08 -59128.86 -47728.02  13412.42    734.36     79.99    218.91   5629.77  -2027.57      0.00 0
5398 2212      0_1_2_3_4_5_6_7_8_9_10_11_12_13_14_15_16_17_18_19_20_21_22_23_24_25_26_27_28_29_30_31_32_33_34_35_36_37_38_39_40_41_42_43_44_45_46_47_48_49_50_51_52_53_54_56_57_58_59_60_61_62_63_64_65_66_67_68_69_70_71_72_73_74_75_76_77_78_79_80_82_83_84_85_86_87_88_89_90_91_92_93_94_95_96_97_98_99_100_101_102_103_104_105_106_107_108_109_110_111_114_115_116_117_118_119_120_121_122_123_124_125_126_127_128_129_130_131_132_133_134_135_136_137_138_139_140_141_142_143_144_145_146_147_148_149_150_151_152_153_154_155_156_157_158_159_160_161_162_163_164_165_166_167_168_169_170_171_172_173_174_175_178_179_180_181_182_183_184_185_186_187_188_189_190_191_192_193_194_195_196_197_198_199_200_201_202_203_204_205_208_209_210_211_212_213_214_215_216_217_218_219_220_221_222_223_224_225_226_227_230_231_232_233_234_235_238_239_240_241_242_243_246_247_248_249_250_253_254_255_256_257_260_261_262_263_266_267_268_269_272_273_274_277_278_279_280_281_282_283_284_285_286_287_288  8.08e+08  7.14e+08  88662.22 -128763.46  14888.25    723.87     84.56    304.55  -5094.81   3326.12      0.00 0
8662 2212      0_1_2_3_4_5_6_7_8_9_10_11_12_13_14_15_16_17_18_19_20_21_22_23_24_25_26_27_28_29_30_31_32_33_34_35_36_37_38_39_40_41_42_43_44_45_46_47_48_49_50_51_52_53_54_55_56_57_58_59_60_61_62_63_64_65_66_67_68_69_70_71_72_73_74_75_76_77_78_79_80_81_82_83_84_85_86_87_88_89_90_91_92_93_94_95_96_97_98_99_100_101_102_103_104_105_106_107_108_109_110_111_112_113_114_115_116_117_118_119_120_121_122_123_124_125_126_127_128_129_130_131_132_133_134_135_136_137_138_139_140_141_142_143_144_145_146_147_148_149_150_151_152_153_154_155_156_157_158_159_160_161_162_163_164_165_166_167_168_169_170_171_172_173_174_175_176_177_178_179_180_181_182_183_184_185_186_187_188_189_190_191_192_193_194_195_196_197_198_199_200_201_202_203_204_205_206_207_208_209_210_211_212_213_214_215_216_217_218_219_220_221_222_223_224_225_226_227_228_229_230_231_232_233_234_235_236_237_238_239_240_241_242_243_244_245_246_247_248_249_250_251_252_255_256_257_258_259_262_263_264_265_270_271_276_277_278_279_280_281_282_283_284_285_286_287_288  8.17e+08  6.88e+08 160415.12  65040.01  14839.81    721.28     85.10     22.07   3800.83  -1380.28      0.00 0
16548 2212      253_260_266_267_272  8.19e+08  7.08e+08   8497.67   7640.60   6410.23    823.24     60.71     41.96  -3418.28   6990.49      0.00 0
16990 2212      30_37_45_54  8.20e+08  7.19e+08    527.09  -6977.53   5530.19    733.82     51.68    274.32   4812.13  -3591.17      0.00 0
15734 2212      14_15_16_19_20_21_22_23_25_26_27_28_29_30_32_33_34_35_36_37_38_39_40_41_42_43_44_45_47_48_49_50_51_52_53_56_57_58_59_60_61_62_63_64_65_66_67_68_69_70_71_72_73_74_75_76_77_82_83_84_85_86_87_88_89_90_91_92_93_94_95_96_97_99_100_101_102_103_104_105_106_114_115_116_120_121_122_127_128_135_163_164_165_280_282_284_287  8.32e+08  7.26e+08 -33406.64  10079.70  10982.01    677.76     72.53    163.21  -3205.08  -2001.76      0.00 0
22362 2212      38_44_45_46_52_53_54_55_56_57_58_59_60_61_62_63_64_65_66_67_68_72_73_74_75_76_77_78_79_80_82_83_84_85_86_87_88_89_90_91_92_93_94_95_96_97_98_102_103_104_105_106_107_108_109_110_111_112_114_115_116_117_118_119_120_121_122_123_124_125_126_127_128_129_130_131_132_133_134_135_136_137_138_139_140_141_142_143_144_145_146_147_148_149_150_151_152_153_154_155_156_157_158_159_160_161_162_165_166_167_168_169_170_171_172_173_174_175_178_179_180_181_182_183_184_185_186_187_188_189_190_191_192_193_194_196_197_198_199_200_201_202_203_204_205_208_209_210_211_212_213_214_215_216_217_218_219_220_221_222_223_224_225_226_227_230_231_232_233_234_235_238_239_240_241_242_246_247_248_249_253_254_255_256_260_261_262_266_267_272_277_278_279_280_281_282_283_284_285_286_287_288  8.32e+08  7.18e+08  51890.84 -31092.94  12472.50    760.82     78.35    329.07  -3349.99   3333.98      0.00 0
13404 2212      1_2_3_4_6_7_8_9_10_11_12_13_14_15_16_17_18_19_20_21_22_23_24_25_26_27_28_29_30_31_32_33_34_35_36_37_38_39_40_41_42_43_44_45_46_47_48_49_50_51_52_53_54_55_56_57_58_59_60_61_62_63_64_65_66_67_68_69_70_71_72_73_74_75_76_77_78_79_80_81_82_83_84_85_86_87_88_89_90_91_92_93_94_95_96_97_98_99_100_101_102_103_104_105_106_107_108_109_110_111_112_113_114_115_116_117_118_119_120_121_122_123_124_125_126_127_128_129_130_131_132_133_134_135_136_137_138_139_140_141_142_143_144_145_146_147_148_149_150_151_152_153_154_155_156_157_158_159_160_161_162_163_164_165_166_167_168_169_170_171_172_173_174_175_176_177_178_179_180_181_182_183_184_185_186_187_188_189_190_191_192_193_194_195_196_197_198_199_200_201_202_203_204_205_206_207_208_209_210_211_212_213_214_215_216_217_218_219_220_221_222_223_224_225_226_227_228_229_230_231_232_233_234_235_236_237_238_239_240_241_242_243_244_245_246_247_248_249_250_251_252_253_254_255_256_257_258_259_260_261_262_263_264_265_266_267_268_269_270_271_272_273_274_275_276_277_278_279_280_281_282_283_284_285_286_287_288  8.32e+08  7.16e+08 182409.05 -129631.36  14118.24    719.03     86.39    324.60  -1982.39   4829.87      0.00 0
12228 2212      244_251_258_265  8.47e+08  7.30e+08   1516.09   5904.78   5320.02    711.94     48.89     75.60   3934.16   4623.21      0.00 1
204 2212      20_27_28_35  8.48e+08  7.52e+08  -6062.50  -1671.03   5462.72    700.48     49.02    195.41    156.69  -4183.58      0.00 2
14264 2212      0_1_2_3_4_6_7_8_9_10_12_13_14_15_16_18_19_20_21_22_23_25_26_27_28_29_30_33_34_35_36_37_38_41_42_43_44_45_46_49_50_51_52_53_54_55_56_57_58_59_60_61_62_63_64_65_66_67_68_71_72_73_74_75_76_77_78_79_80_81_82_83_84_85_86_87_88_89_90_91_92_93_94_95_96_97_98_102_103_104_105_106_107_108_109_110_111_112_113_114_115_116_117_118_119_120_121_122_123_124_125_126_127_128_129_130_131_132_133_134_135_136_137_138_139_140_141_142_143_144_145_146_147_148_149_150_151_152_153_154_155_156_157_158_159_160_161_162_166_167_168_169_170_171_172_173_174_175_176_177_178_179_180_181_182_183_184_185_186_187_188_189_190_191_192_193_194_197_198_199_200_201_202_203_204_205_206_207_208_209_210_211_212_213_214_215_216_217_218_219_220_223_224_225_226_227_228_229_232_233_234_235_236_237_240_241_242_243_244_245_247_248_249_250_251_252_254_255_256_257_258_259_261_262_263_264_265_266_267_268_269_270_271_272_273_274_275_276_277_278_279_280_281_282_283_284_285_286_287_288  8.55e+08  7.53e+08  -9799.84 144119.91  14647.50    756.13     84.21     93.89   2683.57  -3682.87      0.00 0
20402 2212      40_41_49_71_102_166  8.56e+08  7.35e+08  -1794.39 -10815.59   6933.47    702.47     57.69    260.58  -3220.31  -1725.20      0.00 0
24744 2212      3_4_8_9_10_13_14_15_16_18_19_20_21_22_23_24_25_26_27_28_29_30_31_32_33_34_35_36_37_38_39_40_41_42_43_44_45_46_47_48_49_50_51_52_53_54_55_56_57_58_59_60_61_62_63_64_65_66_67_68_69_70_71_72_73_74_75_76_77_78_79_80_81_82_83_84_85_86_87_88_89_90_91_92_93_94_95_96_97_98_99_100_101_102_103_104_105_106_107_108_109_110_111_112_113_114_115_116_117_118_119_120_121_122_123_124_125_126_127_128_129_130_131_132_133_134_135_136_137_138_139_140_141_142_143_144_145_146_147_148_149_150_151_152_153_154_155_156_157_158_159_160_161_162_163_164_165_166_167_168_169_170_171_172_173_174_175_176_177_178_179_180_181_182_183_184_185_186_187_188_189_190_191_192_193_194_195_196_197_198_199_200_201_202_203_204_205_206_207_208_209_210_211_212_213_214_215_216_217_218_219_220_221_222_223_224_225_226_227_228_229_230_231_232_233_234_235_236_237_238_239_240_241_242_243_244_246_247_248_249_250_251_253_254_255_260_261_277_278_279_280_281_282_283_284_285_286_287_288  8.56e+08  7.23e+08 -111815.24  34505.70  14326.58    767.08     83.02    162.85   4199.46  -1924.13      0.00 0
18312 2212      10_16_23_29_30_37_38_45_46_53_54_55_79_80_81_111_112_175_176_205_206_207_227_228_229_236_237_244_245_252_259  8.65e+08  7.30e+08    834.48 -29324.69  10164.43    705.79     70.89    271.63   5328.56  -2636.42      0.00 0
17640 2212      1_2_3_6_7_8_12_13_14_19_20_21_26_27_28_33_34_35_36_41_42_43_44_50_51_52_56_57_58_59_60_61_62_63_64_65_66_67_68_72_73_74_75_76_77_78_82_83_84_85_86_87_88_89_90_91_92_93_94_95_96_97_98_103_104_105_106_107_108_109_110_114_115_116_117_118_119_120_121_122_123_124_125_126_127_128_129_130_131_132_133_134_135_136_137_138_139_140_141_142_143_144_145_146_147_148_149_150_151_152_153_154_155_156_157_158_159_160_161_162_167_168_169_170_171_172_173_174_178_179_180_181_182_183_184_185_186_187_188_189_190_191_192_193_194_198_199_200_201_202_203_204_205_208_209_210_211_212_213_214_215_216_217_218_219_220_224_225_226_227_233_234_235_241_242_243_248_249_250_251_256_257_258_262_263_264_268_269_270_274_275_276_277_278_279_280_281_282_283_284_285_286_287_288  8.65e+08  7.52e+08   6472.95  43311.54  11138.17    789.36     75.73     81.50    857.35   2719.05      0.00 0
16896 2212      51_56_57_58_59_60_61_62_63_64_65_66_67_68_73_74_75_76_77_82_83_84_85_86_87_88_89_90_91_92_93_94_95_96_97_98_103_104_105_106_107_108_114_115_116_117_118_119_120_121_122_123_124_125_126_128_129_130_131_132_133_135_136_137_138_139_140_141_143_144_145_146_147_148_150_151_152_153_154_155_156_157_158_159_160_161_162_167_168_169_170_171_172_173_178_179_180_181_182_183_184_185_186_187_188_189_190_191_192_193_194_199_200_201_202_203_208_209_210_211_212_213_214_215_216_217_218_219_220_225_234_277_278_279_280_281_282_283_284_285_286_287_288  8.75e+08  7.40e+08  -1891.29 -12345.24   7213.59    721.02     59.99    261.29    -41.76   -177.93      0.00 0
9326 2212      5_11_12_17_18_24_25_26_32_33_41_42_50  8.84e+08  7.96e+08 -12970.71 -12295.85   7998.51    784.93     65.89    223.47  -4630.02  -5508.05      0.00 0
11516 2212      21_22_23_24_25_26_27_28_29_30_31_32_33_34_35_36_37_38_39_40_41_42_43_44_45_46_47_48_49_50_51_52_53_54_55_56_57_58_59_60_61_62_63_64_65_66_67_68_69_70_71_72_73_74_75_76_77_78_79_80_81_82_83_84_85_86_87_88_89_90_91_92_93_94_95_96_97_98_99_100_101_102_103_104_105_106_107_108_109_110_111_112_113_114_115_116_117_118_119_120_121_122_123_124_125_126_127_128_129_130_131_132_133_134_135_136_137_138_139_140_141_142_143_144_145_146_147_148_149_150_151_152_153_154_155_156_157_158_159_160_161_162_163_164_165_166_167_168_169_170_171_172_173_174_175_176_177_178_179_180_181_182_183_184_185_186_187_188_189_190_191_192_193_194_195_196_197_198_199_200_201_202_203_204_205_206_207_208_209_210_211_212_213_214_215_216_217_218_219_220_221_222_223_224_225_226_227_228_229_230_231_232_233_234_235_236_237_238_239_240_241_242_243_244_245_246_247_248_249_250_251_252_253_254_255_256_257_258_259_260_261_262_263_264_265_266_267_268_269_270_271_272_273_274_275_276_277_278_279_280_281_282_283_284_285_286_287_288  8.80e+08  7.71e+08 178591.55 -29341.51  14498.19    759.55     85.42    350.67   1614.22   3598.79      0.00 0
20764 2212      11_17_18_24_25_31_32_39_40_41_48_49_70_71_100_101_102_165_166_196_197_222_223_231_232_239_247  9.08e+08  7.74e+08  -2358.84 -22556.51   9435.93    675.36     67.41    264.03  -4267.08  -1742.27      0.00 0
5798 2212      3_4_9_10_14_15_16_20_21_22_23_27_28_29_30_34_35_36_37_38_42_43_44_45_46_50_51_52_53_54_55_56_57_58_59_60_61_62_63_64_65_66_67_68_72_73_74_75_76_77_78_79_80_81_82_83_84_85_86_87_88_89_90_91_92_93_94_95_96_97_98_102_103_104_105_106_107_108_109_110_111_112_113_114_115_116_117_118_119_120_121_122_123_124_125_126_127_128_129_130_131_132_133_134_135_136_137_138_139_140_141_142_143_144_145_146_147_148_149_150_151_152_153_154_155_156_157_158_159_160_161_162_165_166_167_168_169_170_171_172_173_174_175_176_177_178_179_180_181_182_183_184_185_186_187_188_189_190_191_192_193_194_197_198_199_200_201_202_203_204_205_206_207_208_209_210_211_212_213_214_215_216_217_218_219_220_222_223_224_225_226_227_228_229_230_231_232_233_234_235_236_237_238_239_240_241_242_243_244_245_246_247_248_249_250_251_252_253_254_255_256_257_258_260_261_262_263_264_265_266_267_268_269_270_272_273_274_275_277_278_279_280_281_282_283_284_285_286_287_288  9.09e+08  7.55e+08 -78490.74  83350.63  14666.60    711.60     82.70    133.28   5910.60  -3530.84      0.00 0
40 2212      0_1_2_3_5_6_7_8_11_12_13_14_15_17_18_19_20_21_24_25_26_27_28_29_31_32_33_34_35_36_39_40_41_42_43_44_45_47_48_49_50_51_52_53_56_57_58_59_60_61_62_63_64_65_66_67_68_69_70_71_72_73_74_75_76_77_78_79_80_82_83_84_85_86_87_88_89_90_91_92_93_94_95_96_97_98_99_100_101_102_103_104_105_106_107_108_109_110_111_114_115_116_117_118_119_120_121_122_123_124_125_126_127_128_129_130_131_132_133_134_135_136_137_138_139_140_141_142_143_144_145_146_147_148_149_150_151_152_153_154_155_156_157_158_159_160_161_162_163_164_165_166_167_168_169_170_171_172_173_174_175_176_178_179_180_181_182_183_184_185_186_187_188_189_190_191_192_193_194_195_196_197_198_199_200_201_202_203_204_205_206_208_209_210_211_212_213_214_215_216_217_218_219_220_221_222_223_224_225_226_227_228_229_230_231_232_233_234_235_236_237_238_239_240_241_242_243_244_245_246_247_248_249_250_251_252_253_254_255_256_257_258_259_260_261_262_263_264_265_266_267_268_269_270_271_272_273_274_275_276_277_278_279_280_281_282_283_284_285_286_287_288  9.13e+08  7.89e+08  64643.00 107159.93  13750.12    877.74     83.73     58.90   2679.11   6533.61      0.00 0
15696 2212      0_1_2_3_4_5_6_7_8_9_11_12_13_14_15_16_17_18_19_20_21_22_24_25_26_27_28_29_30_31_32_33_34_35_36_37_39_40_41_42_43_44_45_46_47_48_49_50_51_52_53_54_56_57_58_59_60_61_62_63_64_65_66_67_68_69_70_71_72_73_74_75_76_77_78_79_80_81_82_83_84_85_86_87_88_89_90_91_92_93_94_95_96_97_98_99_100_101_102_103_104_105_106_107_108_109_110_111_112_114_115_116_117_118_119_120_121_122_123_124_125_126_127_128_129_130_131_132_133_134_135_136_137_138_139_140_141_142_143_144_145_146_147_148_149_150_151_152_153_154_155_156_157_158_159_160_161_162_163_164_165_166_167_168_169_170_171_172_173_174_175_176_177_178_179_180_181_182_183_184_185_186_187_188_189_190_191_192_193_194_195_196_197_198_199_200_201_202_203_204_205_206_207_208_209_210_211_212_213_214_215_216_217_218_219_220_221_222_223_224_225_226_227_228_229_230_231_232_233_234_235_236_237_238_239_240_241_242_243_244_245_246_247_248_249_250_251_252_253_254_255_256_257_258_259_260_261_262_263_264_265_266_267_268_269_270_271_272_273_274_275_276_277_278_279_280_281_282_283_284_285_286_287_288  9.19e+08  8.00e+08  79352.62 125426.48  14526.60    775.30     84.41     57.68   1749.09   3956.01      0.00 0
7222 2212      28_29_30_33_34_35_36_37_38_39_40_41_42_43_44_45_46_47_48_49_50_51_52_53_54_55_56_57_58_59_60_61_62_63_64_65_66_67_68_69_70_71_72_73_74_75_76_77_78_79_80_81_82_83_84_85_86_87_88_89_90_91_92_93_94_95_96_97_98_99_100_101_102_103_104_105_106_107_108_109_110_111_112_113_114_115_116_117_118_119_120_121_122_123_124_125_126_127_128_129_130_131_132_133_134_135_136_137_138_139_140_141_142_143_144_145_146_147_148_149_150_151_152_153_154_155_156_157_158_159_160_161_162_163_164_165_166_167_168_169_170_171_172_173_174_175_176_177_178_179_180_181_182_183_184_185_186_187_188_189_190_191_192_193_194_195_196_197_198_199_200_201_202_203_204_205_206_207_208_209_210_211_212_213_214_215_216_217_218_219_220_221_222_223_224_225_226_227_228_229_230_231_232_233_234_235_236_237_238_239_240_241_242_243_244_245_246_247_248_249_250_251_252_253_254_255_256_257_258_259_260_261_262_263_264_265_266_267_268_269_270_271_272_273_274_275_276_277_278_279_280_281_282_283_284_285_286_287_288  9.19e+08  7.94e+08 -206242.06  16919.94  14143.69    759.97     86.09    175.31   4665.15   5288.51      0.00 0
12126 2212      24_31_32_39_40_41_42_47_48_49_50_51_56_57_58_59_60_61_62_63_64_65_66_67_68_70_71_72_73_74_75_76_77_78_82_83_84_85_86_87_88_89_90_91_92_93_94_95_96_97_98_100_101_102_103_104_105_106_107_108_109_110_114_115_116_117_118_119_120_121_122_123_124_125_126_127_128_129_130_131_132_133_134_135_136_137_138_139_140_141_142_143_144_145_146_147_148_149_150_151_152_153_154_155_156_157_158_159_160_161_162_165_166_167_168_169_170_171_172_173_174_175_178_179_180_181_182_183_184_185_186_187_188_189_190_191_192_193_194_197_198_199_200_201_202_203_204_205_206_208_209_210_211_212_213_214_215_216_217_218_219_220_224_225_226_227_228_229_232_233_234_235_236_237_241_242_243_244_245_249_250_251_252_257_258_259_264_265_271_277_278_279_280_281_282_283_284_285_286_287_288  9.22e+08  7.80e+08 -38476.59 -24729.99  11395.44    772.34     76.01    212.73    400.09   1299.00      0.00 0
4556 2212      10_16_22_23_29_30_37_44_45_53_54_79_110_111  9.25e+08  8.10e+08  -4516.67  15083.53   7315.39    839.90     65.08    106.67   3884.08  -2216.83      0.00 0
19072 2212      0_1_2_3_5_6_7_8_9_11_12_13_14_15_18_19_20_21_22_25_26_27_28_29_32_33_34_35_36_40_41_42_43_44_49_50_51_52_53_56_57_58_59_60_61_62_63_64_65_66_67_68_71_72_73_74_75_76_77_78_79_82_83_84_85_86_87_88_89_90_91_92_93_94_95_96_97_98_102_103_104_105_106_107_108_109_110_111_114_115_116_117_118_119_120_121_122_123_124_125_126_127_128_129_130_131_132_133_134_135_136_137_138_139_140_141_142_143_144_145_146_147_148_149_150_151_152_153_154_155_156_157_158_159_160_161_162_166_167_168_169_170_171_172_173_174_175_178_179_180_181_182_183_184_185_186_187_188_189_190_191_192_193_194_197_198_199_200_201_202_203_204_205_208_209_210_211_212_213_214_215_216_217_218_219_220_223_224_225_226_227_228_232_233_234_235_236_240_241_242_243_244_247_248_249_250_251_252_255_256_257_258_259_261_262_263_264_265_267_268_269_270_271_273_274_275_276_277_278_279_280_281_282_283_284_285_286_287_288  9.25e+08  8.05e+08 -18780.63 -86135.73  13758.10    750.87     81.13    257.70     12.16  -1212.58      0.00 0
13362 2212      1_6_7_12_13_19_20_26_27_33_34_41_42_43_50_51_56_57_58_59_60_61_62_63_64_65_66_67_68_72_73_74_75_76_77_82_83_84_85_86_87_88_89_90_91_92_93_94_95_96_97_98_102_103_104_105_106_107_108_109_114_115_116_117_118_119_120_121_122_123_124_125_126_127_128_129_130_131_132_133_135_136_137_138_139_140_141_142_143_144_145_146_147_148_150_151_152_153_154_155_156_157_158_159_160_161_162_166_167_168_169_170_171_172_173_178_179_180_181_182_183_184_185_186_187_188_189_190_191_192_193_194_198_199_200_201_202_203_208_209_210_211_212_213_214_215_216_217_218_219_220_224_225_233_234_241_242_249_277_278_279_280_281_282_283_284_285_286_287_288  9.27e+08  8.00e+08   5701.26  26060.92   9852.34    700.74     69.73     77.66   -668.93   -238.72      0.00 0
17712 2212      69_99_100_163_164_165_195_196_197_221_222_223_224_230_231_232_233_238_239_240_241_246_247_248_249_253_254_255_256_257_260_261_262_263_264_266_267_268_269_270_271_272_273_274_275_276  9.28e+08  7.80e+08  66671.53  34988.49  13887.09    661.80     79.55     27.69  -5567.61   4014.86      0.00 0
17212 2212      10_15_16_21_22_23_28_29_30_35_36_37_38_42_43_44_45_46_50_51_52_53_54_55_56_57_58_59_60_61_62_63_64_65_66_67_68_72_73_74_75_76_77_78_79_80_81_82_83_84_85_86_87_88_89_90_91_92_93_94_95_96_97_98_102_103_104_105_106_107_108_109_110_111_112_113_114_115_116_117_118_119_120_121_122_123_124_125_126_127_128_129_130_131_132_133_134_135_136_137_138_139_140_141_142_143_144_145_146_147_148_149_150_151_152_153_154_155_156_157_158_159_160_161_162_165_166_167_168_169_170_171_172_173_174_175_176_177_178_179_180_181_182_183_184_185_186_187_188_189_190_191_192_193_194_197_198_199_200_201_202_203_204_205_206_207_208_209_210_211_212_213_214_215_216_217_218_219_220_222_223_224_225_226_227_228_229_230_231_232_233_234_235_236_237_238_239_240_241_242_243_244_245_246_247_248_249_250_251_252_253_254_255_256_257_258_259_260_261_262_263_264_265_266_267_268_269_270_272_273_274_275_276_277_278_279_280_281_282_283_284_285_286_287_288  9.37e+08  8.27e+08  72675.44 -78702.48  14788.62    675.72     82.14    312.72   -109.36   3570.61      0.00 0
3544 2212      150_157_167_168_178_179_184_189_190_199_208_212_285  9.39e+08  8.22e+08  -1577.39  -1767.94   2606.61    894.36     42.27    228.26  -1175.40    652.76      0.00 21
17462 2212      47_48_69_70_71_72_73_82_83_88_89_93_94_95_99_100_101_102_103_104_105_106_114_115_116_117_120_121_122_123_124_127_128_129_130_131_132_135_136_137_138_139_140_142_143_144_145_146_147_148_150_151_152_153_154_155_156_157_158_159_160_161_162_163_164_165_166_167_168_169_170_171_172_173_178_179_180_181_182_183_184_185_186_187_188_189_190_191_192_193_194_195_196_197_198_199_200_201_202_203_208_209_210_211_212_213_214_215_216_217_218_219_220_221_222_223_224_225_230_231_232_277_278_281_283_284_285_286_287_288  9.39e+08  8.21e+08  36719.30   2239.42  10896.96    721.70     73.50      3.49  -5720.85    432.41      0.00 0
23080 2212      0_1_2_3_4_5_6_7_8_9_10_11_12_13_14_15_16_18_19_20_21_22_23_25_26_27_28_29_30_32_33_34_35_36_37_38_40_41_42_43_44_45_46_49_50_51_52_53_54_55_56_57_58_59_60_61_62_63_64_65_66_67_68_71_72_73_74_75_76_77_78_79_80_81_82_83_84_85_86_87_88_89_90_91_92_93_94_95_96_97_98_101_102_103_104_105_106_107_108_109_110_111_112_113_114_115_116_117_118_119_120_121_122_123_124_125_126_127_128_129_130_131_132_133_134_135_136_137_138_139_140_141_142_143_144_145_146_147_148_149_150_151_152_153_154_155_156_157_158_159_160_161_162_165_166_167_168_169_170_171_172_173_174_175_176_177_178_179_180_181_182_183_184_185_186_187_188_189_190_191_192_193_194_197_198_199_200_201_202_203_204_205_206_207_208_209_210_211_212_213_214_215_216_217_218_219_220_223_224_225_226_227_228_229_232_233_234_235_236_237_240_241_242_243_244_245_247_248_249_250_251_252_254_255_256_257_258_259_261_262_263_264_265_267_268_269_270_271_272_273_274_275_276_277_278_279_280_281_282_283_284_285_286_287_288  9.51e+08  8.10e+08 -32934.15 -182492.00  14855.00    704.81     85.42    259.77   4293.61    466.29      0.00 0
9544 2212      0_1_2_3_4_5_6_7_8_9_10_11_12_13_14_15_16_17_18_19_20_21_22_24_25_26_27_32_33  9.56e+08  8.59e+08 -37254.33  13207.09  10968.99    753.62     74.49    160.48   1501.64  -6979.74      0.00 0
20364 2212      32_33_34_39_40_41_42_43_47_48_49_50_51_52_56_57_58_59_60_61_62_63_64_65_66_67_68_69_70_71_72_73_74_75_76_77_82_83_84_85_86_87_88_89_90_91_92_93_94_95_96_97_99_100_101_102_103_104_105_106_107_114_115_116_120_121_122_127_128_129_135_136_142_143_163_164_165_166_280_282_284_286_287  9.67e+08  8.19e+08  27117.24  -4120.46  10048.27    685.49     69.88    351.36  -3001.01  -1537.42      0.00 0
15492 2212      0_1_5_6_11_12_17_18_19_24_25_31_32_33_39_40_41_47_48_49_69_70_71_100_101_164_196  9.73e+08  8.47e+08 -10355.53  28405.30  10369.12    690.71     71.07    110.03  -4149.53  -4215.18      0.00 0
12690 2212      16_22_23_29_30_37_38  9.74e+08  8.70e+08  11854.24   2338.60   7097.39    723.85     59.57     11.16   5410.19  -4034.71      0.00 0
6012 2212      28_36_44_52_53_78_79_110_111_174_175_205_206_227_228_236  9.87e+08  8.59e+08   8058.27  14972.09   8318.61    698.19     63.93     61.71   3610.25    -34.79      0.00 0
14414 2212      0_1_2_3_4_5_6_7_8_9_10_11_12_13_14_15_16_17_18_19_20_21_22_23_24_25_26_27_28_29_30_32_33_34_35_36_37_38_41_42_43_44_45_46_50_51_52_53_54_55_57_58_59_62_63_64_67_68_76_77_78_79_80_81_86_87_92_98_110_111_112_113_175_176_177_206_207  9.89e+08  8.89e+08 -66534.74 -22896.76  13181.03    731.10     79.39    198.99   4445.19  -3213.32      0.00 0
5868 2212      110_134_141_149_156_174_175_204_205_227  9.90e+08  8.62e+08  -7669.81  -3941.75   5722.88    800.83     56.43    207.20   2785.82    564.29      0.00 0
12584 2212      0_1_2_3_6_7_8_9_12_13_14_15_18_19_20_21_25_26_27_28_33_34_35_36_41_42_43_44_49_50_51_52_56_57_58_59_60_61_62_63_64_65_66_67_68_71_72_73_74_75_76_77_78_82_83_84_85_86_87_88_89_90_91_92_93_94_95_96_97_98_102_103_104_105_106_107_108_109_110_114_115_116_117_118_119_120_121_122_123_124_125_126_127_128_129_130_131_132_133_134_135_136_137_138_139_140_141_142_143_144_145_146_147_148_149_150_151_152_153_154_155_156_157_158_159_160_161_162_166_167_168_169_170_171_172_173_174_178_179_180_181_182_183_184_185_186_187_188_189_190_191_192_193_194_198_199_200_201_202_203_204_205_208_209_210_211_212_213_214_215_216_217_218_219_220_224_225_226_227_232_233_234_235_240_241_242_243_248_249_250_251_255_256_257_258_262_263_264_268_269_270_273_274_275_277_278_279_280_281_282_283_284_285_286_287_288  1.01e+09  9.18e+08   5686.42  60835.93  12408.95    777.02     78.52     84.66     39.91    251.76      0.00 0
19840 2212      56_60_61_65_66_72_73_74_82_83_84_88_89_93_94_103_104_105_114_115_287  1.02e+09  8.87e+08   3228.32   -313.70   3705.05    766.90     41.20    354.45   -913.80   -943.30      0.00 0
11616 2212      0_1_2_3_4_5_6_7_8_9_10_11_12_13_14_15_16_17_18_19_20_21_22_23_24_25_26_27_28_29_30_31_32_33_34_35_36_37_39_40_41_42_43_44_45_47_48_49_50_51_52_53_54_56_57_58_59_60_61_62_63_64_65_66_67_68_69_70_71_72_73_74_75_76_77_78_79_80_82_83_84_85_86_87_88_89_90_91_92_93_94_95_96_97_98_100_101_102_103_104_105_106_107_108_109_110_111_112_114_115_116_117_118_119_120_121_122_123_124_125_126_127_128_129_130_131_132_133_134_135_136_137_138_139_140_141_142_143_144_145_146_147_148_149_150_151_152_153_154_155_156_157_158_159_160_161_162_164_165_166_167_168_169_170_171_172_173_174_175_176_178_179_180_181_182_183_184_185_186_187_188_189_190_191_192_193_194_195_196_197_198_199_200_201_202_203_204_205_206_207_208_209_210_211_212_213_214_215_216_217_218_219_220_222_223_224_225_226_227_228_229_230_231_232_233_234_235_236_237_238_239_240_241_242_243_244_245_246_247_248_249_250_251_252_253_254_255_256_257_258_259_260_261_262_263_264_265_266_267_268_269_270_271_272_273_274_275_276_277_278_279_280_281_282_283_284_285_286_287_288  1.02e+09  9.14e+08  44750.85 129232.74  14832.92    724.37     83.81     70.90   1774.24   5948.67      0.00 0
15188 2212      0_1_2_3_4_5_6_7_8_9_10_11_12_13_14_15_16_17_18_19_20_21_22_23_24_25_26_27_28_29_30_31_32_33_34_35_36_37_38_39_40_41_42_43_44_45_46_47_48_49_50_51_52_53_54_55_56_57_58_59_60_61_62_63_64_65_66_67_68_69_70_71_72_73_74_75_76_77_78_79_80_81_82_83_84_85_86_87_88_89_90_91_92_93_94_95_96_97_98_99_100_101_102_103_104_105_106_107_108_109_110_111_112_113_114_115_116_117_118_119_120_121_122_123_124_125_126_127_128_129_130_131_132_133_134_135_136_137_138_139_140_141_142_143_144_145_146_147_148_149_150_151_152_153_154_155_156_157_158_159_160_161_162_163_164_165_166_167_168_169_170_171_172_173_174_175_176_177_178_179_180_181_182_183_184_185_186_187_188_189_190_191_192_193_194_195_196_197_198_199_200_201_202_203_204_205_206_207_208_209_210_211_212_213_214_215_216_217_218_219_220_221_222_223_224_225_226_227_228_229_230_231_232_233_234_235_236_237_238_239_240_241_242_243_244_245_246_247_248_249_250_251_252_253_254_255_256_257_258_259_260_261_262_263_264_265_266_267_268_269_270_271_272_273_274_275_276_277_278_279_280_281_282_283_284_285_286_287_288  1.02e+09  8.57e+08  73983.70 257164.62  13134.41    692.62     87.19     73.95  -3467.71  -5369.84      0.00 0
3218 2212      0_1_2_5_6_7_11_12_13_14_17_18_19_20_24_25_26_27_32_33_34_35_40_41_42_43_48_49_50_51_56_57_58_59_60_61_62_63_64_65_66_67_68_70_71_72_73_74_75_76_77_82_83_84_85_86_87_88_89_90_91_92_93_94_95_96_97_98_101_102_103_104_105_106_107_108_109_114_115_116_117_118_119_120_121_122_123_124_125_126_127_128_129_130_131_132_133_134_135_136_137_138_139_140_141_142_143_144_145_146_147_148_149_150_151_152_153_154_155_156_157_158_159_160_161_162_165_166_167_168_169_170_171_172_173_178_179_180_181_182_183_184_185_186_187_188_189_190_191_192_193_194_197_198_199_200_201_202_203_204_208_209_210_211_212_213_214_215_216_217_218_219_220_223_224_225_226_231_232_233_234_239_240_241_242_247_248_249_250_254_255_256_257_260_261_262_263_267_268_269_272_273_274_275_277_278_279_280_281_282_283_284_285_286_287_288  1.03e+09  9.02e+08  -7618.44 -60732.32  12887.45    702.78     78.11    262.85  -2425.73  -5250.78      0.00 0
2518 2212      0_5_6_11_12_13_17_18_19_24_25_26_27_32_33_34_40_41_42_43_48_49_50_51_56_57_58_59_60_61_62_63_64_65_66_67_68_71_72_73_74_75_76_77_78_82_83_84_85_86_87_88_89_90_91_92_93_94_95_96_97_98_101_102_103_104_105_106_107_108_109_114_115_116_117_118_119_120_121_122_123_124_125_126_127_128_129_130_131_132_133_134_135_136_137_138_139_140_141_142_143_144_145_146_147_148_149_150_151_152_153_154_155_156_157_158_159_160_161_162_165_166_167_168_169_170_171_172_173_174_178_179_180_181_182_183_184_185_186_187_188_189_190_191_192_193_194_197_198_199_200_201_202_203_204_208_209_210_211_212_213_214_215_216_217_218_219_220_223_224_225_226_227_232_233_234_235_240_241_242_243_244_248_249_250_251_255_256_257_258_259_262_263_264_265_268_269_270_271_274_275_276_277_278_279_280_281_282_283_284_285_286_287_288  1.03e+09  9.27e+08 -28626.15 -57490.54  12065.46    867.81     79.36    243.53    552.45   3254.41      0.00 0
7488 2212      72_82_93_102_103_114_120_127_128_135_142_150_166_167_198  1.04e+09  9.28e+08  -2280.09   7329.54   5934.82    704.74     52.29    107.28  -2222.02    194.19      0.00 0
2974 2212      0_1_5_6_11_12_17_18_19_24_25_26_31_32_33_39_40_41_48_49_50_70_71_72_100_101_102_103_120_127_135_142_150_164_165_166_167_196_197_198_222_223_224_230_231_232_238_239_240_246_247_248_253_254_255_260_261_266_267_272  1.04e+09  8.92e+08   -252.84  40240.05  11250.59    718.30     74.38     90.36  -3913.17   1997.12      0.00 0
16932 2212      0_1_5_6_7_11_12_13_17_18_19_24_25_26_31_32_33_34_40_41_42_48_49_50_51_56_57_58_60_61_62_65_66_67_71_72_73_74_75_82_83_84_85_88_89_90_93_94_95_96_101_102_103_104_105_106_114_115_116_117_120_121_122_123_127_128_129_130_131_135_136_137_138_142_143_144_145_146_150_151_152_153_157_158_159_160_165_166_167_168_169_170_178_179_180_181_184_185_186_189_190_191_192_197_198_199_200_201_208_209_210_212_213_214_217_218_219_223_224_225_232_233_240_241_248_249_281_282_283_284_285_286_287_288  1.04e+09  9.29e+08  13239.86  48831.81  11077.72    898.62     77.65     74.83  -3664.11  -6137.76      0.00 0
15496 2212      0_1_2_3_4_5_6_7_8_9_10_11_12_13_14_15_16_17_18_19_20_21_22_23_24_25_26_27_28_29_30_32_33_34_35_36_37_38_40_41_42_43_44_45_46_48_49_50_51_52_53_54_55_56_57_58_59_60_61_62_63_64_65_66_67_68_70_71_72_73_74_75_76_77_78_79_80_81_82_83_84_85_86_87_88_89_90_91_92_93_94_95_96_97_98_101_102_103_104_105_106_107_108_109_110_111_112_113_114_115_116_117_118_119_120_121_122_123_124_125_126_127_128_129_130_131_132_133_134_135_136_137_138_139_140_141_142_143_144_145_146_147_148_149_150_151_152_153_154_155_156_157_158_159_160_161_162_165_166_167_168_169_170_171_172_173_174_175_176_177_178_179_180_181_182_183_184_185_186_187_188_189_190_191_192_193_194_197_198_199_200_201_202_203_204_205_206_207_208_209_210_211_212_213_214_215_216_217_218_219_220_223_224_225_226_227_228_229_231_232_233_234_235_236_237_239_240_241_242_243_244_245_247_248_249_250_251_252_254_255_256_257_258_259_261_262_263_264_265_267_268_269_270_271_272_273_274_275_276_277_278_279_280_281_282_283_284_285_286_287_288  1.04e+09  9.07e+08  17216.88 173409.56  14878.26    715.01     85.12     84.33   2101.10  -6819.30      0.00 0
7672 2212      3_4_8_9_10_13_14_15_16_19_20_21_22_23_25_26_27_28_29_30_32_33_34_35_36_37_38_39_40_41_42_43_44_45_47_48_49_50_51_52_53_56_57_58_59_60_61_62_63_64_65_66_67_68_69_70_71_72_73_74_75_76_77_78_82_83_84_85_86_87_88_89_90_91_92_93_94_95_96_97_98_99_100_101_102_103_104_105_106_107_108_114_115_116_117_118_120_121_122_123_124_127_128_129_130_131_135_136_137_138_142_143_144_145_150_151_157_163_164_165_166_167_195_196_197_221_279_280_282_284_286_287  1.05e+09  8.90e+08  41612.96 -22406.27  11932.75    704.90     75.83    331.70   3872.75  -5433.45      0.00 0
14714 2212      70_100_101_164_165_195_196_221_222_230_238  1.07e+09  9.28e+08  -4399.00  13379.64   7472.97    740.66     62.05    108.20  -5958.02   1940.22      0.00 0
22634 2212      221_222_230_231_238_239_240_246_247_248_254_255_261  1.09e+09  9.38e+08 -13266.82  -7681.23   7888.72    714.53     62.77    210.07  -4499.46   3455.78      0.00 0
14766 2212      224_225_232_233_234_240_241_242_243_248_249_250_256_257  1.09e+09  9.49e+08  15424.47   4428.72   7844.32    748.34     63.95     16.02    535.02   3816.84      0.00 0
20272 2212      227_235_236_244  1.11e+09  9.85e+08  -5313.05   -599.71   3901.80    952.80     53.88    186.44   3651.12   2694.85      0.00 13
9150 2212      226_234_242_249_250_256_257_262_263_268_269_274_275  1.12e+09  9.73e+08  -3638.55  15886.76   7400.01    845.32     65.58    102.90    501.06   6672.90      0.00 0
3828 2212      1_2_3_4_6_7_8_9_10_12_13_14_15_16_18_19_20_21_22_23_25_26_27_28_29_30_33_34_35_36_37_38_41_42_43_44_45_46_49_50_51_52_53_54_55_56_57_58_59_60_61_62_63_64_65_66_67_68_71_72_73_74_75_76_77_78_79_80_81_82_83_84_85_86_87_88_89_90_91_92_93_94_95_96_97_98_102_103_104_105_106_107_108_109_110_111_112_113_114_115_116_117_118_119_120_121_122_123_124_125_126_127_128_129_130_131_132_133_134_135_136_137_138_139_140_141_142_143_144_145_146_147_148_149_150_151_152_153_154_155_156_157_158_159_160_161_162_165_166_167_168_169_170_171_172_173_174_175_176_177_178_179_180_181_182_183_184_185_186_187_188_189_190_191_192_193_194_197_198_199_200_201_202_203_204_205_206_207_208_209_210_211_212_213_214_215_216_217_218_219_220_223_224_225_226_227_228_229_231_232_233_234_235_236_237_239_240_241_242_243_244_245_247_248_249_250_251_252_254_255_256_257_258_259_260_261_262_263_264_265_266_267_268_269_270_271_272_273_274_275_276_277_278_279_280_281_282_283_284_285_286_287_288  1.12e+09  9.43e+08 -35620.59 190153.36  14105.04    795.44     85.83    100.61   5327.11  -3249.60      0.00 0
9654 2212      0_1_2_3_4_5_6_7_8_9_10_11_12_13_14_15_16_17_18_19_20_21_22_23_24_25_26_27_28_29_30_31_32_33_34_35_36_37_38_39_40_41_42_43_44_45_46_47_48_49_50_51_52_53_54_55_56_57_58_59_60_61_62_63_64_65_66_67_68_69_70_71_72_73_74_75_76_77_78_79_80_81_82_83_84_85_86_87_88_89_90_91_92_93_94_95_96_97_98_99_100_101_102_103_104_105_106_107_108_109_110_111_112_113_114_115_116_117_118_119_120_121_122_123_124_125_126_127_128_129_130_131_132_133_134_135_136_137_138_139_140_141_142_143_144_145_146_147_148_149_150_151_152_153_154_155_156_157_158_159_160_161_162_163_164_165_166_167_168_169_170_171_172_173_174_175_176_177_178_179_180_181_182_183_184_185_186_187_188_189_190_191_192_193_194_195_196_197_198_199_200_201_202_203_204_205_206_207_208_209_210_211_212_213_214_215_216_217_218_219_220_221_222_223_224_225_226_227_228_229_230_231_232_233_234_235_236_237_238_239_240_241_242_243_244_245_246_247_248_249_250_251_252_253_254_255_256_257_258_259_260_261_262_263_264_265_266_267_268_269_270_271_272_273_274_275_276_277_278_279_280_281_282_283_284_285_286_287_288  1.12e+09  9.52e+08  87844.42 243197.88  13415.67    692.91     87.03     70.14   -769.62  -6221.29      0.00 0
22208 2212      5_6_11_12_13_14_18_19_20_21_22_25_26_27_28_29_30_33_34_35_36_37_38_41_42_43_44_45_46_50_51_52_53_54_55_56_57_58_59_61_62_63_64_66_67_68_75_76_77_78_79_80_81_85_86_87_91_92_97_98_108_109_110_111_112_113_119_126_134_174_175_176_177_206_207_229_279_280  1.13e+09  1.00e+09  34865.77  16029.09  11134.12    708.81     73.82     24.69   5772.01   -990.01      0.00 0
22542 2212      0_1_2_3_6_7_8_9_12_13_14_15_18_19_20_21_22_25_26_27_28_29_33_34_35_36_41_42_43_44_45_50_51_52_53_56_57_58_59_60_61_62_63_64_65_66_67_68_72_73_74_75_76_77_78_79_82_83_84_85_86_87_88_89_90_91_92_93_94_95_96_97_98_102_103_104_105_106_107_108_109_110_111_114_115_116_117_118_119_120_121_122_123_124_125_126_127_128_129_130_131_132_133_134_135_136_137_138_139_140_141_142_143_144_145_146_147_148_149_150_151_152_153_154_155_156_157_158_159_160_161_162_167_168_169_170_171_172_173_174_175_178_179_180_181_182_183_184_185_186_187_188_189_190_191_192_193_194_198_199_200_201_202_203_204_205_206_208_209_210_211_212_213_214_215_216_217_218_219_220_224_225_226_227_228_233_234_235_236_241_242_243_244_249_250_251_252_256_257_258_259_262_263_264_265_269_270_271_274_275_276_277_278_279_280_281_282_283_284_285_286_287_288  1.13e+09  9.76e+08 -17666.66 -65069.01  13179.32    709.57     78.94    254.81   -216.74  -5292.31      0.00 0
5208 2212      0_1_2_3_4_5_6_7_8_9_10_11_12_13_14_15_16_17_18_19_20_21_22_23_24_25_26_27_28_29_30_31_32_33_34_35_36_37_38_39_40_41_42_43_44_45_46_48_49_50_51_52_53_54_56_57_58_59_60_61_62_63_64_65_66_67_68_70_71_72_73_74_75_76_77_78_79_80_82_83_84_85_86_87_88_89_90_91_92_93_94_95_96_97_98_100_101_102_103_104_105_106_107_108_109_110_111_112_114_115_116_117_118_119_120_121_122_123_124_125_126_127_128_129_130_131_132_133_134_135_136_137_138_139_140_141_142_143_144_145_146_147_148_149_150_151_152_153_154_155_156_157_158_159_160_161_162_165_166_167_168_169_170_171_172_173_174_175_176_178_179_180_181_182_183_184_185_186_187_188_189_190_191_192_193_194_196_197_198_199_200_201_202_203_204_205_206_207_208_209_210_211_212_213_214_215_216_217_218_219_220_222_223_224_225_226_227_228_229_231_232_233_234_235_236_237_239_240_241_242_243_244_245_247_248_249_250_251_252_254_255_256_257_258_259_261_262_263_264_265_267_268_269_270_271_272_273_274_275_276_277_278_279_280_281_282_283_284_285_286_287_288  1.14e+09  1.01e+09  32436.63 120466.26  14478.99    759.78     83.38     74.93   1784.79   4742.70      0.00 0
2546 2212      3_8_9_14_20_21_27  1.15e+09  9.91e+08   4342.65  -9555.59   6401.81    775.31     58.62    294.44   1383.26  -6300.10      0.00 0
9052 2212      0_1_2_6_7_11_12_13_17_18_19_20_24_25_26_31_32_33_34_39_40_41_47_48_49_50_69_70_71_100_101_102_163_164_165_195_196_197_221_222_230_238  1.15e+09  9.89e+08  17233.82 -28244.62  10464.11    728.63     72.45    301.39  -2933.99  -4270.58      0.00 0
12672 2212      3_4_8_9_10_15_16_22_23_29_30_38  1.18e+09  1.02e+09  14226.39   8663.39   8239.47    700.22     63.68     31.34   4706.39  -5114.25      0.00 0
23588 2212      4_9_10_15_16_21_22_23_28_29_30_35_36_37_38_43_44_45_46_51_52_53_54_57_58_59_61_62_63_64_66_67_68_74_75_76_77_78_79_80_84_85_86_87_89_90_91_92_94_95_96_97_98_105_106_107_108_109_110_111_115_116_117_118_119_121_122_123_124_125_126_129_130_131_132_133_134_136_137_138_139_140_141_144_145_146_147_148_149_151_152_153_154_155_156_157_158_159_160_161_162_168_169_170_171_172_173_174_178_179_180_181_182_183_184_185_186_187_188_189_190_191_192_193_194_199_200_201_202_203_204_205_208_209_210_211_212_213_214_215_216_217_218_219_220_225_226_233_234_241_277_278_279_280_281_282_283_284_285_288  1.19e+09  1.00e+09 -21961.42  31894.40  11397.12    673.72     73.60    124.55   3194.30  -2516.80      0.00 0
15606 2212      17_18_19_20_21_22_23_24_25_26_27_28_29_30_31_32_33_34_35_36_37_38_39_40_41_42_43_44_45_46_47_48_49_50_51_52_53_54_56_57_58_59_60_61_62_63_64_65_66_67_68_69_70_71_72_73_74_75_76_77_78_79_82_83_84_85_86_87_88_89_90_91_92_93_94_95_96_97_98_99_100_101_102_103_104_105_106_107_108_109_110_114_115_116_117_118_119_120_121_122_123_124_125_126_127_128_129_130_131_132_133_134_135_136_137_138_139_140_141_142_143_144_145_146_147_148_150_151_152_153_154_157_158_159_160_163_164_165_166_167_168_169_170_178_179_184_195_196_197_198_221_278_279_280_282_283_284_285_286_287  1.19e+09  1.07e+09  61372.27 -10369.32  12471.09    777.41     78.67    350.41  -6298.83  -1468.46      0.00 0
1332 2212      16_22_23_28_29_30_35_36_37_38_42_43_44_45_46_50_51_52_53_54_55_56_57_58_59_60_61_62_63_64_65_66_67_68_71_72_73_74_75_76_77_78_79_80_81_82_83_84_85_86_87_88_89_90_91_92_93_94_95_96_97_98_101_102_103_104_105_106_107_108_109_110_111_112_113_114_115_116_117_118_119_120_121_122_123_124_125_126_127_128_129_130_131_132_133_134_135_136_137_138_139_140_141_142_143_144_145_146_147_148_149_150_151_152_153_154_155_156_157_158_159_160_161_162_164_165_166_167_168_169_170_171_172_173_174_175_176_177_178_179_180_181_182_183_184_185_186_187_188_189_190_191_192_193_194_196_197_198_199_200_201_202_203_204_205_206_207_208_209_210_211_212_213_214_215_216_217_218_219_220_221_222_223_224_225_226_227_228_230_231_232_233_234_235_236_238_239_240_241_242_246_247_248_249_253_254_255_260_277_278_279_280_281_282_283_284_285_286_287_288  1.19e+09  1.03e+09 -56862.92  27366.28  12289.33    816.49     78.98    154.30   1783.97   -145.30      0.00 0
22170 2212      23_30_37_38_45_46_53_54_55_79_80_81_110_111_112_113_174_175_176_177_204_205_206_207_226_227_228_229_235_236_237_242_243_244_245_250_251_252_256_257_258_259_263_264_265_268_269_270_271_274_275_276  1.19e+09  1.03e+09 -49174.76  76568.17  13437.58    816.42     81.60    122.71   7289.48    321.08      0.00 0
23534 2212      1_2_3_4_6_7_8_9_10_12_13_14_15_16_19_20_21_22_23_25_26_27_28_29_30_33_34_35_36_37_38_40_41_42_43_44_45_46_49_50_51_52_53_54_55_56_57_58_59_60_61_62_63_64_65_66_67_68_70_71_72_73_74_75_76_77_78_79_80_81_82_83_84_85_86_87_88_89_90_91_92_93_94_95_96_97_98_101_102_103_104_105_106_107_108_109_110_111_112_113_114_115_116_117_118_119_120_121_122_123_124_125_126_127_128_129_130_131_132_133_134_135_136_137_138_139_140_141_142_143_144_145_146_147_148_149_150_151_152_153_154_155_156_157_158_159_160_161_162_165_166_167_168_169_170_171_172_173_174_175_176_177_178_179_180_181_182_183_184_185_186_187_188_189_190_191_192_193_194_196_197_198_199_200_201_202_203_204_205_206_207_208_209_210_211_212_213_214_215_216_217_218_219_220_222_223_224_225_226_227_228_229_230_231_232_233_234_235_236_237_238_239_240_241_242_243_244_245_246_247_248_249_250_251_252_253_254_255_256_257_258_259_260_261_262_263_264_265_266_267_268_269_270_271_272_273_274_275_276_277_278_279_280_281_282_283_284_285_286_287_288  1.19e+09  1.03e+09 -58239.47 115997.97  14627.93    745.67     83.57    116.66    534.74   1369.70      0.00 0
16694 2212      2_3_4_7_8_9_10_12_13_14_15_16_18_19_20_21_22_23_25_26_27_28_29_30_32_33_34_35_36_37_38_39_40_41_42_43_44_45_46_47_48_49_50_51_52_53_54_55_56_57_58_59_60_61_62_63_64_65_66_67_68_69_70_71_72_73_74_75_76_77_78_79_80_82_83_84_85_86_87_88_89_90_91_92_93_94_95_96_97_98_99_100_101_102_103_104_105_106_107_108_109_110_111_114_115_116_117_118_119_120_121_122_123_124_125_126_127_128_129_130_131_132_133_134_135_136_137_138_139_140_141_142_143_144_145_146_147_148_149_150_151_152_153_154_155_156_157_158_159_160_161_162_163_164_165_166_167_168_169_170_171_172_173_174_175_178_179_180_181_182_183_184_185_186_187_188_189_190_191_192_193_194_195_196_197_198_199_200_201_202_203_204_205_208_209_210_211_212_213_214_215_216_217_218_219_220_221_222_223_224_225_226_230_231_232_233_234_235_238_239_240_241_242_246_247_248_249_253_254_255_256_260_261_262_266_267_272_273_277_278_279_280_281_282_283_284_285_286_287_288  1.21e+09  1.04e+09  75277.31 -69951.99  14314.20    728.35     82.07    317.10    733.79  -2414.94      0.00 0
16202 2212      165_197_223_231  1.22e+09  1.04e+09  -3062.00  -6032.92   5278.18    764.65     52.04    243.09  -3856.63   1730.47      0.00 0
21910 2212      10_15_16_21_22_23_26_27_28_29_30_33_34_35_36_37_38_39_40_41_42_43_44_45_46_47_48_49_50_51_52_53_54_55_56_57_58_59_60_61_62_63_64_65_66_67_68_69_70_71_72_73_74_75_76_77_78_79_80_81_82_83_84_85_86_87_88_89_90_91_92_93_94_95_96_97_98_99_100_101_102_103_104_105_106_107_108_109_110_111_112_113_114_115_116_117_118_119_120_121_122_123_124_125_126_127_128_129_130_131_132_133_134_135_136_137_138_139_140_141_142_143_144_145_146_147_148_149_150_151_152_153_154_155_156_157_158_159_160_161_162_163_164_165_166_167_168_169_170_171_172_173_174_175_176_177_178_179_180_181_182_183_184_185_186_187_188_189_190_191_192_193_194_195_196_197_198_199_200_201_202_203_204_205_206_207_208_209_210_211_212_213_214_215_216_217_218_219_220_221_222_223_224_225_226_227_228_229_230_231_232_233_234_235_236_237_238_239_240_241_242_243_244_245_246_247_248_249_250_251_252_253_254_255_256_257_258_259_260_261_262_263_264_265_266_267_268_269_270_271_272_273_274_275_276_277_278_279_280_281_282_283_284_285_286_287_288  1.22e+09  1.04e+09 -157052.25  49247.30  14110.56    835.32     85.10    162.59   6044.42   1254.02      0.00 0
18214 2212      4_10_15_16_21_22_23_28_29_30_35_36_37_38_42_43_44_45_46_50_51_52_53_54_55_56_57_58_59_60_61_62_63_64_65_66_67_68_72_73_74_75_76_77_78_79_80_81_82_83_84_85_86_87_88_89_90_91_92_93_94_95_96_97_98_102_103_104_105_106_107_108_109_110_111_112_113_114_115_116_117_118_119_120_121_122_123_124_125_126_127_128_129_130_131_132_133_134_135_136_137_138_139_140_141_142_143_144_145_146_147_148_149_150_151_152_153_154_155_156_157_158_159_160_161_162_165_166_167_168_169_170_171_172_173_174_175_176_177_178_179_180_181_182_183_184_185_186_187_188_189_190_191_192_193_194_197_198_199_200_201_202_203_204_205_206_207_208_209_210_211_212_213_214_215_216_217_218_219_220_222_223_224_225_226_227_228_229_230_231_232_233_234_235_236_237_238_239_240_241_242_243_244_245_246_247_248_249_250_251_252_253_254_255_256_257_258_259_260_261_262_263_264_265_266_267_268_269_270_271_272_273_274_275_276_277_278_279_280_281_282_283_284_285_286_287_288  1.22e+09  1.06e+09 117609.42 -122385.17  14551.46    764.51     85.10    313.86   1828.51   5534.06      0.00 0
14474 2212      130_131_136_137_138_139_140_143_144_145_146_147_150_151_152_153_154_155_157_158_159_160_161_162_167_168_169_170_171_172_173_178_179_180_181_182_183_184_185_186_187_188_189_190_191_192_193_194_197_198_199_200_201_202_203_208_209_210_211_212_213_214_215_216_217_218_219_220_222_223_224_225_231_232_233_238_239_240_241_246_247_248_253_254_260_261_266_277_278_281_283_285_288  1.24e+09  1.03e+09 -22353.58  15083.36  10152.15    660.12     69.37    145.99  -5163.32   4599.14      0.00 0
14228 2212      200_208_209_213_214_217_218  1.25e+09  1.15e+09   -998.04   1850.46   2636.52    843.61     38.57    118.34   -465.55   1616.11      0.00 49
11628 2212      4_9_10_15_16_21_22_23_28_29_30_36_37_38_44_45_46_52_53_54_55_78_79_80_81_87_98_109_110_111_112_119_126_133_134_141_148_149_156_162_173_174_175_176_183_194_203_204_205_206_207_216_226_227_228_229_234_235_236_237_242_243_244_245_250_251_252_257_258_259_263_264_265_269_270_271_275_276  1.25e+09  1.09e+09  -1791.84 -66219.06  12960.40    733.53     78.93    268.45   4315.60   5029.17      0.00 0
21466 2212      0_1_2_3_5_6_7_8_9_11_12_13_14_17_18_19_20_24_25_26_27_31_32_33_34_39_40_41_42_47_48_49_50_69_70_71_99_100_101_102_163_164_165_195_196_221_222_230  1.26e+09  1.09e+09 -57544.73  71724.89  13628.04    789.83     81.57    128.74  -4918.96  -4515.76      0.00 0
4124 2212      72_82_88_93_103_104_114_120_121_127_128_135_142_143_150_286_287  1.29e+09  1.13e+09  -1398.72   2940.40   3598.57    788.63     42.14    115.44  -1559.81   -281.92      0.00 15
5240 2212      14_15_21_22_28_29  1.29e+09  1.11e+09  -8130.33  -3291.47   6208.14    718.65     54.71    202.04   1841.56  -5042.33      0.00 0
5054 2212      267_268_273_274  1.20e+09  1.06e+09   7327.33   1450.85   4889.83    902.20     56.79     11.20  -1017.02   6838.39      0.00 0
11168 2212      31_39_47_48_69_70_71_99_100_101_163_164_165_166_195_196_197_198_221_222_223_224_230_231_232_233_238_239_240_241_246_247_248_249_253_254_255_256_257_260_261_262_263_266_267_268_269_270_272_273_274_275  1.20e+09  1.03e+09  47848.86  53066.99  12959.56    774.05     79.72     47.96  -3907.39   3902.17      0.00 0
4302 2212      174_175_176_177_188_192_193_194_200_201_202_203_204_205_206_207_208_209_210_211_212_213_214_215_216_217_218_219_220_222_223_224_225_226_227_228_229_230_231_232_233_234_235_236_237_238_239_240_241_242_243_244_245_246_247_248_249_250_251_252_253_254_255_256_257_258_259_260_261_262_263_264_265_266_267_268_269_270_271_272_273_274_275_276_281_288  1.31e+09  1.13e+09  79553.25 -21316.23  13413.11    773.45     80.75    345.00  -2007.93   5488.86      0.00 0
14566 2212      3_4_7_8_9_10_12_13_14_15_16_17_18_19_20_21_22_23_24_25_26_27_28_29_30_31_32_33_34_35_36_37_38_39_40_41_42_43_44_45_46_47_48_49_50_51_52_53_54_55_56_57_58_59_60_61_62_63_64_65_66_67_68_69_70_71_72_73_74_75_76_77_78_79_80_81_82_83_84_85_86_87_88_89_90_91_92_93_94_95_96_97_98_99_100_101_102_103_104_105_106_107_108_109_110_111_112_113_114_115_116_117_118_119_120_121_122_123_124_125_126_127_128_129_130_131_132_133_134_135_136_137_138_139_140_141_142_143_144_145_146_147_148_149_150_151_152_153_154_155_156_157_158_159_160_161_162_163_164_165_166_167_168_169_170_171_172_173_174_175_176_177_178_179_180_181_182_183_184_185_186_187_188_189_190_191_192_193_194_195_196_197_198_199_200_201_202_203_204_205_206_207_208_209_210_211_212_213_214_215_216_217_218_219_220_221_222_223_224_225_226_227_228_229_230_231_232_233_234_235_236_237_238_239_240_241_242_243_244_245_246_247_248_249_250_251_252_253_254_255_256_257_258_259_260_261_262_263_264_265_266_267_268_269_270_272_273_274_277_278_279_280_281_282_283_284_285_286_287_288  1.31e+09  1.12e+09 -133478.67  37770.66  14849.36    723.76     83.89    164.20  -4994.18   1717.09      0.00 0
3894 2212      5_6_11_12_13_17_18_19_20_21_24_25_26_27_28_29_32_33_34_35_36_37_40_41_42_43_44_45_46_49_50_51_52_53_54_55_56_57_58_59_60_61_62_63_64_65_66_67_68_72_73_74_75_76_77_78_79_80_81_82_83_84_85_86_87_88_89_90_91_92_93_94_95_96_97_98_103_104_105_106_107_108_109_110_111_112_113_114_115_116_117_118_119_120_121_122_123_124_125_126_128_129_130_131_132_133_134_136_137_138_139_140_141_144_145_146_147_148_149_152_153_154_155_156_159_160_161_162_169_170_171_172_173_174_175_176_177_180_181_182_183_186_187_188_192_193_194_202_203_204_205_206_207_211_216_227_228_229_236_237_245_277_278_279_280_282_283_284_286_287_288  1.32e+09  1.16e+09 -40910.86 -21973.00  11483.70    766.79     76.11    208.24   1478.03  -1861.03      0.00 0
5388 2212      56_57_58_59_60_61_62_63_64_65_66_67_68_72_73_74_75_76_77_78_82_83_84_85_86_87_88_89_90_91_92_93_94_95_96_97_98_102_103_104_105_106_107_108_109_110_114_115_116_117_118_119_120_121_122_123_124_125_126_127_128_129_130_131_132_133_134_135_136_137_138_139_140_141_142_143_144_145_146_147_148_149_150_151_152_153_154_155_156_157_158_159_160_161_162_167_168_169_170_171_172_173_174_175_178_179_180_181_182_183_184_185_186_187_188_189_190_191_192_193_194_199_200_201_202_203_204_205_208_209_210_211_212_213_214_215_216_217_218_219_220_226_227_235_236_277_278_279_280_281_282_283_284_285_286_287_288  1.35e+09  1.19e+09 -16599.89  -6814.88   8204.19    748.89     65.43    202.32    215.60     50.65      0.00 0
4676 2212      28_29_30_35_36_37_38_41_42_43_44_45_46_49_50_51_52_53_54_56_57_58_59_60_61_62_63_64_65_66_67_68_70_71_72_73_74_75_76_77_78_79_80_82_83_84_85_86_87_88_89_90_91_92_93_94_95_96_97_98_100_101_102_103_104_105_106_107_108_109_110_111_114_115_116_117_118_119_120_121_122_123_124_125_126_127_128_129_130_131_132_133_134_135_136_137_138_139_140_141_142_143_144_145_146_147_148_149_150_151_152_153_154_155_156_157_158_159_160_161_162_163_164_165_166_167_168_169_170_171_172_173_174_178_179_180_181_182_183_184_185_186_187_188_189_190_191_192_193_194_195_196_197_198_199_200_201_202_203_204_208_209_210_211_212_213_214_215_216_217_218_219_220_221_222_223_224_225_226_230_231_232_233_234_238_239_240_241_246_247_248_253_254_260_277_278_279_280_281_282_283_284_285_286_287_288  1.35e+09  1.22e+09  53052.84 -28184.94  12320.68    781.86     78.41    332.02  -4127.90   1852.82      0.00 0
544 2212      1_2_3_4_7_8_9_10_13_14_15_16_19_20_21_22_23_26_27_28_29_30_34_35_36_37_38_42_43_44_45_46_50_51_52_53_54_55_56_57_58_59_60_61_62_63_64_65_66_67_68_72_73_74_75_76_77_78_79_80_81_82_83_84_85_86_87_88_89_90_91_92_93_94_95_96_97_98_103_104_105_106_107_108_109_110_111_112_113_114_115_116_117_118_119_120_121_122_123_124_125_126_127_128_129_130_131_132_133_134_135_136_137_138_139_140_141_142_143_144_145_146_147_148_149_150_151_152_153_154_155_156_157_158_159_160_161_162_167_168_169_170_171_172_173_174_175_176_177_178_179_180_181_182_183_184_185_186_187_188_189_190_191_192_193_194_198_199_200_201_202_203_204_205_206_207_208_209_210_211_212_213_214_215_216_217_218_219_220_224_225_226_227_228_229_233_234_235_236_237_241_242_243_244_245_249_250_251_252_256_257_258_259_262_263_264_265_268_269_270_271_274_275_276_277_278_279_280_281_282_283_284_285_286_287_288  1.39e+09  1.21e+09   5370.77 143059.47  14491.20    778.56     84.22     87.85   4944.46   1229.47      0.00 0
8956 2212      2_3_4_7_8_9_10_12_13_14_15_16_18_19_20_21_22_23_25_26_27_28_29_30_32_33_34_35_36_37_39_40_41_42_43_44_45_47_48_49_50_51_52_53_56_57_58_59_60_61_62_63_64_65_66_67_68_69_70_71_72_73_74_75_76_77_78_82_83_84_85_86_87_88_89_90_91_92_93_94_95_96_97_98_99_100_101_102_103_104_105_106_107_108_109_114_115_116_117_118_119_120_121_122_123_124_125_126_127_128_129_130_131_132_133_135_136_137_138_139_140_142_143_144_145_146_147_150_151_152_153_154_155_157_158_159_160_161_163_164_165_166_167_168_169_170_171_178_179_180_181_184_185_186_189_190_191_195_196_197_198_199_200_208_212_221_222_223_224_230_231_232_238_239_246_278_279_280_281_282_283_284_285_286_287  1.30e+09  1.11e+09  45485.23 -31943.84  11773.69    829.45     78.04    324.92    796.23  -3930.76      0.00 0
1402 2212      0_1_2_3_4_6_7_8_9_10_12_13_14_15_16_18_19_20_21_22_23_25_26_27_28_29_30_33_34_35_36_37_41_42_43_44_45_49_50_51_52_53_54_56_57_58_59_60_61_62_63_64_65_66_67_68_71_72_73_74_75_76_77_78_79_82_83_84_85_86_87_88_89_90_91_92_93_94_95_96_97_98_102_103_104_105_106_107_108_109_110_111_114_115_116_117_118_119_120_121_122_123_124_125_126_127_128_129_130_131_132_133_134_135_136_137_138_139_140_141_142_143_144_145_146_147_148_149_150_151_152_153_154_155_156_157_158_159_160_161_162_166_167_168_169_170_171_172_173_174_175_178_179_180_181_182_183_184_185_186_187_188_189_190_191_192_193_194_197_198_199_200_201_202_203_204_205_208_209_210_211_212_213_214_215_216_217_218_219_220_224_225_226_227_232_233_234_235_236_240_241_242_243_244_248_249_250_251_255_256_257_258_261_262_263_264_265_267_268_269_270_271_273_274_275_276_277_278_279_280_281_282_283_284_285_286_287_288  1.30e+09  1.12e+09   -325.16  81000.35  12756.85    877.33     81.05     90.23    786.08   4216.23      0.00 0
16872 2212      0_1_6_12_18  1.41e+09  1.21e+09  -5001.74   7755.23   6519.48    689.73     54.76    122.82  -2444.84  -6475.19      0.00 0
2374 2212      0_1_2_3_4_5_6_7_8_9_10_11_12_13_14_15_16_17_18_19_20_21_22_23_24_25_26_27_28_29_30_31_32_33_34_35_36_37_38_39_40_41_42_43_44_45_47_48_49_50_51_52_53_56_57_58_59_60_61_62_63_64_65_66_67_69_70_71_72_73_74_75_82_83_84_88_93_99_100_101_102_163_164  1.41e+09  1.21e+09  97803.37 -23480.51  14440.40    702.83     81.83    346.50  -2091.51  -5410.61      0.00 0
5134 2212      0_1_2_3_4_5_6_7_8_9_10_11_12_13_14_15_16_17_18_19_20_21_22_23_24_25_26_27_28_29_30_31_32_33_34_35_36_37_38_39_40_41_42_43_44_45_46_47_48_49_50_51_52_53_54_55_56_57_58_59_60_61_62_63_64_65_66_67_68_69_70_71_72_73_74_75_76_77_78_79_80_81_82_83_84_85_86_87_88_89_90_91_92_93_94_95_96_97_98_99_100_101_102_103_104_105_106_107_108_109_110_111_112_114_115_116_117_118_119_120_121_122_123_124_125_126_127_128_129_130_131_132_133_134_135_136_137_138_139_140_141_142_143_144_145_146_147_148_149_150_151_152_153_154_155_156_157_158_159_160_161_162_163_164_165_166_167_168_169_170_171_172_173_174_175_176_178_179_180_181_182_183_184_185_186_187_188_189_190_191_192_193_194_195_196_197_198_199_200_201_202_203_204_205_206_208_209_210_211_212_213_214_215_216_217_218_219_220_221_222_223_224_225_226_227_230_231_232_233_234_235_238_239_240_241_242_243_246_247_248_249_250_253_254_255_256_260_261_262_266_267_272_273_277_278_279_280_281_282_283_284_285_286_287_288  1.41e+09  1.19e+09 132932.02 -96120.70  14957.95    711.87     84.79    324.13  -2848.51  -1931.94      0.00 0
22688 2212      0_1_2_3_4_5_6_7_8_9_10_11_12_13_14_15_16_17_18_19_20_21_22_23_24_25_26_27_28_29_30_31_32_33_34_35_36_37_38_39_40_41_42_43_44_45_46_47_48_49_50_51_52_53_54_55_56_57_58_59_60_61_62_63_64_65_66_67_68_69_70_71_72_73_74_75_76_77_78_79_80_81_82_83_84_85_86_87_88_89_90_91_92_93_94_95_96_97_98_99_100_101_102_103_104_105_106_107_108_109_110_111_112_113_114_115_116_117_118_119_120_121_122_123_124_125_126_127_128_129_130_131_132_133_134_135_136_137_138_139_140_141_142_143_144_145_146_147_148_149_150_151_152_153_154_155_156_157_158_159_160_161_162_163_164_165_166_167_168_169_170_171_172_173_174_175_176_177_178_179_180_181_182_183_184_185_186_187_188_189_190_191_192_193_194_195_196_197_198_199_200_201_202_203_204_205_206_207_208_209_210_211_212_213_214_215_216_217_218_219_220_221_222_223_224_225_226_227_228_229_230_231_232_233_234_235_236_237_238_239_240_241_242_243_244_245_246_247_248_249_250_251_252_253_254_255_256_257_258_259_260_261_262_263_264_265_266_267_268_269_270_271_272_273_274_275_276_277_278_279_280_281_282_283_284_285_286_287_288  1.41e+09  1.18e+09 246366.69 -82050.81  13245.23    709.95     87.08    341.58   4893.45    646.45      0.00 0
16888 2212      33_41_42_50_56_57_60_61_62_65_66_67_72_73_74_75_82_83_84_85_88_89_90_91_93_94_95_96_102_103_104_105_106_107_114_115_116_117_120_121_122_123_124_127_128_129_130_131_132_135_136_137_138_139_142_143_144_145_146_147_150_151_152_153_154_155_157_158_159_160_161_166_167_168_169_170_171_172_178_179_180_181_182_184_185_186_187_188_189_190_191_192_193_194_198_199_200_201_202_203_208_209_210_211_212_213_214_215_216_217_218_219_220_224_225_233_234_241_242_249_277_278_281_282_283_284_285_286_287_288  1.45e+09  1.29e+09  -7128.91 -17715.86   8486.30    735.33     66.04    248.08  -1214.31    -21.81      0.00 0
10866 2212      120_127_135_142_143_150_157_166_167_168_178_184_189_197_198_199_212_223_224_231_232_239_240_246_247_253_254_260_285_286  1.46e+09  1.27e+09   8331.55 -14206.46   8064.67    723.91     63.91    300.39  -2866.22   2545.99      0.00 0
11508 2212      80_81_111_112_113_173_174_175_176_177_183_188_193_194_202_203_204_205_206_207_209_210_211_213_214_215_216_217_218_219_220_224_225_226_227_228_229_232_233_234_235_236_237_239_240_241_242_243_244_245_246_247_248_249_250_251_252_253_254_255_256_257_258_259_260_261_262_263_264_265_266_267_268_269_270_271_272_273_274_275_276_288  1.46e+09  1.26e+09 -74587.92  27413.45  13769.03    702.67     80.17    159.82   1500.95   4809.04      0.00 0
13878 2212      46_51_52_53_54_55_56_57_58_59_60_61_62_63_64_65_66_67_68_70_71_72_73_74_75_76_77_78_79_80_81_82_83_84_85_86_87_88_89_90_91_92_93_94_95_96_97_98_99_100_101_102_103_104_105_106_107_108_109_110_111_112_113_114_115_116_117_118_119_120_121_122_123_124_125_126_127_128_129_130_131_132_133_134_135_136_137_138_139_140_141_142_143_144_145_146_147_148_149_150_151_152_153_154_155_156_157_158_159_160_161_162_163_164_165_166_167_168_169_170_171_172_173_174_175_176_177_178_179_180_181_182_183_184_185_186_187_188_189_190_191_192_193_194_195_196_197_198_199_200_201_202_203_204_205_206_207_208_209_210_211_212_213_214_215_216_217_218_219_220_221_222_223_224_225_226_227_228_229_230_231_232_233_234_235_236_237_238_239_240_241_242_243_244_245_246_247_248_249_250_251_252_253_254_255_256_257_260_261_262_277_278_279_280_281_282_283_284_285_286_287_288  1.47e+09  1.27e+09  61285.61  -9827.34  12334.94    798.72     78.76    350.89   2199.48   1375.77      0.00 0
12386 2212      2_3_4_7_8_9_10_12_13_14_15_16_18_19_20_21_22_23_24_25_26_27_28_29_30_31_32_33_34_35_36_37_38_39_40_41_42_43_44_45_46_47_48_49_50_51_52_53_54_55_56_57_58_59_60_61_62_63_64_65_66_67_68_69_70_71_72_73_74_75_76_77_78_79_80_81_82_83_84_85_86_87_88_89_90_91_92_93_94_95_96_97_98_99_100_101_102_103_104_105_106_107_108_109_110_111_112_113_114_115_116_117_118_119_120_121_122_123_124_125_126_127_128_129_130_131_132_133_134_135_136_137_138_139_140_141_142_143_144_145_146_147_148_149_150_151_152_153_154_155_156_157_158_159_160_161_162_163_164_165_166_167_168_169_170_171_172_173_174_175_176_178_179_180_181_182_183_184_185_186_187_188_189_190_191_192_193_194_195_196_197_198_199_200_201_202_203_204_205_206_208_209_210_211_212_213_214_215_216_217_218_219_220_221_222_223_224_225_226_227_230_231_232_233_234_235_238_239_240_241_246_247_248_253_254_277_278_279_280_281_282_283_284_285_286_287_288  1.47e+09  1.31e+09 -88998.45  38420.89  14124.38    734.84     81.71    156.65  -7259.82   1407.40      0.00 0
5256 2212      0_1_2_3_4_5_6_7_8_9_10_11_12_13_14_15_16_17_18_19_20_21_22_23_24_25_26_27_28_29_30_31_32_33_34_35_36_37_38_39_40_41_42_43_44_45_46_47_48_49_50_51_52_53_54_55_56_57_58_59_60_61_62_63_64_65_66_67_68_69_70_71_72_73_74_75_76_77_78_79_80_81_82_83_84_85_86_87_88_89_90_91_92_93_94_95_96_97_98_99_100_101_102_103_104_105_106_107_108_109_110_111_112_113_114_115_116_117_118_119_120_121_122_123_124_125_126_127_128_129_130_131_132_133_134_135_136_137_138_139_140_141_142_143_144_145_146_147_148_149_150_151_152_153_154_155_156_157_158_159_160_161_162_163_164_165_166_167_168_169_170_171_172_173_174_175_176_177_178_179_180_181_182_183_184_185_186_187_188_189_190_191_192_193_194_195_196_197_198_199_200_201_202_203_204_205_206_207_208_209_210_211_212_213_214_215_216_217_218_219_220_221_222_223_224_225_226_227_228_229_230_231_232_233_234_235_236_237_238_239_240_241_242_243_244_245_246_247_248_249_250_251_252_253_254_255_256_257_258_259_260_261_262_263_264_265_266_267_268_269_270_271_272_273_274_275_276_277_278_279_280_281_282_283_284_285_286_287_288  1.47e+09  1.24e+09 132581.34 -122986.76  14486.61    761.39     85.42    317.15    816.12  -1127.57      0.00 0
7542 2212      0_1_2_3_4_5_6_7_8_9_10_11_12_13_14_15_16_17_18_19_20_21_22_23_24_25_26_27_28_29_30_31_32_33_34_35_36_37_38_39_40_41_42_43_44_45_46_47_48_49_50_51_52_53  1.48e+09  1.29e+09 -101178.64  13086.94  13467.62    860.76     82.48    172.63    391.08  -6736.88      0.00 0
2274 2212      0_1_2_3_4_5_6_7_8_9_10_11_12_13_14_15_16_17_18_19_20_21_22_23_24_25_26_27_28_29_30_31_32_33_34_35_36_37_38_39_40_41_42_43_44_45_46_47_48_49_50_51_52_53_54_55_56_57_58_59_60_61_62_63_64_65_66_67_68_69_70_71_72_73_74_75_76_77_78_79_80_81_82_83_84_85_86_87_88_89_90_91_92_93_94_95_96_97_98_99_100_101_102_103_104_105_106_107_108_109_110_111_112_113_114_115_116_117_118_119_120_121_122_123_124_125_126_127_128_129_130_131_132_133_134_135_136_137_138_139_140_141_142_143_144_145_146_147_148_149_150_151_152_153_154_155_156_157_158_159_160_161_162_163_164_165_166_167_168_169_170_171_172_173_174_175_176_177_178_179_180_181_182_183_184_185_186_187_188_189_190_191_192_193_194_195_196_197_198_199_200_201_202_203_204_205_206_207_208_209_210_211_212_213_214_215_216_217_218_219_220_221_222_223_224_225_226_227_228_229_230_231_232_233_234_235_236_237_238_239_240_241_242_243_244_245_246_247_248_249_250_251_252_253_254_255_256_257_258_259_260_261_262_263_264_265_266_267_268_269_270_271_272_273_274_275_276_277_278_279_280_281_282_283_284_285_286_287_288  1.48e+09  1.30e+09 -227833.50 -43090.77  13572.72    767.42     86.65    190.71   4463.23   -596.40      0.00 0
12886 2212      69_100_163_164_195  1.49e+09  1.29e+09   5273.81  -3333.96   5007.53    778.72     51.25    327.70  -6548.44   -155.88      0.00 0
21424 2212      0_1_5_6_11_12_13_17_18_19_20_24_25_26_27_31_32_33_34_35_39_40_41_42_43_44_47_48_49_50_51_52_56_57_58_59_60_61_62_63_64_65_66_67_68_70_71_72_73_74_75_76_77_78_79_82_83_84_85_86_87_88_89_90_91_92_93_94_95_96_97_98_101_102_103_104_105_106_107_108_109_110_114_115_116_117_118_119_120_121_122_123_124_125_126_127_128_129_130_131_132_133_134_135_136_137_138_139_140_141_142_143_144_145_146_147_148_149_150_151_152_153_154_155_156_157_158_159_160_161_162_166_167_168_169_170_171_172_173_174_175_178_179_180_181_182_183_184_185_186_187_188_189_190_191_192_193_194_197_198_199_200_201_202_203_204_205_206_208_209_210_211_212_213_214_215_216_217_218_219_220_224_225_226_227_228_233_234_235_236_237_242_243_244_245_250_251_252_258_259_265_277_278_279_280_281_282_283_284_285_286_287_288  1.49e+09  1.28e+09  52641.98  47699.36  13320.08    714.95     79.38     42.18  -4550.78  -4604.63      0.00 0
12062 2212      0_1_2_3_4_5_6_7_8_9_10_11_12_13_14_15_16_17_18_19_20_21_22_24_25_26_27_28_29_31_32_33_34_35_36_37_39_40_41_42_43_44_45_47_48_49_50_51_52_53_56_57_58_59_60_61_62_63_64_65_66_67_68_69_70_71_72_73_74_75_76_77_78_79_80_82_83_84_85_86_87_88_89_90_91_92_93_94_95_96_97_98_99_100_101_102_103_104_105_106_107_108_109_110_111_114_115_116_117_118_119_120_121_122_123_124_125_126_127_128_129_130_131_132_133_134_135_136_137_138_139_140_141_142_143_144_145_146_147_148_149_150_151_152_153_154_155_156_157_158_159_160_161_162_163_164_165_166_167_168_169_170_171_172_173_174_175_178_179_180_181_182_183_184_185_186_187_188_189_190_191_192_193_194_195_196_197_198_199_200_201_202_203_204_205_206_208_209_210_211_212_213_214_215_216_217_218_219_220_221_222_223_224_225_226_227_228_230_231_232_233_234_235_236_238_239_240_241_242_243_244_246_247_248_249_250_251_252_253_254_255_256_257_258_259_260_261_262_263_264_265_266_267_268_269_270_271_272_273_274_275_276_277_278_279_280_281_282_283_284_285_286_287_288  1.49e+09  1.27e+09  17301.91 142975.28  14527.28    773.61     84.24     83.10  -1800.53  -2654.93      0.00 0
16418 2212      0_1_2_3_4_5_6_7_8_9_10_11_12_13_14_15_16_17_18_19_20_21_22_23_24_25_26_27_28_29_30_31_32_33_34_35_36_37_38_39_40_41_42_43_44_45_46_47_48_49_50_51_52_53_54_55_56_57_58_59_60_61_62_63_64_65_66_67_68_70_71_72_73_74_75_76_77_78_79_80_81_82_83_84_85_86_87_88_89_90_91_92_93_94_95_96_97_98_101_102_103_104_105_106_107_108_109_110_111_112_113_114_115_116_117_118_119_120_121_122_123_124_125_126_127_128_129_130_131_132_133_134_135_136_137_138_139_140_141_142_143_144_145_146_147_148_149_150_151_152_153_154_155_156_157_158_159_160_161_162_165_166_167_168_169_170_171_172_173_174_175_176_177_178_179_180_181_182_183_184_185_186_187_188_189_190_191_192_193_194_197_198_199_200_201_202_203_204_205_206_207_208_209_210_211_212_213_214_215_216_217_218_219_220_224_225_226_227_228_229_232_233_234_235_236_237_241_242_243_244_245_249_250_251_252_256_257_258_259_263_264_265_269_270_271_275_276_277_278_279_280_281_282_283_284_285_286_287_288  1.49e+09  1.28e+09 -155988.91 -155174.27  13958.55    750.98     86.37    224.85   5380.62  -3849.03      0.00 0
17534 2212      0_1_2_3_4_5_6_7_8_9_10_11_12_13_14_15_16_17_18_19_20_21_22_23_24_25_26_27_28_29_30_31_32_33_34_35_36_37_38_39_40_41_42_43_44_45_46_47_48_49_50_51_52_53_54_55_56_57_58_59_60_61_62_63_64_65_66_67_68_69_70_71_72_73_74_75_76_77_78_79_80_81_82_83_84_85_86_87_88_89_90_91_92_93_94_95_96_97_98_99_100_101_102_103_104_105_106_107_108_109_110_111_112_113_114_115_116_117_118_119_120_121_122_123_124_125_126_127_128_129_130_131_132_133_134_135_136_137_138_139_140_141_142_143_144_145_146_147_148_149_150_151_152_153_154_155_156_157_158_159_160_161_162_163_164_165_166_167_168_169_170_171_172_173_174_175_176_177_178_179_180_181_182_183_184_185_186_187_188_189_190_191_192_193_194_195_196_197_198_199_200_201_202_203_204_205_206_207_208_209_210_211_212_213_214_215_216_217_218_219_220_221_222_223_224_225_226_227_228_229_230_231_232_233_234_235_236_237_238_239_240_241_242_243_244_245_246_247_248_249_250_251_252_253_254_255_256_257_258_259_260_261_262_263_264_265_266_267_268_269_270_271_272_273_274_275_276_277_278_279_280_281_282_283_284_285_286_287_288  1.49e+09  1.34e+09 -174493.09 152327.33  13031.11    847.42     86.78    138.88    952.52   2582.69      0.00 0
18634 2212      0_1_2_3_5_6_7_8_11_12_13_14_17_18_19_20_21_24_25_26_27_28_31_32_33_34_35_39_40_41_42_43_47_48_49_50_51_52_56_57_58_59_60_61_62_63_64_65_66_67_68_69_70_71_72_73_74_75_76_77_78_82_83_84_85_86_87_88_89_90_91_92_93_94_95_96_97_98_99_100_101_102_103_104_105_106_107_108_109_114_115_116_117_118_119_120_121_122_123_124_125_126_127_128_129_130_131_132_133_134_135_136_137_138_139_140_141_142_143_144_145_146_147_148_149_150_151_152_153_154_155_156_157_158_159_160_161_162_163_164_165_166_167_168_169_170_171_172_173_178_179_180_181_182_183_184_185_186_187_188_189_190_191_192_193_194_195_196_197_198_199_200_201_202_203_208_209_210_211_212_213_214_215_216_217_218_219_220_221_222_223_224_225_230_231_232_233_234_238_239_240_241_242_246_247_248_249_253_254_255_256_260_261_262_266_267_268_272_273_274_277_278_279_280_281_282_283_284_285_286_287_288  1.40e+09  1.20e+09  20601.06 -101348.00  14442.79    712.06     82.05    281.49  -3836.22   2549.11      0.00 0
4472 2212      2_3_4_7_8_9_10_13_14_15_16_20_21_22_26_27_28_29_34_35_36_37_42_43_44_45_50_51_52_53_56_57_58_59_60_61_62_63_64_65_66_67_68_72_73_74_75_76_77_78_79_82_83_84_85_86_87_88_89_90_91_92_93_94_95_96_97_98_103_104_105_106_107_108_109_110_111_114_115_116_117_118_119_120_121_122_123_124_125_126_127_128_129_130_131_132_133_134_135_136_137_138_139_140_141_142_143_144_145_146_147_148_149_150_151_152_153_154_155_156_157_158_159_160_161_162_167_168_169_170_171_172_173_174_178_179_180_181_182_183_184_185_186_187_188_189_190_191_192_193_194_198_199_200_201_202_203_204_205_208_209_210_211_212_213_214_215_216_217_218_219_220_224_225_226_227_233_234_235_241_242_243_248_249_250_251_255_256_257_258_262_263_264_268_269_270_273_274_275_277_278_279_280_281_282_283_284_285_286_287_288  1.52e+09  1.33e+09  -3199.42  47418.63  11647.23    753.64     76.23     93.86    895.95   2759.20      0.00 0
6996 2212      31_39_40_47_48_69_70_71_99_100_101_102_142_150_163_164_165_166_167_178_184_189_190_195_196_197_198_199_208_212_213_217_218_221_222_223_224_225_230_231_232_233_234_238_239_240_241_242_246_247_248_249_250_253_254_255_256_257_258_260_261_262_263_264_266_267_268_269_270_271_272_273_274_275_276  1.52e+09  1.29e+09  83863.30  72824.20  14543.69    720.36     82.54     40.97  -6272.73   2828.88      0.00 0
10700 2212      2_7_8_9_13_14_15_16_19_20_21_22_23_27_28_29_30_35_36_37_38_44_45_46_53_54_55_80_81_112_113_177  1.53e+09  1.34e+09 -38935.25 -16223.13  10947.74    798.81     75.45    202.62   6246.95  -2873.30      0.00 0
16706 2212      13_20_26_27_34_35_41_42_43_50_51_56_57_58_60_61_62_63_65_66_67_72_73_74_75_76_82_83_84_85_88_89_90_93_94_95_96_102_103_104_105_106_114_115_116_120_121_122_123_127_128_129_130_135_136_137_142_143_144_145_150_151_152_157_158_166_167_168_169_178_179_184_189_190_197_198_199_212_224_282_283_284_285_286_287  1.55e+09  1.35e+09  -6464.46  17789.93   8838.36    671.60     64.97    109.97  -1508.27  -1038.03      0.00 0
24016 2212      71_101_102_164_165_195_196_197_221_222_230_231_238  1.56e+09  1.35e+09 -10292.41  11275.58   7314.58    819.75     64.40    132.39  -5860.39   2103.01      0.00 0
8774 2212      56_57_58_59_60_61_62_63_64_65_66_67_68_69_70_71_72_73_74_75_76_77_78_79_80_81_82_83_84_85_86_87_88_89_90_91_92_93_94_95_96_97_98_99_100_101_102_103_104_105_106_107_108_109_110_111_112_113_114_115_116_117_118_119_120_121_122_123_124_125_126_127_128_129_130_131_132_133_134_135_136_137_138_139_140_141_142_143_144_145_146_147_148_149_150_151_152_153_154_155_156_157_158_159_160_161_162_163_164_165_166_167_168_169_170_171_172_173_174_175_176_177_178_179_180_181_182_183_184_185_186_187_188_189_190_191_192_193_194_195_196_197_198_199_200_201_202_203_204_205_206_207_208_209_210_211_212_213_214_215_216_217_218_219_220_221_222_223_224_225_226_227_228_229_230_231_232_233_234_235_236_237_238_239_240_241_242_243_244_245_246_247_248_249_250_251_252_253_254_255_256_257_258_259_260_261_262_263_264_265_266_267_268_269_270_271_272_273_274_275_276_277_278_279_280_281_282_283_284_285_286_287_288  1.56e+09  1.36e+09 -99074.70  -8842.18  14227.32    729.38     81.86    185.10   2166.16   3341.03      0.00 0
5304 2212      0_1_2_3_4_5_6_7_8_9_10_11_12_13_14_15_16_17_18_19_20_21_22_23_24_25_26_27_28_29_30_31_32_33_34_35_36_37_38_39_40_41_42_43_44_45_46_47_48_49_50_51_52_53_54_55_56_57_58_59_60_61_62_63_64_65_66_67_68_69_70_71_72_73_74_75_76_77_78_79_80_82_83_84_85_86_87_88_89_90_91_92_93_94_95_96_97_98_99_100_101_102_103_104_105_106_107_108_109_110_111_114_115_116_117_118_119_120_121_122_123_124_125_126_127_128_129_130_131_132_133_134_135_136_137_138_139_140_141_142_143_144_145_146_147_148_149_150_151_152_153_154_155_156_157_158_159_160_161_162_163_164_165_166_167_168_169_170_171_172_173_174_175_178_179_180_181_182_183_184_185_186_187_188_189_190_191_192_193_194_195_196_197_198_199_200_201_202_203_204_205_208_209_210_211_212_213_214_215_216_217_218_219_220_221_222_223_224_225_226_227_230_231_232_233_234_235_238_239_240_241_242_243_246_247_248_249_250_253_254_255_256_257_260_261_262_263_266_267_268_269_272_273_274_277_278_279_280_281_282_283_284_285_286_287_288  1.56e+09  1.41e+09 121709.86 -161984.53  13599.66    851.47     86.16    306.92  -2952.06  -4521.27      0.00 0
20040 2212      15_21_22_27_28_29_34_35_36_42_43_50_51_52_56_57_58_59_60_61_62_63_64_65_66_67_68_72_73_74_75_76_82_83_84_85_86_88_89_90_91_93_94_95_96_102_103_104_105_106_114_115_116_120_121_122_127_128_135_142_280_282_284_286_287  1.57e+09  1.48e+09  13317.61 -11099.75   7736.96    816.93     65.95    320.19    945.49  -3383.47      0.00 0
9746 2212      0_1_2_3_4_5_6_7_8_9_10_11_12_13_14_15_16_17_18_19_20_21_22_23_24_25_26_27_28_29_30_32_33_34_35_36_37_38_42_43_44_45_46_52_53_54_55_80_81_113  1.57e+09  1.36e+09 -67780.86 -11817.46  13087.60    733.85     79.23    189.89   2312.13  -5429.75      0.00 0
5192 2212      1_2_3_4_7_8_9_12_13_14_15_19_20_21_22_26_27_28_29_33_34_35_36_41_42_43_44_45_50_51_52_53_56_57_58_59_60_61_62_63_64_65_66_67_68_72_73_74_75_76_77_78_79_82_83_84_85_86_87_88_89_90_91_92_93_94_95_96_97_98_102_103_104_105_106_107_108_109_110_111_114_115_116_117_118_119_120_121_122_123_124_125_126_127_128_129_130_131_132_133_134_135_136_137_138_139_140_141_142_143_144_145_146_147_148_149_150_151_152_153_154_155_156_157_158_159_160_161_162_166_167_168_169_170_171_172_173_174_175_178_179_180_181_182_183_184_185_186_187_188_189_190_191_192_193_194_198_199_200_201_202_203_204_205_208_209_210_211_212_213_214_215_216_217_218_219_220_224_225_226_227_232_233_234_235_236_240_241_242_243_244_247_248_249_250_251_254_255_256_257_258_261_262_263_264_265_267_268_269_270_271_272_273_274_275_276_277_278_279_280_281_282_283_284_285_286_287_288  1.57e+09  1.39e+09   -877.33 -89759.80  13912.26    735.33     81.19    269.44    826.55   6969.25      0.00 0
24322 2212      24_25_26_27_28_29_30_31_32_33_34_35_36_37_38_39_40_41_42_43_44_45_46_47_48_49_50_51_52_53_54_55_56_57_58_59_60_61_62_63_64_65_66_67_68_69_70_71_72_73_74_75_76_77_78_79_80_81_82_83_84_85_86_87_88_89_90_91_92_93_94_95_96_97_98_99_100_101_102_103_104_105_106_107_108_109_110_111_112_113_114_115_116_117_118_119_120_121_122_123_124_125_126_127_128_129_130_131_132_133_134_135_136_137_138_139_140_141_142_143_144_145_146_147_148_149_150_151_152_153_154_155_156_157_158_159_160_161_162_163_164_165_166_167_168_169_170_171_172_173_174_175_176_177_178_179_180_181_182_183_184_185_186_187_188_189_190_191_192_193_194_195_196_197_198_199_200_201_202_203_204_205_206_207_208_209_210_211_212_213_214_215_216_217_218_219_220_221_222_223_224_225_226_227_228_229_230_231_232_233_234_235_236_237_245_277_278_279_280_281_282_283_284_285_286_287_288  1.58e+09  1.38e+09 -74607.74   -651.09  13330.48    737.84     79.87    180.50  -1299.51   -718.54      0.00 0
11312 2212      0_1_5_6_11_12_17_18_19_24_25_26_31_32_33_39_40_41_48_49_50_70_71_100_101_102_164_165_166_196_197_222_223_230_231_238_239_246  1.59e+09  1.36e+09   5243.72 -35856.74  10968.55    701.43     73.16    278.32  -3550.87  -6952.60      0.00 0
4244 2212      10_15_16_21_22_23_26_27_28_29_30_33_34_35_36_37_38_40_41_42_43_44_45_46_47_48_49_50_51_52_53_54_55_56_57_58_59_60_61_62_63_64_65_66_67_68_69_70_71_72_73_74_75_76_77_78_79_80_81_82_83_84_85_86_87_88_89_90_91_92_93_94_95_96_97_98_99_100_101_102_103_104_105_106_107_108_109_110_111_112_113_114_115_116_117_118_119_120_121_122_123_124_125_126_127_128_129_130_131_132_133_134_135_136_137_138_139_140_141_142_143_144_145_146_147_148_149_150_151_152_153_154_155_156_157_158_159_160_161_162_163_164_165_166_167_168_169_170_171_172_173_174_175_176_177_178_179_180_181_182_183_184_185_186_187_188_189_190_191_192_193_194_195_196_197_198_199_200_201_202_203_204_205_206_207_208_209_210_211_212_213_214_215_216_217_218_219_220_221_222_223_224_225_226_227_228_229_230_231_232_233_234_235_236_237_238_239_240_241_242_243_244_245_246_247_248_249_250_251_252_253_254_255_256_257_258_259_260_261_262_263_264_265_266_267_268_269_270_271_272_273_274_275_276_277_278_279_280_281_282_283_284_285_286_287_288  1.59e+09  1.34e+09 157668.55 -71090.71  15009.90    698.82     85.04    335.73   -173.36   3914.48      0.00 0
11320 2212      2_8_14_15_21  1.61e+09  1.42e+09   7049.47   5084.24   5720.20    805.72     56.65     35.80   1329.71  -5775.59      0.00 0
10358 2212      189_190_191_192_199_200_201_202_203_208_209_210_211_212_213_214_215_216_217_218_219_220_224_225_226_227_233_234_235_236_241_242_243_244_250_251_252_281  1.61e+09  1.47e+09  14600.38   4698.91   7080.60    872.51     65.22     17.84   2226.49   3047.67      0.00 0
8444 2212      0_5_6_7_11_12_13_14_17_18_19_20_21_24_25_26_27_28_29_31_32_33_34_35_36_37_39_40_41_42_43_44_45_46_47_48_49_50_51_52_53_54_55_56_57_58_59_60_61_62_63_64_65_66_67_68_69_70_71_72_73_74_75_76_77_78_79_80_81_82_83_84_85_86_87_88_89_90_91_92_93_94_95_96_97_98_99_100_101_102_103_104_105_106_107_108_109_110_111_112_113_114_115_116_117_118_119_120_121_122_123_124_125_126_127_128_129_130_131_132_133_134_135_136_137_138_139_140_141_142_143_144_145_146_147_148_149_150_151_152_153_154_155_156_157_158_159_160_161_162_163_164_165_166_167_168_169_170_171_172_173_174_175_176_177_178_179_180_181_182_183_184_185_186_187_188_189_190_191_192_193_194_195_196_197_198_199_200_201_202_203_204_205_206_207_208_209_210_211_212_213_214_215_216_217_218_219_220_223_224_225_226_227_228_229_232_233_234_235_236_237_242_243_244_245_250_251_252_258_259_277_278_279_280_281_282_283_284_285_286_287_288  1.61e+09  1.41e+09  83601.96  35280.46  14144.83    705.83     81.14     22.88   4152.16    624.04      0.00 0
11288 2212      64_77_78_87  1.63e+09  1.44e+09  -3320.81   -981.78   3627.52    805.37     43.67    196.47   1533.52  -1285.50      0.00 3
2526 2212      0_1_2_3_4_5_6_7_8_9_10_11_12_13_14_15_16_17_18_19_20_21_22_23_24_25_26_27_28_29_30_31_32_33_34_35_36_37_38_39_40_41_42_43_44_45_46_47_48_49_50_51_52_53_54_55_56_57_58_59_60_61_62_63_64_65_66_67_68_69_70_71_72_73_74_75_76_77_78_79_80_82_83_84_85_86_87_88_89_90_91_92_93_94_95_96_97_98_99_100_101_102_103_104_105_106_107_108_109_110_111_112_114_115_116_117_118_119_120_121_122_123_124_125_126_127_128_129_130_131_132_133_134_135_136_137_138_139_140_141_142_143_144_145_146_147_148_149_150_151_152_153_154_155_156_157_158_159_160_161_162_163_164_165_166_167_168_169_170_171_172_173_174_175_178_179_180_181_182_183_184_185_186_187_188_189_190_191_192_193_194_195_196_197_198_199_200_201_202_203_204_205_206_208_209_210_211_212_213_214_215_216_217_218_219_220_221_222_223_224_225_226_227_230_231_232_233_234_235_236_238_239_240_241_242_243_246_247_248_249_250_253_254_255_256_257_260_261_262_263_266_267_268_269_272_273_274_277_278_279_280_281_282_283_284_285_286_287_288  1.63e+09  1.40e+09 -133717.23 211847.05  13129.11    760.73     87.00    122.26  -3935.75  -6215.15      0.00 0
11382 2212      1_2_3_4_6_7_8_9_10_11_12_13_14_15_17_18_19_20_21_22_24_25_26_27_28_31_32_33_34_35_39_40_41_42_47_48_49_50_51_69_70_71_72_99_100_101_102_163_164_165_195_196_221  1.65e+09  1.45e+09 -33669.44  24283.16  10875.16    801.38     75.32    144.20  -5784.28  -1436.65      0.00 0
10660 2212      31_39_40_47_48_69_70_71_99_100_101_163_164_165_166_195_196_197_221_222_223_224_230_231_232_238_239_240_241_246_247_248_253_254_255_256_260_261_262_266_267_268_269_272_273_274  1.65e+09  1.40e+09  45242.03  61815.40  13562.28    715.78     79.96     53.80  -6222.18   1844.10      0.00 0
4582 2212      25_26_27_28_29_30_31_32_33_34_35_36_37_38_39_40_41_42_43_44_45_46_47_48_49_50_51_52_53_54_55_56_57_58_59_60_61_62_63_64_65_66_67_68_69_70_71_72_73_74_75_76_77_78_79_80_81_82_83_84_85_86_87_88_89_90_91_92_93_94_95_96_97_98_99_100_101_102_103_104_105_106_107_108_109_110_111_112_113_114_115_116_117_118_119_120_121_122_123_124_125_126_127_128_129_130_131_132_133_134_135_136_137_138_139_140_141_142_143_144_145_146_147_148_149_150_151_152_153_154_155_156_157_158_159_160_161_162_163_164_165_166_167_168_169_170_171_172_173_174_175_176_177_178_179_180_181_182_183_184_185_186_187_188_189_190_191_192_193_194_195_196_197_198_199_200_201_202_203_204_205_206_207_208_209_210_211_212_213_214_215_216_217_218_219_220_221_222_223_224_225_226_227_228_229_230_231_232_233_234_235_236_237_238_239_240_241_242_243_244_245_246_247_248_249_250_251_252_253_254_255_256_257_258_259_260_261_262_263_264_265_266_267_268_269_270_271_272_273_274_275_276_277_278_279_280_281_282_283_284_285_286_287_288  1.65e+09  1.39e+09 133935.52 -18013.59  13703.34    900.60     84.21    352.34   -410.02   2187.31      0.00 0
5832 2212      0_1_2_3_4_5_6_7_8_9_10_11_12_13_14_15_16_17_18_19_20_21_22_23_24_25_26_27_28_29_30_31_32_33_34_35_36_37_38_40_41_42_43_44_45_46_48_49_50_51_52_53_54_55_56_57_58_59_60_61_62_63_64_65_66_67_68_71_72_73_74_75_76_77_78_79_80_81_82_83_84_85_86_87_88_89_90_91_92_93_94_95_96_97_98_101_102_103_104_105_106_107_108_109_110_111_112_113_114_115_116_117_118_119_120_121_122_123_124_125_126_127_128_129_130_131_132_133_134_135_136_137_138_139_140_141_142_143_144_145_146_147_148_149_150_151_152_153_154_155_156_157_158_159_160_161_162_166_167_168_169_170_171_172_173_174_175_176_177_178_179_180_181_182_183_184_185_186_187_188_189_190_191_192_193_194_197_198_199_200_201_202_203_204_205_206_207_208_209_210_211_212_213_214_215_216_217_218_219_220_224_225_226_227_228_229_232_233_234_235_236_237_241_242_243_244_245_248_249_250_251_252_256_257_258_259_262_263_264_265_269_270_271_274_275_276_277_278_279_280_281_282_283_284_285_286_287_288  1.66e+09  1.48e+09 -74666.46 -113928.64  13740.25    895.22     84.24    236.76    947.48  -3873.78      0.00 0
7018 2212      249_255_256_261_262  1.67e+09  1.53e+09  -5698.21   3917.73   4863.60    862.45     54.88    145.49  -1569.34   5167.08      0.00 0
6606 2212      73_74_82_83_84_88_89_93_94_95_103_104_105_114_115_116_120_121_122_127_128_129_130_135_136_137_142_143_144_145_150_151_152_157_158_167_168_178_179_184_189_284_285_286_287  1.69e+09  1.52e+09  -2587.44   3197.50   4073.24    782.25     45.28    128.98  -1075.58     33.91      0.00 4
8400 2212      60_65_72_73_74_82_83_84_88_89_90_93_94_95_102_103_104_105_106_114_115_116_117_120_121_122_123_124_127_128_129_130_131_132_135_136_137_138_139_140_142_143_144_145_146_147_150_151_152_153_154_155_157_158_159_160_161_162_166_167_168_169_170_171_172_173_178_179_180_181_182_183_184_185_186_187_188_189_190_191_192_193_194_198_199_200_201_202_203_204_208_209_210_211_212_213_214_215_216_217_218_219_220_224_225_226_233_234_235_241_242_243_248_249_250_251_256_257_258_262_263_264_265_269_270_271_274_275_276_277_278_281_282_283_284_285_286_287_288  1.69e+09  1.45e+09 -18048.78 -30837.34  10876.33    707.74     73.07    239.66   1280.94   4661.65      0.00 0
10944 2212      40_41_42_48_49_50_51_56_57_58_59_60_61_62_63_64_65_66_67_68_70_71_72_73_74_75_76_77_78_79_82_83_84_85_86_87_88_89_90_91_92_93_94_95_96_97_98_101_102_103_104_105_106_107_108_109_110_114_115_116_117_118_119_120_121_122_123_124_125_126_127_128_129_130_131_132_133_134_135_136_137_138_139_140_141_142_143_144_145_146_147_148_149_150_151_152_153_154_155_156_157_158_159_160_161_162_166_167_168_169_170_171_172_173_174_175_178_179_180_181_182_183_184_185_186_187_188_189_190_191_192_193_194_198_199_200_201_202_203_204_205_208_209_210_211_212_213_214_215_216_217_218_219_220_277_278_279_280_281_282_283_284_285_286_287_288  1.71e+09  1.48e+09  19988.03   4761.82   8205.90    835.58     68.23     13.40    723.86   -184.91      0.00 0
22328 2212      0_1_2_3_4_5_6_7_8_9_10_11_12_13_14_15_16_17_18_19_20_21_22_23_24_25_26_27_28_29_30_31_32_33_34_35_36_37_38_39_40_41_42_43_44_45_46_47_48_49_50_51_52_53_54_55_56_57_58_59_60_61_62_63_64_65_66_67_68_69_70_71_72_73_74_75_76_77_78_79_80_81_82_83_84_85_86_87_88_89_90_91_92_93_94_95_96_97_98_99_100_101_102_103_104_105_106_107_108_109_110_111_112_113_114_115_116_117_118_119_120_121_122_123_124_125_126_127_128_129_130_131_132_133_134_135_136_137_138_139_140_141_142_143_144_145_146_147_148_149_150_151_152_153_154_155_156_157_158_159_160_161_162_163_164_165_166_167_168_169_170_171_172_173_174_175_176_177_178_179_180_181_182_183_184_185_186_187_188_189_190_191_192_193_194_195_196_197_198_199_200_201_202_203_204_205_206_207_208_209_210_211_212_213_214_215_216_217_218_219_220_221_222_223_224_225_226_227_228_229_230_231_232_233_234_235_236_237_238_239_240_241_242_243_244_245_246_247_248_249_250_251_252_253_254_255_256_257_258_259_260_261_262_263_264_265_266_267_268_269_270_271_272_273_274_275_276_277_278_279_280_281_282_283_284_285_286_287_288  1.71e+09  1.43e+09 -187314.58  28997.83  14784.44    707.94     85.54    171.20   -528.45  -1087.83      0.00 0
17412 2212      69_70_71_99_100_101_102_114_120_121_127_128_129_135_136_137_138_142_143_144_145_146_150_151_152_153_154_157_158_159_160_161_162_163_164_165_166_167_168_169_170_171_172_173_178_179_180_181_182_183_184_185_186_187_188_189_190_191_192_193_194_195_196_197_198_199_200_201_202_203_204_208_209_210_211_212_213_214_215_216_217_218_219_220_221_222_223_224_225_226_227_230_231_232_233_234_235_236_239_240_241_242_243_244_245_247_248_249_250_251_252_255_256_257_258_259_262_263_264_265_270_271_276_277_281_283_285_286_288  1.72e+09  1.53e+09 -34952.71 -14399.33  11061.40    711.51     73.69    202.39  -1476.12   2337.16      0.00 0
9808 2212      0_1_2_3_5_6_7_8_11_12_13_14_15_17_18_19_20_21_24_25_26_27_28_31_32_33_34_35_36_39_40_41_42_43_44_47_48_49_50_51_52_56_57_58_59_60_61_62_63_64_65_66_67_68_69_70_71_72_73_74_75_76_77_78_82_83_84_85_86_87_88_89_90_91_92_93_94_95_96_97_98_99_100_101_102_103_104_105_106_107_108_109_110_114_115_116_117_118_119_120_121_122_123_124_125_126_127_128_129_130_131_132_133_134_135_136_137_138_139_140_141_142_143_144_145_146_147_148_149_150_151_152_153_154_155_156_157_158_159_160_161_162_163_164_165_166_167_168_169_170_171_172_173_174_178_179_180_181_182_183_184_185_186_187_188_189_190_191_192_193_194_195_196_197_198_199_200_201_202_203_204_208_209_210_211_212_213_214_215_216_217_218_219_220_221_222_223_224_225_226_227_230_231_232_233_234_235_238_239_240_241_242_243_246_247_248_249_250_251_253_254_255_256_257_258_260_261_262_263_264_266_267_268_269_270_272_273_274_275_276_277_278_279_280_281_282_283_284_285_286_287_288  1.72e+09  1.55e+09  21942.18 134730.02  14226.83    814.37     84.05     80.75  -3008.23   2990.38      0.00 0
18220 2212      3_4_9_10_14_15_16_21_22_23_27_28_29_30_35_36_37_38_42_43_44_45_46_51_52_53_54_55_56_57_58_59_60_61_62_63_64_65_66_67_68_72_73_74_75_76_77_78_79_80_81_82_83_84_85_86_87_88_89_90_91_92_93_94_95_96_97_98_103_104_105_106_107_108_109_110_111_112_113_114_115_116_117_118_119_120_121_122_123_124_125_126_127_128_129_130_131_132_133_134_135_136_137_138_139_140_141_142_143_144_145_146_147_148_149_150_151_152_153_154_155_156_157_158_159_160_161_162_166_167_168_169_170_171_172_173_174_175_176_177_178_179_180_181_182_183_184_185_186_187_188_189_190_191_192_193_194_198_199_200_201_202_203_204_205_206_207_208_209_210_211_212_213_214_215_216_217_218_219_220_223_224_225_226_227_228_229_231_232_233_234_235_236_237_239_240_241_242_243_244_245_246_247_248_249_250_251_252_253_254_255_256_257_258_259_260_261_262_263_264_265_266_267_268_269_270_271_272_273_274_275_276_277_278_279_280_281_282_283_284_285_286_287_288  1.72e+09  1.46e+09  88403.74 -154361.62  14906.08    707.57     85.21    299.80   5711.48   2187.31      0.00 0
24992 2212      55_80_81_111_112_113_174_175_176_177_204_205_206_207_226_227_228_229_234_235_236_237_241_242_243_244_245_248_249_250_251_252_255_256_257_258_259_261_262_263_264_265_266_267_268_269_270_271_272_273_274_275_276  1.73e+09  1.53e+09 -98333.30  69263.75  14257.18    784.90     83.24    144.84   3513.04   6946.82      0.00 0
8410 2212      70_100_101_164_165_166_196_197_198_222_223_224_225_231_232_233_239_240_241_242_247_248_249_250_254_255_256_257_261_262_263_264_267_268_269_270_271_273_274_275_276  1.74e+09  1.53e+09 -25277.00 -27847.33  10819.60    747.91     73.95    227.77   -639.21   5101.15      0.00 0
12744 2212      101_165_166_196_197_222_223_231_232_238_239_240_246_247_248_253_254_255_260_261_266_267_268_272_273  1.76e+09  1.51e+09  -3814.76 -35230.03  10806.82    713.93     73.04    263.82  -3454.18   6202.79      0.00 0
22498 2212      186_191_192_201_202_209_210_213_214_215_218_219_220_225_281_288  1.77e+09  1.54e+09   -528.65  -2291.67   2870.34    828.32     39.33    257.01     91.67   1273.05      0.00 3
18358 2212      3_8_9_14_15_16_21_22_23_28_29_30_36_37_38_44_45_46_53_54_55_79_80_81_111_112_113_175_176_177_206_207_228_229_237  1.77e+09  1.53e+09 -25035.51 -28739.22  11188.82    696.33     73.64    228.94   5660.73  -1577.65      0.00 0
19362 2212      3_4_9_10_15_16_21_22_23_28_29_30_35_36_37_38_43_44_45_52_53_54_58_59_63_64_67_68_76_77_78_79_85_86_87_90_91_92_96_97_98_106_107_108_109_110_111_117_118_119_123_124_125_126_131_132_133_134_138_139_140_141_146_147_148_149_153_154_155_156_160_161_162_170_171_172_173_174_181_182_183_186_187_188_192_193_194_201_202_203_204_205_210_211_214_215_216_219_220_225_226_234_277_278_279_280_281_288  1.78e+09  1.50e+09 -13177.31  35834.17  11027.37    722.85     73.89    110.19   3532.56  -4243.56      0.00 0
24174 2212      226_235_242_243_250_251_257_258_263_264_269_270_274_275_276  1.79e+09  1.54e+09    711.55 -23834.18   9234.43    737.54     68.83    271.71   2115.44   6564.89      0.00 0
5416 2212      38_45_46_54_55_80_81_111_112_175_176_177_205_206_207_227_228_229_236_237_244_245_251_252_258_259_265_271_276  1.79e+09  1.56e+09   1719.95 -30383.04   9799.85    791.52     72.15    273.24   5503.29   2191.07      0.00 0
718 2212      43_44_51_52_56_57_58_59_60_61_62_63_64_65_66_67_68_72_73_74_75_76_77_78_82_83_84_85_86_87_88_89_90_91_92_93_94_95_96_97_98_103_104_105_106_107_108_109_114_115_116_117_118_119_121_122_123_124_125_126_130_131_132_133_279_280_282_284_287  1.70e+09  1.51e+09  11465.75  -1318.52   7022.75    713.03     58.68    353.44   1197.24  -1509.99      0.00 0
21834 2212      10_16_23_29_30_37_38_45_46_53_54_55_79_80_81_111_112_113_175_176_177_205_206_207_227_228_229_235_236_237_243_244_245_251_252_258_259_264_265_270_271_276  1.81e+09  1.52e+09   8348.51 -80511.98  13023.04    829.53     80.86    275.92   7216.95  -1523.31      0.00 0
18462 2212      3_4_9_10_14_15_16_21_22_23_27_28_29_30_35_36_37_38_43_44_45_46_51_52_53_54_55_56_57_58_59_60_61_62_63_64_65_66_67_68_73_74_75_76_77_78_79_80_81_82_83_84_85_86_87_88_89_90_91_92_93_94_95_96_97_98_103_104_105_106_107_108_109_110_111_112_113_114_115_116_117_118_119_120_121_122_123_124_125_126_127_128_129_130_131_132_133_134_135_136_137_138_139_140_141_142_143_144_145_146_147_148_149_150_151_152_153_154_155_156_157_158_159_160_161_162_167_168_169_170_171_172_173_174_175_176_177_178_179_180_181_182_183_184_185_186_187_188_189_190_191_192_193_194_198_199_200_201_202_203_204_205_206_207_208_209_210_211_212_213_214_215_216_217_218_219_220_224_225_226_227_228_229_232_233_234_235_236_237_240_241_242_243_244_245_247_248_249_250_251_252_254_255_256_257_258_259_260_261_262_263_264_265_266_267_268_269_270_271_272_273_274_275_276_277_278_279_280_281_282_283_284_285_286_287_288  1.81e+09  1.55e+09 -55591.21 107983.29  14525.36    746.88     83.18    117.24   2618.36   3973.90      0.00 0
23984 2212      22_28_29_30_35_36_37_44  1.83e+09  1.61e+09  -9842.70   2679.74   6379.22    764.01     57.98    164.77   2633.35  -3631.16      0.00 0
14426 2212      0_1_2_3_5_6_7_8_11_12_13_14_17_18_19_20_21_24_25_26_27_31_32_33_34_35_39_40_41_42_43_47_48_49_50_51_56_57_58_59_60_61_62_63_64_65_66_67_68_69_70_71_72_73_74_75_76_82_83_84_85_86_88_89_90_91_93_94_95_96_97_99_100_101_102_103_104_105_106_107_114_115_116_117_120_121_122_123_124_127_128_129_130_131_135_136_137_138_139_142_143_144_145_146_150_151_152_153_157_158_159_160_163_164_165_166_167_168_169_170_178_179_180_181_184_185_186_189_190_191_195_196_197_198_199_200_201_208_209_212_213_214_217_218_221_222_223_224_230_231_232_233_238_239_240_241_246_247_248_253_254_255_260_261_266_267_272_278_279_280_281_282_283_284_285_286_287  1.83e+09  1.63e+09  46342.43 -124744.31  14456.49    775.19     83.80    290.38  -6391.83    566.50      0.00 0
24390 2212      3_4_8_9_10_14_15_16_20_21_22_23_27_28_29_30_34_35_36_37_38_42_43_44_45_46_50_51_52_53_54_55_56_57_58_59_60_61_62_63_64_65_66_67_68_71_72_73_74_75_76_77_78_79_80_81_82_83_84_85_86_87_88_89_90_91_92_93_94_95_96_97_98_102_103_104_105_106_107_108_109_110_111_112_113_114_115_116_117_118_119_120_121_122_123_124_125_126_127_128_129_130_131_132_133_134_135_136_137_138_139_140_141_142_143_144_145_146_147_148_149_150_151_152_153_154_155_156_157_158_159_160_161_162_165_166_167_168_169_170_171_172_173_174_175_176_177_178_179_180_181_182_183_184_185_186_187_188_189_190_191_192_193_194_196_197_198_199_200_201_202_203_204_205_206_207_208_209_210_211_212_213_214_215_216_217_218_219_220_222_223_224_225_226_227_228_229_230_231_232_233_234_235_236_237_238_239_240_241_242_243_244_245_246_247_248_249_250_251_252_253_254_255_256_257_258_259_260_261_262_263_264_265_266_267_268_269_270_271_272_273_274_275_276_277_278_279_280_281_282_283_284_285_286_287_288  1.83e+09  1.58e+09 -147309.02 176054.69  13316.42    811.96     86.68    129.92   4062.88   6817.72      0.00 0
22414 2212      0_1_2_3_4_5_6_7_8_9_10_11_12_13_14_15_16_17_18_19_20_21_22_23_24_25_26_27_28_29_30_31_32_33_34_35_36_37_38_39_40_41_42_43_44_45_46_47_48_49_50_51_52_53_54_55_56_57_58_59_60_61_62_63_64_65_66_67_68_69_70_71_72_73_74_75_76_77_78_79_80_81_82_83_84_85_86_87_88_89_90_91_92_93_94_95_96_97_98_99_100_101_102_103_104_105_106_107_108_109_110_111_112_113_114_115_116_117_118_119_120_121_122_123_124_125_126_127_128_129_130_131_132_133_134_135_136_137_138_139_140_141_142_143_144_145_146_147_148_149_150_151_152_153_154_155_156_157_158_159_160_161_162_163_164_165_166_167_168_169_170_171_172_173_174_175_176_177_178_179_180_181_182_183_184_185_186_187_188_189_190_191_192_193_194_195_196_197_198_199_200_201_202_203_204_205_206_207_208_209_210_211_212_213_214_215_216_217_218_219_220_221_222_223_224_225_226_227_228_229_230_231_232_233_234_235_236_237_238_239_240_241_242_243_244_245_246_247_248_249_250_251_252_253_254_255_256_257_258_259_260_261_262_263_264_265_266_267_268_269_270_271_272_273_274_275_276_277_278_279_280_281_282_283_284_285_286_287_288  1.83e+09  1.60e+09 -218399.06 -107560.37  13483.04    739.59     86.83    206.22   2754.28  -2350.68      0.00 0
15614 2212      17_24_25_31_32_33_39_40_41_42_43_47_48_49_50_51_52_56_57_58_59_60_61_62_63_64_65_66_67_68_69_70_71_72_73_74_75_76_77_78_79_82_83_84_85_86_87_88_89_90_91_92_93_94_95_96_97_98_99_100_101_102_103_104_105_106_107_108_109_110_111_114_115_116_117_118_119_120_121_122_123_124_125_126_127_128_129_130_131_132_133_134_135_136_137_138_139_140_141_142_143_144_145_146_147_148_149_150_151_152_153_154_155_156_157_158_159_160_161_162_163_164_165_166_167_168_169_170_171_172_173_174_175_178_179_180_181_182_183_184_185_186_187_188_189_190_191_192_193_194_195_196_197_198_199_200_201_202_203_204_205_206_208_209_210_211_212_213_214_215_216_217_218_219_220_223_224_225_226_227_228_233_234_235_236_237_277_278_279_280_281_282_283_284_285_286_287_288  1.84e+09  1.63e+09  43763.22  15077.43  11566.56    750.95     75.97     19.01  -2924.52   -900.44      0.00 0
14388 2212      0_1_2_3_4_5_6_7_8_9_10_11_12_13_14_15_16_17_18_19_20_21_22_23_24_25_26_27_28_29_30_31_32_33_34_35_36_37_38_39_40_41_42_43_44_45_46_47_48_49_50_51_52_53_54_55_56_57_58_59_60_61_62_63_64_65_66_67_68_69_70_71_72_73_74_75_76_77_78_79_80_81_82_83_84_85_86_87_88_89_90_91_92_93_94_95_96_97_98_99_100_101_102_103_104_105_106_107_108_109_110_111_112_113_114_115_116_117_118_119_120_121_122_123_124_125_126_127_128_129_130_131_132_133_134_135_136_137_138_139_140_141_142_143_144_145_146_147_148_149_150_151_152_153_154_155_156_157_158_159_160_161_162_163_164_165_166_167_168_169_170_171_172_173_174_175_176_177_178_179_180_181_182_183_184_185_186_187_188_189_190_191_192_193_194_195_196_197_198_199_200_201_202_203_204_205_206_207_208_209_210_211_212_213_214_215_216_217_218_219_220_221_222_223_224_225_226_227_228_229_230_231_232_233_234_235_236_237_238_239_240_241_242_243_244_245_246_247_248_249_250_251_252_253_254_255_256_257_258_259_260_261_262_263_264_265_266_267_268_269_270_271_272_273_274_275_276_277_278_279_280_281_282_283_284_285_286_287_288  1.85e+09  1.57e+09 217464.66  22741.34  13488.16    822.50     86.47      5.97   -386.33    -54.17      0.00 0
19838 2212      239_240_246_247  1.87e+09  1.63e+09  -7048.00   -799.28   5595.82    728.26     51.73    186.47  -4091.72   3849.01      0.00 0
12944 2212      0_1_2_3_4_5_6_7_8_9_10_11_12_13_14_15_16_17_18_19_20_21_22_23_24_25_26_27_28_29_30_31_32_33_34_35_36_37_38_39_40_41_42_43_44_45_46_47_48_49_50_51_52_53_54_55_56_57_58_59_60_61_62_63_64_65_66_67_68_69_70_71_72_73_74_75_76_77_78_79_80_81_82_83_84_85_86_87_88_89_90_91_92_93_94_95_96_97_98_99_100_101_102_103_104_105_106_107_108_109_110_111_112_113_114_115_116_117_118_119_120_121_122_123_124_125_126_127_128_129_130_131_132_133_134_135_136_137_138_139_140_141_142_143_144_145_146_147_148_149_150_151_152_153_154_155_156_157_158_159_160_161_162_163_164_165_166_167_168_169_170_171_172_173_174_175_176_177_178_179_180_181_182_183_184_185_186_187_188_189_190_191_192_193_194_195_196_197_198_199_200_201_202_203_204_205_206_207_208_209_210_211_212_213_214_215_216_217_218_219_220_221_222_223_224_225_226_227_228_229_230_231_232_233_234_235_236_237_238_239_240_241_242_243_244_245_246_247_248_249_250_251_252_253_254_255_256_257_258_259_260_261_262_263_264_265_266_267_268_269_270_271_272_273_274_275_276_277_278_279_280_281_282_283_284_285_286_287_288  1.87e+09  1.64e+09 -13010.51 231261.66  13842.34    731.74     86.58     93.22   2972.13    425.09      0.00 0
10178 2212      19_25_26_33  1.88e+09  1.63e+09   5393.82  -1648.03   5281.49    688.58     46.88    343.01  -2455.55  -4385.78      0.00 1
12800 2212      231_239_246_247_253_254_260_266  1.89e+09  1.68e+09  -3927.42  10761.28   6592.56    787.90     60.08    110.05  -4778.66   5005.76      0.00 0
18758 2212      43_44_45_46_52_53_54_55_78_79_80_81_110_111_112_113_175_176_177_206_207_229  1.91e+09  1.64e+09  20134.50   8892.97   8888.54    749.51     68.01     23.83   7055.71    136.32      0.00 0
9128 2212      39_40_47_48_49_50_56_57_58_59_60_61_62_63_64_65_66_67_68_69_70_71_72_73_74_75_76_77_78_82_83_84_85_86_87_88_89_90_91_92_93_94_95_96_97_98_100_101_102_103_104_105_106_107_108_109_110_114_115_116_117_118_119_120_121_122_123_124_125_126_127_128_129_130_131_132_133_134_135_136_137_138_139_140_141_142_143_144_145_146_147_148_149_150_151_152_153_154_155_156_157_158_159_160_161_162_165_166_167_168_169_170_171_172_173_174_175_178_179_180_181_182_183_184_185_186_187_188_189_190_191_192_193_194_197_198_199_200_201_202_203_204_205_206_207_208_209_210_211_212_213_214_215_216_217_218_219_220_223_224_225_226_227_228_229_232_233_234_235_236_237_241_242_243_244_245_249_250_251_252_258_259_265_277_278_279_280_281_282_283_284_285_286_287_288  1.91e+09  1.68e+09 -34593.34 -15264.69  10258.99    853.38     74.82    203.81    826.15   1396.77      0.00 0
2694 2212      95_105_106_107_115_116_117_118_121_122_123_124_129_130_131_132_136_137_138_139_140_143_144_145_146_147_148_151_152_153_154_155_156_157_158_159_160_161_162_168_169_170_171_172_173_178_179_180_181_182_183_184_185_186_187_188_189_190_191_192_193_194_199_200_201_202_203_204_208_209_210_211_212_213_214_215_216_217_218_219_220_225_226_234_235_242_243_250_251_257_258_264_277_278_281_283_284_285_286_288  1.92e+09  1.66e+09   7877.79  13805.63   8102.47    697.87     62.99     60.29   1566.95   3354.25      0.00 0
23882 2212      29_36_44_45_52_53_54_78_79_80_110_111_112_174_175_176_205_206_207_227_228_229_235_236_237_244_245_251_252_258_259_265_271  1.92e+09  1.77e+09 -14819.71 -34896.11  10350.37    837.53     74.73    246.99   5495.61   3265.29      0.00 0
12858 2212      0_1_2_3_4_5_6_7_8_9_10_11_12_13_14_15_16_17_18_19_20_21_22_23_24_25_26_27_28_29_30_31_32_33_34_35_36_37_38_39_40_41_42_43_44_45_47_48_49_50_51_52_53_56_57_58_59_60_61_62_63_64_65_66_67_68_69_70_71_72_73_74_75_76_77_78_79_82_83_84_85_86_87_88_89_90_91_92_93_94_95_96_97_98_99_100_101_102_103_104_105_106_107_108_109_110_114_115_116_117_118_119_120_121_122_123_124_125_126_127_128_129_130_131_132_133_134_135_136_137_138_139_140_141_142_143_144_145_146_147_148_149_150_151_152_153_154_155_156_157_158_159_160_161_162_163_164_165_166_167_168_169_170_171_172_173_178_179_180_181_182_183_184_185_186_187_188_189_190_191_192_193_194_195_196_197_198_199_200_201_202_203_208_209_210_211_212_213_214_215_216_217_218_219_220_221_222_223_224_225_230_231_232_233_238_239_240_246_247_253_254_260_277_278_279_280_281_282_283_284_285_286_287_288  1.92e+09  1.68e+09  85874.12 -65584.51  14168.04    767.23     82.53    322.63  -2561.66  -2413.17      0.00 0
6180 2212      0_1_2_3_4_5_6_7_8_9_10_11_12_13_14_15_16_17_18_19_20_21_22_23_24_25_26_27_28_29_31_32_33_34_35_36_39_40_41_42_43_44_47_48_49_50_51_52_56_57_58_59_60_61_62_63_64_65_66_67_68_69_70_71_72_73_74_75_76_77_82_83_84_85_86_87_88_89_90_91_92_93_94_95_96_97_99_100_101_102_103_104_105_106_107_108_114_115_116_117_118_120_121_122_123_124_127_128_129_130_131_135_136_137_138_142_143_144_145_150_151_152_153_157_158_159_163_164_165_166_167_168_169_178_179_184_189_195_196_197_198_199_221_222_223_230_231_238_239_246_279_280_282_283_284_285_286_287  1.93e+09  1.67e+09  71523.60 -52654.71  13321.07    824.75     81.47    323.64  -6703.00     20.16      0.00 0
13512 2212      17_24_31_32_39_40_41_47_48_49_50_69_70_71_72_73_82_88_93_94_99_100_101_102_103_104_114_115_120_121_122_127_128_129_130_135_136_137_142_143_144_145_150_151_152_153_157_158_159_164_165_166_167_168_169_170_178_179_180_181_184_185_186_189_190_191_192_196_197_198_199_200_201_202_208_209_210_212_213_214_215_217_218_219_223_224_225_232_233_234_281_283_285_286_287  1.94e+09  1.71e+09  30057.03  24847.67  10588.17    812.11     74.81     39.58  -5931.68  -2398.83      0.00 0
20456 2212      9_10_13_14_15_16_18_19_20_21_22_23_24_25_26_27_28_29_30_31_32_33_34_35_36_37_38_39_40_41_42_43_44_45_46_47_48_49_50_51_52_53_54_55_56_57_58_59_60_61_62_63_64_65_66_67_68_69_70_71_72_73_74_75_76_77_78_79_80_81_82_83_84_85_86_87_88_89_90_91_92_93_94_95_96_97_98_99_100_101_102_103_104_105_106_107_108_109_110_111_112_113_114_115_116_117_118_119_120_121_122_123_124_125_126_127_128_129_130_131_132_133_134_135_136_137_138_139_140_141_142_143_144_145_146_147_148_149_150_151_152_153_154_155_156_157_158_159_160_161_162_163_164_165_166_167_168_169_170_171_172_173_174_178_179_180_181_182_183_184_185_186_187_188_189_190_191_192_193_194_195_196_197_198_199_200_201_202_203_208_209_277_278_279_280_281_282_283_284_285_286_287_288  1.94e+09  1.73e+09 -56106.72  11425.24  12264.64    763.01     77.91    168.49   -204.22  -2396.97      0.00 0
23272 2212      2_3_7_8_13_14_19_20_21_26_27_33_34_35_41_42_43_50_51_56_57_60_61_62_65_66_72_73_74_82_83_88_89_93_94_102_103_104_114_120_127_128_135_142_287  1.96e+09  1.72e+09   7578.48 -16348.85   8368.40    722.20     65.09    294.87   -184.34  -4573.78      0.00 0
2498 2212      10_16_22_23_28_29_30_35_36_37_38_43_44_45_46_51_52_53_54_55_56_57_58_59_60_61_62_63_64_65_66_67_68_72_73_74_75_76_77_78_79_80_81_82_83_84_85_86_87_88_89_90_91_92_93_94_95_96_97_98_103_104_105_106_107_108_109_110_111_112_113_114_115_116_117_118_119_120_121_122_123_124_125_126_127_128_129_130_131_132_133_134_135_136_137_138_139_140_141_142_143_144_145_146_147_148_149_150_151_152_153_154_155_156_157_158_159_160_161_162_166_167_168_169_170_171_172_173_174_175_176_177_178_179_180_181_182_183_184_185_186_187_188_189_190_191_192_193_194_197_198_199_200_201_202_203_204_205_206_207_208_209_210_211_212_213_214_215_216_217_218_219_220_223_224_225_226_227_228_231_232_233_234_235_236_237_238_239_240_241_242_243_244_246_247_248_249_250_251_253_254_255_256_257_258_260_261_262_263_264_266_267_268_269_270_272_273_274_275_277_278_279_280_281_282_283_284_285_286_287_288  1.96e+09  1.71e+09  52706.75 -57137.77  13483.06    734.67     80.16    312.69   3060.41    -51.05      0.00 0
19234 2212      1_2_3_4_6_7_8_9_10_12_13_14_15_16_19_20_21_22_23_26_27_28_29_30_33_34_35_36_37_41_42_43_44_45_50_51_52_53_54_56_57_58_59_60_61_62_63_64_65_66_67_68_72_73_74_75_76_77_78_79_80_82_83_84_85_86_87_88_89_90_91_92_93_94_95_96_97_98_102_103_104_105_106_107_108_109_110_111_114_115_116_117_118_119_120_121_122_123_124_125_126_127_128_129_130_131_132_133_134_135_136_137_138_139_140_141_142_143_144_145_146_147_148_149_150_151_152_153_154_155_156_157_158_159_160_161_162_166_167_168_169_170_171_172_173_174_175_178_179_180_181_182_183_184_185_186_187_188_189_190_191_192_193_194_197_198_199_200_201_202_203_204_205_206_208_209_210_211_212_213_214_215_216_217_218_219_220_223_224_225_226_227_228_232_233_234_235_236_240_241_242_243_244_247_248_249_250_251_252_254_255_256_257_258_259_261_262_263_264_265_267_268_269_270_271_272_273_274_275_276_277_278_279_280_281_282_283_284_285_286_287_288  1.97e+09  1.84e+09   1692.70 -81487.96  12821.73    868.86     81.06    271.19   1161.51  -5573.67      0.00 0
22184 2212      48_70_100_101_163_164_165_195_196_221_222_230_238  1.99e+09  1.73e+09  -6619.98  14506.08   8047.53    708.87     63.22    114.53  -6583.91   1869.98      0.00 0
18490 2212      0_1_5_6_7_11_12_13_14_17_18_19_20_21_24_25_26_27_28_29_32_33_34_35_36_37_41_42_43_44_45_46_50_51_52_53_54_55_56_57_58_59_60_61_62_63_64_65_66_67_68_73_74_75_76_77_78_79_80_81_82_83_84_85_86_87_88_89_90_91_92_94_95_96_97_98_105_106_107_108_109_110_111_112_113_116_117_118_119_123_124_125_126_131_132_133_134_140_141_148_149_156_174_175_176_177_205_206_207_279_280_282_284  1.90e+09  1.64e+09  33616.97  17716.72  10996.82    724.96     73.86     27.79   1764.24  -2458.71      0.00 0
13532 2212      40_49_71_101  2.01e+09  1.79e+09   -450.74  -7793.56   6066.32    690.26     52.15    266.69  -3748.51  -1302.08      0.00 0
14894 2212      5_11_12_13_17_18_19_20_24_25_26_27_28_31_32_33_34_35_39_40_41_42_43_47_48_49_50_51  2.01e+09  1.88e+09  35373.10   5476.04  10297.71    808.09     73.95      8.80  -5041.58  -4245.52      0.00 0
1568 2212      81_112_113_174_175_176_177_194_203_204_205_206_207_211_215_216_218_219_220_224_225_226_227_228_229_232_233_234_235_236_237_239_240_241_242_243_244_245_246_247_248_249_250_251_252_253_254_255_256_257_258_259_260_261_262_263_264_265_266_267_268_269_270_271_272_273_274_275_276  2.02e+09  1.76e+09 105016.43 -45793.27  13154.49    962.04     83.45    336.44   1983.55   6601.25      0.00 0
7262 2212      0_1_2_3_5_6_7_8_11_12_13_14_15_17_18_19_20_21_24_25_26_27_28_29_31_32_33_34_35_36_37_39_40_41_42_43_44_45_47_48_49_50_51_52_53_54_56_57_58_59_60_61_62_63_64_65_66_67_68_69_70_71_72_73_74_75_76_77_78_79_80_82_83_84_85_86_87_88_89_90_91_92_93_94_95_96_97_98_99_100_101_102_103_104_105_106_107_108_109_110_111_112_114_115_116_117_118_119_120_121_122_123_124_125_126_127_128_129_130_131_132_133_134_135_136_137_138_139_140_141_142_143_144_145_146_147_148_149_150_151_152_153_154_155_156_157_158_159_160_161_162_163_164_165_166_167_168_169_170_171_172_173_174_175_176_178_179_180_181_182_183_184_185_186_187_188_189_190_191_192_193_194_195_196_197_198_199_200_201_202_203_204_205_206_207_208_209_210_211_212_213_214_215_216_217_218_219_220_221_222_223_224_225_226_227_228_229_230_231_232_233_234_235_236_237_238_239_240_241_242_243_244_245_246_247_248_249_250_251_252_253_254_255_256_257_258_259_260_261_262_263_264_265_266_267_268_269_270_271_272_273_274_275_276_277_278_279_280_281_282_283_284_285_286_287_288  2.02e+09  1.74e+09 -96443.78 -144338.31  13357.35    953.45     85.60    236.25  -2611.29    939.46      0.00 0
11848 2212      0_1_2_3_4_5_6_7_8_9_10_11_12_13_14_15_16_17_18_19_20_21_22_23_24_25_26_27_28_29_30_31_32_33_34_35_36_37_38_39_40_41_42_43_44_45_47_48_49_50_51_52_53_54_56_57_58_59_60_61_62_63_64_65_66_67_68_69_70_71_72_73_74_75_76_77_78_79_82_83_84_85_86_87_88_89_90_91_92_93_94_95_96_97_98_99_100_101_102_103_104_105_106_107_108_109_110_111_114_115_116_117_118_119_120_121_122_123_124_125_126_127_128_129_130_131_132_133_134_135_136_137_138_139_140_141_142_143_144_145_146_147_148_149_150_151_152_153_154_155_156_157_158_159_160_161_162_163_164_165_166_167_168_169_170_171_172_173_174_178_179_180_181_182_183_184_185_186_187_188_189_190_191_192_193_194_195_196_197_198_199_200_201_202_203_204_205_208_209_210_211_212_213_214_215_216_217_218_219_220_221_222_223_224_225_226_230_231_232_233_234_235_238_239_240_241_242_246_247_248_249_250_253_254_255_256_260_261_262_266_267_268_272_273_277_278_279_280_281_282_283_284_285_286_287_288  2.05e+09  1.80e+09 101046.38 -139487.56  14402.98    783.79     85.22    305.92  -3437.08  -2952.21      0.00 0
17324 2212      241_248_255_261_262  2.06e+09  1.77e+09  -1434.95   6941.33   5440.86    755.98     52.49    101.68  -1684.10   4845.56      0.00 0
17178 2212      44_52_53_78_79_87_98_109_110_119_125_126_133_134_140_141_148_149_155_156_162_172_173_174_175_182_183_188_193_194_203_204_205_211_216_220_226_227_234_235_236_242_243_244_250_251_257_258_263_264_265_269_270_271_275_276  2.07e+09  1.82e+09    413.12 -27845.17   9053.82    876.33     71.99    270.85   2597.26   3265.08      0.00 0
20416 2212      1_2_3_7_8_9_13_14_15_16_20_21_22_23_29  2.11e+09  1.83e+09  15082.75   5747.48   8284.52    676.09     62.83     20.86   2372.98  -5630.80      0.00 0
1790 2212      188_193_194_202_203_210_211_214_215_216_218_219_220_225_226_233_234_241_242_249_250_255_256_257_262_263_268_269_273_274_275_288  2.13e+09  1.93e+09   5466.77 -29211.45  10001.41    740.62     71.40    280.60    -51.06   6796.44      0.00 0
9936 2212      79_110_111_175  2.16e+09  1.89e+09   2310.35   4019.45   4775.77    701.01     44.15     60.11   3655.12     64.13      0.00 21
13446 2212      17_24_25_31_32_33_39_40_41_42_47_48_49_50_51_56_57_58_59_60_61_62_63_64_65_66_67_68_69_70_71_72_73_74_75_76_77_78_82_83_84_85_86_87_88_89_90_91_92_93_94_95_96_97_98_99_100_101_102_103_104_105_106_107_108_109_110_114_115_116_117_118_119_120_121_122_123_124_125_126_127_128_129_130_131_132_133_134_135_136_137_138_139_140_141_142_143_144_145_146_147_148_149_150_151_152_153_154_155_156_157_158_159_160_161_162_163_164_165_166_167_168_169_170_171_172_173_174_175_178_179_180_181_182_183_184_185_186_187_188_189_190_191_192_193_194_195_196_197_198_199_200_201_202_203_204_205_206_208_209_210_211_212_213_214_215_216_217_218_219_220_221_222_223_224_225_226_227_228_229_230_231_232_233_234_235_236_237_238_239_240_241_242_243_244_245_246_247_248_249_250_251_252_253_254_255_256_257_258_259_260_261_262_263_264_265_266_267_268_269_270_271_272_273_274_275_276_277_278_279_280_281_282_283_284_285_286_287_288  2.16e+09  1.82e+09 -101758.63 -62994.71  14631.17    728.04     83.03    211.76   3370.07   6061.33      0.00 0
10118 2212      14_21_27_28_35  2.17e+09  1.92e+09  -2189.96   5242.98   4537.48    830.20     51.39    112.67    786.08  -4185.97      0.00 0
8536 2212      10_16_22_23_28_29_30_36_37_38_43_44_45_46_51_52_53_54_56_57_58_59_61_62_63_64_65_66_67_68_73_74_75_76_77_78_79_80_83_84_85_86_87_88_89_90_91_92_93_94_95_96_97_98_104_105_106_107_108_109_110_111_114_115_116_117_118_119_120_121_122_123_124_125_126_128_129_130_131_132_133_134_135_136_137_138_139_140_141_143_144_145_146_147_148_149_150_151_152_153_154_155_156_157_158_159_160_161_162_167_168_169_170_171_172_173_174_178_179_180_181_182_183_184_185_186_187_188_189_190_191_192_193_194_199_200_201_202_203_204_208_209_210_211_212_213_214_215_216_217_218_219_220_277_278_279_280_281_282_283_284_285_286_287_288  2.18e+09  2.01e+09 -24443.24  21655.99   9364.13    930.53     74.00    138.46   4143.07  -3247.88      0.00 0
10028 2212      0_1_2_3_4_5_6_7_8_9_10_11_12_13_14_15_16_17_18_19_20_21_22_23_24_25_26_27_28_29_30_31_32_33_34_35_36_37_38_39_40_41_42_43_44_45_46_47_48_49_50_51_52_53_54_55_56_57_58_59_60_61_62_63_64_65_66_67_68_69_70_71_72_73_74_75_76_77_78_79_80_81_82_83_84_85_86_87_88_89_90_91_92_93_94_95_96_97_98_99_100_101_102_103_104_105_106_107_108_109_110_111_112_113_114_115_116_117_118_119_120_121_122_123_124_125_126_127_128_129_130_131_132_133_134_135_136_137_138_139_140_141_142_143_144_145_146_147_148_149_150_151_152_153_154_155_156_157_158_159_160_161_162_163_164_165_166_167_168_169_170_171_172_173_174_175_176_177_178_179_180_181_182_183_184_185_186_187_188_189_190_191_192_193_194_195_196_197_198_199_200_201_202_203_204_205_206_207_208_209_210_211_212_213_214_215_216_217_218_219_220_221_222_223_224_225_226_227_228_229_230_231_232_233_234_235_236_237_238_239_240_241_242_243_244_245_246_247_248_249_250_251_252_253_254_255_256_257_258_259_260_261_262_263_264_265_266_267_268_269_270_271_272_273_274_275_276_277_278_279_280_281_282_283_284_285_286_287_288  2.18e+09  1.90e+09 -175372.81 155429.81  13183.55    814.43     86.78    138.45  -2273.73   -385.25      0.00 0
1748 2212      0_1_2_3_4_5_6_7_8_9_10_11_12_13_14_15_16_17_18_19_20_21_22_23_24_25_26_27_28_29_30_31_32_33_34_35_36_37_38_39_40_41_42_43_44_45_46_47_48_49_50_51_52_53_54_55_56_57_58_59_60_61_62_63_64_65_66_67_68_69_70_71_72_73_74_75_76_77_78_79_80_81_82_83_84_85_86_87_88_89_90_91_92_93_94_95_96_97_98_99_100_101_102_103_104_105_106_107_108_109_110_111_112_113_114_115_116_117_118_119_120_121_122_123_124_125_126_127_128_129_130_131_132_133_134_135_136_137_138_139_140_141_142_143_144_145_146_147_148_149_150_151_152_153_154_155_156_157_158_159_160_161_162_163_164_165_166_167_168_169_170_171_172_173_174_175_176_177_178_179_180_181_182_183_184_185_186_187_188_189_190_191_192_193_194_195_196_197_198_199_200_201_202_203_204_205_206_207_208_209_210_211_212_213_214_215_216_217_218_219_220_221_222_223_224_225_226_227_228_229_230_231_232_233_234_235_236_237_238_239_240_241_242_243_244_245_246_247_248_249_250_251_252_253_254_255_256_257_258_259_260_261_262_263_264_265_266_267_268_269_270_271_272_273_274_275_276_277_278_279_280_281_282_283_284_285_286_287_288  2.19e+09  1.92e+09 -44506.77 173468.12  14377.51    779.47     85.41    104.39    145.73   -572.79      0.00 0
11098 2212      54_80_111_112_175_176_206_207_228_229_237  2.10e+09  1.78e+09  -2737.61 -11810.87   7305.00    690.32     58.93    256.95   5618.36   -276.63      0.00 0
6268 2212      25_33_41_49_50_71_72_73_82_88_93_101_102_103_104_114_120_121_127_128_135_136_142_143_150_151_157_165_166_167_168_178_184_189_197_198_199_212_223_224_232_233_240_248_285_286_287  2.10e+09  1.88e+09  -1126.93 -18062.94   8202.03    754.41     65.62    266.43  -2612.34   -632.85      0.00 0
7818 2212      24_25_31_32_33_34_39_40_41_42_47_48_49_50_51_56_57_60_61_65_69_70_71_72_73_82_100_101_102  2.10e+09  1.88e+09  21540.85   1053.52   8046.26    904.96     69.54      2.80  -4027.75  -2410.05      0.00 0
11568 2212      8_9_13_14_15_19_20_21_25_26_27_28_32_33_34_35_39_40_41_42_43_48_49_50_51_56_57_58_60_61_62_65_66_67_69_70_71_72_73_74_75_82_83_84_88_89_90_93_94_95_99_100_101_102_103_104_105_114_115_120_121_122_127_128_129_135_136_142_143_150_151_157_163_164_165_166_167_195_196_197_198_221_222_223_230_231_238_239_246_282_284_286_287  2.10e+09  1.87e+09  29275.52 -26545.42  10227.55    891.64     75.49    317.80  -4014.05   -564.35      0.00 0
24392 2212      150_151_157_158_167_168_169_178_179_184_185_189_190_199_200_208_212_213_217_285  2.21e+09  1.90e+09   1356.87   1519.71   3238.95    723.28     32.17     48.24   -830.67    794.48      0.00 7
17674 2212      246_247_253_254_255_256_260_261_262_266_267_268_272_273_274  2.21e+09  1.99e+09  23798.33   1288.87   8982.06    782.67     69.35      3.10  -4193.82   5882.38      0.00 0
14636 2212      2_3_4_7_8_9_10_12_13_14_15_16_18_19_20_21_22_23_24_25_26_27_28_29_30_31_32_33_34_35_36_37_38_39_40_41_42_43_44_45_46_47_48_49_50_51_52_53_54_55_56_57_58_59_60_61_62_63_64_65_66_67_68_69_70_71_72_73_74_75_76_77_78_79_80_82_83_84_85_86_87_88_89_90_91_92_93_94_95_96_97_98_99_100_101_102_103_104_105_106_107_108_109_110_111_114_115_116_117_118_119_120_121_122_123_124_125_126_127_128_129_130_131_132_133_134_135_136_137_138_139_140_141_142_143_144_145_146_147_148_149_150_151_152_153_154_155_156_157_158_159_160_161_162_163_164_165_166_167_168_169_170_171_172_173_174_178_179_180_181_182_183_184_185_186_187_188_189_190_191_192_193_194_195_196_197_198_199_200_201_202_203_208_209_210_211_212_213_214_215_217_218_219_221_222_223_224_230_231_277_278_279_280_281_282_283_284_285_286_287_288  2.21e+09  1.98e+09 -60380.82  25332.17  12407.99    817.76     79.27    157.24  -1845.55  -1943.90      0.00 0
1074 2212      0_1_2_3_4_5_6_7_8_9_10_11_12_13_14_15_16_17_18_19_20_21_22_23_24_25_26_27_28_29_30_31_32_33_34_35_36_37_38_39_40_41_42_43_44_45_46_47_48_49_50_51_52_53_54_55_56_57_58_59_60_61_62_63_64_65_66_67_68_69_70_71_72_73_74_75_76_77_78_79_80_81_82_83_84_85_86_87_88_89_90_91_92_93_94_95_96_97_98_99_100_101_102_103_104_105_106_107_108_109_110_111_112_113_114_115_116_117_118_119_120_121_122_123_124_125_126_127_128_129_130_131_132_133_134_135_136_137_138_139_140_141_142_143_144_145_146_147_148_149_150_151_152_153_154_155_156_157_158_159_160_161_162_163_164_165_166_167_168_169_170_171_172_173_174_175_176_177_178_179_180_181_182_183_184_185_186_187_188_189_190_191_192_193_194_195_196_197_198_199_200_201_202_203_204_205_206_207_208_209_210_211_212_213_214_215_216_217_218_219_220_221_222_223_224_225_226_227_228_229_230_231_232_233_234_235_236_237_238_239_240_241_242_243_244_245_246_247_248_249_250_251_252_253_254_255_256_257_258_259_260_261_262_263_264_265_266_267_268_269_270_271_272_273_274_275_276_277_278_279_280_281_282_283_284_285_286_287_288  2.22e+09  1.91e+09 -87996.71 -199326.80  13326.52    849.65     86.50    246.18  -1735.15  -2848.90      0.00 0
19660 2212      0_1_2_3_4_5_6_7_8_9_10_11_12_13_14_15_16_17_18_19_20_21_22_23_24_25_26_27_28_29_30_31_32_33_34_35_36_37_39_40_41_42_43_44_45_47_48_49_50_51_52_53_54_56_57_58_59_60_61_62_63_64_65_66_67_68_69_70_71_72_73_74_75_76_77_78_79_80_82_83_84_85_86_87_88_89_90_91_92_93_94_95_96_97_98_99_100_101_102_103_104_105_106_107_108_109_110_111_112_114_115_116_117_118_119_120_121_122_123_124_125_126_127_128_129_130_131_132_133_134_135_136_137_138_139_140_141_142_143_144_145_146_147_148_149_150_151_152_153_154_155_156_157_158_159_160_161_162_163_164_165_166_167_168_169_170_171_172_173_174_175_176_178_179_180_181_182_183_184_185_186_187_188_189_190_191_192_193_194_195_196_197_198_199_200_201_202_203_204_205_206_208_209_210_211_212_213_214_215_216_217_218_219_220_221_222_223_224_225_226_227_228_230_231_232_233_234_235_236_237_238_239_240_241_242_243_244_245_246_247_248_249_250_251_252_253_254_255_256_257_258_259_260_261_262_263_264_265_266_267_268_269_270_271_272_273_274_275_276_277_278_279_280_281_282_283_284_285_286_287_288  2.23e+09  1.96e+09 -20788.06 -171783.25  14712.78    738.71     85.14    263.10  -1185.84   4117.63      0.00 0
11532 2212      0_1_2_6_7_8_12_13_14_15_19_20_21_22_26_27_28_29_34_35_36_37_43_44_45_46_51_52_53_54_78_79_80_81_110_111_112  2.26e+09  1.99e+09  21386.88  14616.51   9438.69    752.87     69.98     34.35   2725.16  -2912.10      0.00 0
7936 2212      0_1_2_3_5_6_7_8_9_11_12_13_14_15_16_17_18_19_20_21_22_23_24_25_26_27_28_29_30_31_32_33_34_35_36_37_38_40_41_42_43_44_45_46_50_51_52_53_54_55_56_57_58_59_61_62_63_64_67_68_77_78_79_80_81_87_111_112_113  2.29e+09  2.05e+09  59220.22  22035.57  12637.48    758.75     78.69     20.41  -3300.06  -5948.89      0.00 0
21636 2212      27_34_35_42_43_50_51_52_56_57_58_59_60_61_62_63_64_65_66_67_68_71_72_73_74_75_76_77_82_83_84_85_86_87_88_89_90_91_92_93_94_95_96_97_98_102_103_104_105_106_107_108_109_114_115_116_117_118_119_120_121_122_123_124_125_126_127_128_129_130_131_132_133_135_136_137_138_139_140_141_142_143_144_145_146_147_148_150_151_152_153_154_155_156_157_158_159_160_161_162_165_166_167_168_169_170_171_172_173_178_179_180_181_182_183_184_185_186_187_188_189_190_191_192_193_194_197_198_199_200_201_202_203_208_209_210_211_212_213_214_215_216_217_218_219_220_222_223_224_225_230_231_232_233_238_239_240_241_246_247_248_249_253_254_255_260_261_262_266_267_272_273_277_278_279_280_281_282_283_284_285_286_287_288  2.20e+09  1.90e+09  24271.84 -42484.13  12126.77    694.91     76.08    299.74  -3958.16   5034.19      0.00 0
6466 2212      0_1_2_5_6_7_8_11_12_13_14_18_19_20_21_25_26_27_28_32_33_34_35_41_42_43_44_49_50_51_52_56_57_58_59_60_61_62_63_64_65_66_67_68_71_72_73_74_75_76_77_78_79_82_83_84_85_86_87_88_89_90_91_92_93_94_95_96_97_98_102_103_104_105_106_107_108_109_110_114_115_116_117_118_119_120_121_122_123_124_125_126_127_128_129_130_131_132_133_134_135_136_137_138_139_140_141_142_143_144_145_146_147_148_149_150_151_152_153_154_155_156_157_158_159_160_161_162_166_167_168_169_170_171_172_173_174_178_179_180_181_182_183_184_185_186_187_188_189_190_191_192_193_194_198_199_200_201_202_203_204_205_208_209_210_211_212_213_214_215_216_217_218_219_220_224_225_226_227_233_234_235_236_241_242_243_244_249_250_251_256_257_258_259_262_263_264_265_269_270_271_274_275_276_277_278_279_280_281_282_283_284_285_286_287_288  2.31e+09  1.99e+09 -16822.09 -44754.45  11672.88    753.02     76.28    249.40  -1378.54  -4370.28      0.00 0
13488 2212      22_23_28_29_30_35_36_37_38_42_43_44_45_46_50_51_52_53_54_55_56_57_58_59_60_61_62_63_64_65_66_67_68_71_72_73_74_75_76_77_78_79_80_82_83_84_85_86_87_88_89_90_91_92_93_94_95_96_97_98_101_102_103_104_105_106_107_108_109_110_111_114_115_116_117_118_119_120_121_122_123_124_125_126_127_128_129_130_131_132_133_134_135_136_137_138_139_140_141_142_143_144_145_146_147_148_149_150_151_152_153_154_155_156_157_158_159_160_161_162_164_165_166_167_168_169_170_171_172_173_174_178_179_180_181_182_183_184_185_186_187_188_189_190_191_192_193_194_195_196_197_198_199_200_201_202_203_204_208_209_210_211_212_213_214_215_216_217_218_219_220_221_222_223_224_225_230_231_232_233_238_239_246_277_278_279_280_281_282_283_284_285_286_287_288  2.32e+09  2.08e+09 -31813.05  15488.78  10615.48    744.49     73.30    154.04  -1804.53    216.77      0.00 0
7776 2212      0_1_2_3_4_5_6_7_8_9_10_11_12_13_14_15_16_17_18_19_20_21_22_24_25_26_27_28_29_31_32_33_34_35_36_37_39_40_41_42_43_44_45_48_49_50_51_52_53_56_57_58_59_60_61_62_63_64_65_66_67_68_69_70_71_72_73_74_75_76_77_78_79_82_83_84_85_86_87_88_89_90_91_92_93_94_95_96_97_98_100_101_102_103_104_105_106_107_108_109_110_111_114_115_116_117_118_119_120_121_122_123_124_125_126_127_128_129_130_131_132_133_134_135_136_137_138_139_140_141_142_143_144_145_146_147_148_149_150_151_152_153_154_155_156_157_158_159_160_161_162_164_165_166_167_168_169_170_171_172_173_174_178_179_180_181_182_183_184_185_186_187_188_189_190_191_192_193_194_195_196_197_198_199_200_201_202_203_204_205_208_209_210_211_212_213_214_215_216_217_218_219_220_221_222_223_224_225_226_227_230_231_232_233_234_235_238_239_240_241_242_243_246_247_248_249_250_251_253_254_255_256_257_258_260_261_262_263_264_266_267_268_269_270_272_273_274_275_277_278_279_280_281_282_283_284_285_286_287_288  2.33e+09  1.97e+09  22189.54 -115120.45  14748.43    706.43     82.83    280.91  -1038.10  -1691.34      0.00 0
9074 2212      0_1_2_6_7_12_18  2.34e+09  2.08e+09   8140.10  -7242.38   6171.95    844.16     60.47    318.34  -1526.68  -7002.78      0.00 0
11570 2212      27_34_41_42_50_51_56_57_58_60_61_62_65_66_71_72_73_74_75_82_83_84_88_89_93_94_95_102_103_104_105_114_115_116_120_121_122_127_128_129_135_136_137_142_143_144_150_151_157_158_165_166_167_168_178_189_197_198_222_223_231_232_239_282_284_285_286_287  2.34e+09  2.03e+09  -8933.82  13456.67   7232.02    875.38     65.88    123.58  -2866.54    560.25      0.00 0
23482 2212      11_17_18_24_25_31_32_33_39_40_41_42_47_48_49_50_51_56_57_58_59_60_61_62_63_64_65_66_67_68_70_71_72_73_74_75_76_77_82_83_84_85_86_87_88_89_90_91_92_93_94_95_96_97_98_100_101_102_103_104_105_106_107_108_109_114_115_116_117_118_119_120_121_122_123_124_125_126_127_128_129_130_131_132_133_134_135_136_137_138_139_140_141_142_143_144_145_146_147_148_149_150_151_152_153_154_155_156_157_158_159_160_161_162_165_166_167_168_169_170_171_172_173_174_178_179_180_181_182_183_184_185_186_187_188_189_190_191_192_193_194_197_198_199_200_201_202_203_204_205_208_209_210_211_212_213_214_215_216_217_218_219_220_223_224_225_226_227_232_233_234_235_236_241_242_243_244_248_249_250_251_252_256_257_258_259_263_264_265_270_271_275_276_277_278_279_280_281_282_283_284_285_286_287_288  2.35e+09  2.10e+09 -27022.27 -26471.40   9980.40    910.45     75.22    224.41  -2953.82  -1200.26      0.00 0
13518 2212      7_13_14_20_21_27_28_34_35_36_42_43_44_45_51_52_53_56_57_58_59_60_61_62_63_64_65_66_67_68_74_75_76_77_78_79_80_83_84_85_86_87_89_90_91_92_94_95_96_97_98_105_106_107_108_109_110_111_116_117_118_119_122_123_124_125_126_130_131_132_133_134_137_138_139_140_141_145_146_147_148_149_153_154_155_156_159_160_161_162_170_171_172_173_174_175_176_180_181_182_183_186_187_188_192_193_194_201_202_203_204_205_206_207_210_211_214_215_216_219_220_226_227_228_229_234_235_236_237_243_244_245_250_251_252_257_258_259_264_265_270_271_276_277_278_279_280_281_282_284_288  2.35e+09  2.01e+09 -25853.42 -45621.43  11980.95    757.71     77.13    240.46   4858.53   3875.44      0.00 0
12752 2212      0_1_5_6_7_11_12_13_17_18_19_20_24_25_26_27_31_32_33_34_35_39_40_41_42_43_47_48_49_50_51_52_56_57_58_59_60_61_62_63_64_65_66_67_68_70_71_72_73_74_75_76_77_78_82_83_84_85_86_87_88_89_90_91_92_93_94_95_96_97_98_101_102_103_104_105_106_107_108_109_110_114_115_116_117_118_119_120_121_122_123_124_125_126_127_128_129_130_131_132_133_134_135_136_137_138_139_140_141_142_143_144_145_146_147_148_149_150_151_152_153_154_155_156_157_158_159_160_161_162_165_166_167_168_169_170_171_172_173_174_178_179_180_181_182_183_184_185_186_187_188_189_190_191_192_193_194_197_198_199_200_201_202_203_204_205_208_209_210_211_212_213_214_215_216_217_218_219_220_224_225_226_227_233_234_235_236_241_242_243_244_249_250_251_252_257_258_259_264_265_270_271_276_277_278_279_280_281_282_283_284_285_286_287_288  2.35e+09  2.08e+09  44632.26  52833.85  12232.56    882.69     79.97     49.81  -4776.04  -5409.67      0.00 0
7348 2212      70_71_100_101_164_165_196  2.36e+09  2.04e+09  -7971.34    476.38   5934.93    722.40     53.38    176.58  -4957.15    -38.44      0.00 0
3740 2212      228_236_244_251_252  2.39e+09  2.13e+09    -79.78   8162.65   5985.39    723.75     53.75     90.56   4544.79   3546.56      0.00 0
8206 2212      15_21_22_28_29_36_37_44_45_53_54_79_80_111  2.39e+09  2.12e+09  -7239.54 -11412.09   7478.98    716.93     61.04    237.61   3020.02  -3391.06      0.00 0
3224 2212      0_1_2_3_4_5_6_7_8_9_10_11_12_13_14_15_16_17_18_19_20_21_22_23_24_25_26_27_28_29_30_31_32_33_34_35_36_37_38_39_40_41_42_43_44_45_46_47_48_49_50_51_52_53_54_55_56_57_58_59_60_61_62_63_64_65_66_67_68_69_70_71_72_73_74_75_76_77_78_79_80_81_82_83_84_85_86_87_88_89_90_91_92_93_94_95_96_97_98_99_100_101_102_103_104_105_106_107_108_109_110_111_112_114_115_116_117_118_119_120_121_122_123_124_125_126_127_128_129_130_131_132_133_134_135_136_137_138_139_140_141_142_143_144_145_146_147_148_149_150_151_152_153_154_155_156_157_158_159_160_161_162_163_164_165_166_167_168_169_170_171_172_173_174_175_176_178_179_180_181_182_183_184_185_186_187_188_189_190_191_192_193_194_195_196_197_198_199_200_201_202_203_204_205_206_208_209_210_211_212_213_214_215_216_217_218_219_220_221_222_223_224_225_226_227_228_230_231_232_233_234_235_236_238_239_240_241_242_243_244_246_247_248_249_250_251_253_254_255_256_257_258_260_261_262_263_264_266_267_268_269_270_272_273_274_275_276_277_278_279_280_281_282_283_284_285_286_287_288  2.39e+09  2.05e+09  64325.86 -131595.97  14362.13    799.63     84.40    296.05    178.81  -2558.19      0.00 0
5308 2212      42_43_44_45_46_49_50_51_52_53_54_55_56_57_58_59_60_61_62_63_64_65_66_67_68_70_71_72_73_74_75_76_77_78_79_80_81_82_83_84_85_86_87_88_89_90_91_92_93_94_95_96_97_98_101_102_103_104_105_106_107_108_109_110_111_112_113_114_115_116_117_118_119_120_121_122_123_124_125_126_127_128_129_130_131_132_133_134_135_136_137_138_139_140_141_142_143_144_145_146_147_148_149_150_151_152_153_154_155_156_157_158_159_160_161_162_165_166_167_168_169_170_171_172_173_174_175_176_177_178_179_180_181_182_183_184_185_186_187_188_189_190_191_192_193_194_197_198_199_200_201_202_203_204_205_206_207_208_209_210_211_212_213_214_215_216_217_218_219_220_277_278_279_280_281_282_283_284_285_286_287_288  2.41e+09  2.18e+09 -28833.58    619.08   9969.92    727.60     70.93    178.77    633.80   -477.41      0.00 0
2778 2212      0_1_2_3_4_5_6_7_8_9_10_11_12_13_14_15_16_17_18_19_20_21_22_23_24_25_26_27_28_29_30_31_32_33_34_35_36_37_38_39_40_41_42_43_44_45_46_47_48_49_50_51_52_53_54_55_56_57_58_59_60_61_62_63_64_65_66_67_68_69_70_71_72_73_74_75_76_77_78_79_80_81_82_83_84_85_86_87_88_89_90_91_92_93_94_95_96_97_98_99_100_101_102_103_104_105_106_107_108_109_110_111_112_113_114_115_116_117_118_119_120_121_122_123_124_125_126_127_128_129_130_131_132_133_134_135_136_137_138_139_140_141_142_143_144_145_146_147_148_149_150_151_152_153_154_155_156_157_158_159_160_161_162_163_164_165_166_167_168_169_170_171_172_173_174_175_176_177_178_179_180_181_182_183_184_185_186_187_188_189_190_191_192_193_194_197_198_199_200_201_202_203_204_205_206_207_208_209_210_211_212_213_214_215_216_217_218_219_220_229_277_278_279_280_281_282_283_284_285_286_287_288  2.43e+09  2.16e+09 107282.19  17395.14  13961.21    801.58     82.68      9.21  -3783.67  -4298.55      0.00 0
7504 2212      0_1_5_6_7_11_12_13_17_18_19_20_24_25_26_27_31_32_33_34_35_39_40_41_42_43_47_48_49_50_51_52_56_57_58_59_60_61_62_63_64_65_66_67_68_69_70_71_72_73_74_75_76_77_78_82_83_84_85_86_87_88_89_90_91_92_93_94_95_96_97_98_99_100_101_102_103_104_105_106_107_108_109_110_114_115_116_117_118_119_120_121_122_123_124_125_126_127_128_129_130_131_132_133_134_135_136_137_138_139_140_141_142_143_144_145_146_147_148_149_150_151_152_153_154_155_156_157_158_159_160_161_162_163_164_165_166_167_168_169_170_171_172_173_174_178_179_180_181_182_183_184_185_186_187_188_189_190_191_192_193_194_195_196_197_198_199_200_201_202_203_204_205_208_209_210_211_212_213_214_215_216_217_218_219_220_221_222_223_224_225_226_227_230_231_232_233_234_235_236_238_239_240_241_242_243_244_245_246_247_248_249_250_251_252_253_254_255_256_257_258_259_260_261_262_263_264_265_266_267_268_269_270_271_272_273_274_275_276_277_278_279_280_281_282_283_284_285_286_287_288  2.43e+09  2.06e+09 -76453.97 -133766.70  15052.77    701.80     84.42    240.25  -1344.72   5362.92      0.00 0
11344 2212      0_1_2_3_4_5_6_7_8_9_11_12_13_14_15_17_18_19_20_21_24_25_26_27_28_31_32_33_34_35_39_40_41_42_43_47_48_49_50_51_56_57_58_59_60_61_62_63_64_65_66_67_68_69_70_71_72_73_74_75_76_77_82_83_84_85_86_87_88_89_90_91_92_93_94_95_96_97_98_99_100_101_102_103_104_105_106_107_108_114_115_116_117_118_120_121_122_123_124_125_127_128_129_130_131_132_135_136_137_138_139_140_142_143_144_145_146_147_150_151_152_153_154_157_158_159_160_161_163_164_165_166_167_168_169_170_171_178_179_180_181_184_185_186_187_189_190_191_192_195_196_197_198_199_200_201_202_208_209_210_212_213_214_217_218_219_221_222_223_224_225_230_231_232_233_238_239_240_241_246_247_248_253_254_255_260_261_266_267_272_277_278_279_280_281_282_283_284_285_286_287_288  2.43e+09  2.09e+09 -48796.52 143749.91  14189.54    827.53     84.66    108.75  -7260.35    792.42      0.00 0
20222 2212      111_175_205_206_227_235_236_243_244_251  2.44e+09  2.20e+09  -3631.82  10126.57   6276.47    814.40     59.74    109.73   3377.06   2587.81      0.00 0
17964 2212      0_1_2_3_4_5_6_7_8_9_10_11_12_13_14_15_16_17_18_19_20_21_22_23_24_25_26_27_28_29_30_31_32_33_34_35_36_37_38_39_40_41_42_43_44_45_46_48_49_50_51_52_53_54_55_56_57_58_59_60_61_62_63_64_65_66_67_68_73_74_75_76_77_78_79_80_81_84_85_86_87_91_92_98_110_111_112_113_280_282  2.48e+09  2.19e+09  55788.55  14313.69  12084.80    796.74     78.15     14.39   1694.04  -4121.22      0.00 0
6758 2212      249_256_257_263  2.49e+09  2.21e+09  -5087.59  -1362.26   4901.08    726.10     47.06    194.99    535.62   4849.59      0.00 3
20988 2212      204_216_220_226_234  2.40e+09  2.11e+09  -2509.55   4475.63   4946.49    708.63     46.05    119.28   1023.17   2352.92      0.00 3
24764 2212      225_233_234_241_242  2.55e+09  2.23e+09   6044.61   -328.42   5414.38    693.59     48.19    356.89    -76.68   2862.75      0.00 1
4652 2212      56_57_58_59_60_61_62_63_64_65_66_67_68_73_74_75_76_77_78_82_83_84_85_86_87_88_89_90_91_92_93_94_95_96_97_98_103_104_105_106_107_108_109_114_115_116_117_118_119_121_122_123_124_125_126_128_129_130_131_132_133_134_136_137_138_139_140_141_144_145_146_147_148_149_152_153_154_155_156_159_160_161_162_170_171_172_173_181_182_183_187_188_194_277_278_279_280_282_283_284_287  2.55e+09  2.23e+09  -7248.03  -2271.40   5462.02    785.83     54.28    197.40    282.47   -422.67      0.00 0
7706 2212      0_1_5_6_7_11_12_13_14_17_18_19_20_21_24_25_26_27_28_29_31_32_33_34_35_36_37_39_40_41_42_43_44_45_46_47_48_49_50_51_52_53_54_55_56_57_58_59_60_61_62_63_64_65_66_67_68_69_70_71_72_73_74_75_76_77_78_79_80_81_82_83_84_85_86_87_88_89_90_91_92_93_94_95_96_97_98_99_100_101_102_103_104_105_106_107_108_109_110_111_112_113_114_115_116_117_118_119_120_121_122_123_124_125_126_127_128_129_130_131_132_133_134_135_136_137_138_139_140_141_142_143_144_145_146_147_148_149_150_151_152_153_154_155_156_157_158_159_160_161_162_164_165_166_167_168_169_170_171_172_173_174_175_176_177_178_179_180_181_182_183_184_185_186_187_188_189_190_191_192_193_194_196_197_198_199_200_201_202_203_204_205_206_207_208_209_210_211_212_213_214_215_216_217_218_219_220_223_224_225_226_227_228_229_232_233_234_235_236_237_241_242_243_244_245_249_250_251_252_257_258_259_265_277_278_279_280_281_282_283_284_285_286_287_288  2.55e+09  2.37e+09  85063.03  45457.60  13778.03    786.03     81.87     28.12    105.40  -1001.38      0.00 0
21832 2212      2_3_4_7_8_9_10_13_14_15_16_19_20_21_22_23_26_27_28_29_30_33_34_35_36_37_38_41_42_43_44_45_46_49_50_51_52_53_54_55_56_57_58_59_60_61_62_63_64_65_66_67_68_71_72_73_74_75_76_77_78_79_80_81_82_83_84_85_86_87_88_89_90_91_92_93_94_95_96_97_98_101_102_103_104_105_106_107_108_109_110_111_112_113_114_115_116_117_118_119_120_121_122_123_124_125_126_127_128_129_130_131_132_133_134_135_136_137_138_139_140_141_142_143_144_145_146_147_148_149_150_151_152_153_154_155_156_157_158_159_160_161_162_164_165_166_167_168_169_170_171_172_173_174_175_176_177_178_179_180_181_182_183_184_185_186_187_188_189_190_191_192_193_194_196_197_198_199_200_201_202_203_204_205_206_207_208_209_210_211_212_213_214_215_216_217_218_219_220_221_222_223_224_225_226_227_228_229_230_231_232_233_234_235_236_237_238_239_240_241_242_243_244_246_247_248_249_250_251_252_253_254_255_256_257_258_260_261_262_263_264_265_266_267_268_269_270_272_273_274_275_276_277_278_279_280_281_282_283_284_285_286_287_288  2.55e+09  2.21e+09  64751.13 -95457.48  14121.91    794.69     83.02    304.15   4676.48  -4927.97      0.00 0
20378 2212      133_140_141_147_148_155_156_161_162_172_173_182_183_188_194_277  2.57e+09  2.30e+09   -856.73  -1840.62   2575.35    846.27     38.25    245.04   1035.70    367.25      0.00 15
10782 2212      4_9_10_15_16_22_23_29_30_36_37_38_45_46_53_54_55_79_80_81_111_112_113_175_176_177_206_207_228_229_236_237_245_252_259  2.57e+09  2.23e+09 -20157.17 -61416.74  12248.91    838.19     79.27    251.83   7047.10  -1331.22      0.00 0
24244 2212      1_2_3_4_6_7_8_9_10_11_12_13_14_15_16_17_18_19_20_21_22_23_24_25_26_27_28_29_30_31_32_33_34_35_36_37_38_39_40_41_42_43_44_45_46_47_48_49_50_51_52_53_54_55_56_57_58_59_60_61_62_63_64_65_66_67_68_69_70_71_72_73_74_75_76_77_78_79_80_81_82_83_84_85_86_87_88_89_90_91_92_93_94_95_96_97_98_99_100_101_102_103_104_105_106_107_108_109_110_111_112_113_114_115_116_117_118_119_120_121_122_123_124_125_126_127_128_129_130_131_132_133_134_135_136_137_138_139_140_141_142_143_144_145_146_147_148_149_150_151_152_153_154_155_156_157_158_159_160_161_162_163_164_165_166_167_168_169_170_171_172_173_174_175_176_177_178_179_180_181_182_183_184_185_186_187_188_189_190_191_192_193_194_195_196_197_198_199_200_201_202_203_204_205_206_207_208_209_210_211_212_213_214_215_216_217_218_219_220_221_222_223_224_225_226_227_228_229_230_231_232_233_234_235_236_237_238_239_240_241_242_243_244_245_246_247_248_249_250_251_252_253_254_255_256_257_258_259_260_261_262_263_264_265_266_267_268_269_270_271_272_273_274_275_276_277_278_279_280_281_282_283_284_285_286_287_288  2.57e+09  2.26e+09 189946.83 -57239.83  13802.77    830.30     86.02    343.23   3595.61   1306.55      0.00 0
15298 2212      23_29_30_36_37_38_44_45_46_52_53_54_55_58_59_62_63_64_66_67_68_74_75_76_77_78_79_80_81_83_84_85_86_87_89_90_91_92_94_95_96_97_98_104_105_106_107_108_109_110_111_112_114_115_116_117_118_119_120_121_122_123_124_125_126_128_129_130_131_132_133_134_135_136_137_138_139_140_141_142_143_144_145_146_147_148_149_150_151_152_153_154_155_156_157_158_159_160_161_162_167_168_169_170_171_172_173_174_175_176_178_179_180_181_182_183_184_185_186_187_188_189_190_191_192_193_194_198_199_200_201_202_203_204_205_206_208_209_210_211_212_213_214_215_216_217_218_219_220_223_224_225_226_227_228_232_233_234_235_236_239_240_241_242_243_246_247_248_249_250_251_253_254_255_256_257_260_261_262_263_266_267_268_269_272_273_274_277_278_279_280_281_282_283_284_285_286_287_288  2.59e+09  2.28e+09  34811.68 -36275.93  11736.88    772.97     76.86    313.82    845.14   2285.76      0.00 0
3864 2212      155_156_162_172_173_182_183_188_193_194_203_204_216_277  2.61e+09  2.26e+09   2176.86    891.91   3647.55    692.07     32.82     22.28   1375.83    859.36      0.00 33
7048 2212      0_1_2_3_4_5_6_7_8_9_10_12_13_14_15_16_19_20_21_22_23_26_27_28_29_30_34_35_36_37_38_43_44_45_46_51_52_53_54_55_59_64_78_79_80_81_110_111_112_113_175_176_177_206_207_228_229_237  2.62e+09  2.27e+09  36913.81  33860.85  12127.73    707.90     76.39     42.53   5385.40  -1727.76      0.00 0
11918 2212      70_100_163_164_195_221  2.64e+09  2.37e+09   4504.42  -6675.57   4971.78    930.07     58.31    304.01  -6432.75    219.24      0.00 0
19408 2212      4_10_15_16_22_23_29_30_36_37_38_44_45_46_52_53_54_55_78_79_80_81_109_110_111_112_113_126_134_141_149_156_173_174_175_176_177_183_194_204_205_206_207_226_227_228_229_234_235_236_237_242_243_244_245_250_251_252_257_258_259_263_264_265_269_270_271_275_276  2.64e+09  2.54e+09   9278.70 -54055.38  11938.30    792.05     77.72    279.74   5518.31  -3382.34      0.00 0
12816 2212      262_268_273_274  2.65e+09  2.42e+09  -2825.18  -8081.00   5180.41    918.05     58.82    250.73   -925.28   6925.53      0.00 0
12564 2212      224_225_226_232_233_234_235_241_242_243_249_250  2.65e+09  2.36e+09 -11465.71  -2366.09   6718.41    776.01     60.15    191.66   -146.14   2839.12      0.00 0
3686 2212      0_1_5_6_7_11_12_17_18_19_24_25_26_31_32_33_39_40_41_47_48_49_69_70_71_99_100_101_163_164_165_195_196_221_222_230_238  2.65e+09  2.40e+09  27814.10 -43878.78  10560.24   1030.86     78.51    302.37  -6922.61  -1216.40      0.00 0
608 2212      0_1_2_3_4_5_6_7_8_9_10_11_12_13_14_15_16_17_18_19_20_21_22_23_24_25_26_27_28_29_30_31_32_33_34_35_36_37_38_39_40_41_42_43_44_45_46_47_48_49_50_51_52_53_54_55_56_57_58_59_60_61_62_63_64_65_66_67_68_69_70_71_72_73_74_75_76_77_78_79_80_81_82_83_84_85_86_87_88_89_90_91_92_93_94_95_96_97_98_99_100_101_102_103_104_105_106_107_108_109_110_111_112_113_114_115_116_117_118_119_120_121_122_123_124_125_126_127_128_129_130_131_132_133_134_135_136_137_138_139_140_141_142_143_144_145_146_147_148_149_150_151_152_153_154_155_156_157_158_159_160_161_162_163_164_165_166_167_168_169_170_171_172_173_174_175_176_177_178_179_180_181_182_183_184_185_186_187_188_189_190_191_192_193_194_195_196_197_198_199_200_201_202_203_204_205_206_207_208_209_210_211_212_213_214_215_216_217_218_219_220_221_222_223_224_225_226_227_228_229_230_231_232_233_234_235_236_237_238_239_240_241_242_243_244_245_246_247_248_249_250_251_252_253_254_255_256_257_258_259_260_261_262_263_264_265_266_267_268_269_270_271_272_273_274_275_276_277_278_279_280_281_282_283_284_285_286_287_288  2.65e+09  2.32e+09 174226.05 -148645.41  13726.64    755.53     86.57    319.53  -1664.87    137.57      0.00 0
17220 2212      0_1_2_3_4_5_6_7_8_9_10_11_12_13_14_15_16_17_18_19_20_21_22_23_24_25_26_27_28_29_30_31_32_33_34_35_36_37_38_39_40_41_42_43_44_45_46_47_48_49_50_51_52_53_54_55_56_57_58_59_60_61_62_63_64_65_66_67_68_69_70_71_72_73_74_75_76_77_78_79_80_81_82_83_84_85_86_87_88_89_90_91_92_93_94_95_96_97_98_99_100_101_102_103_104_105_106_107_108_109_110_111_112_113_114_115_116_117_118_119_120_121_122_123_124_125_126_127_128_129_130_131_132_133_134_135_136_137_138_139_140_141_142_143_144_145_146_147_148_149_150_151_152_153_154_155_156_157_158_159_160_161_162_163_164_165_166_167_168_169_170_171_172_173_174_175_176_177_178_179_180_181_182_183_184_185_186_187_188_189_190_191_192_193_194_195_196_197_198_199_200_201_202_203_204_205_206_207_208_209_210_211_212_213_214_215_216_217_218_219_220_221_222_223_224_225_226_227_228_229_230_231_232_233_234_235_236_237_238_239_240_241_242_243_244_246_247_248_249_250_251_252_253_254_255_256_257_258_260_261_262_263_264_266_267_268_269_270_272_273_274_275_277_278_279_280_281_282_283_284_285_286_287_288  2.68e+09  2.32e+09 137416.91 -137801.19  13881.45    826.70     85.92    314.92  -3680.93    209.07      0.00 0
13492 2212      34_35_36_37_40_41_42_43_44_45_46_48_49_50_51_52_53_54_55_56_57_58_59_60_61_62_63_64_65_66_67_68_69_70_71_72_73_74_75_76_77_78_79_80_81_82_83_84_85_86_87_88_89_90_91_92_93_94_95_96_97_98_100_101_102_103_104_105_106_107_108_109_110_111_112_113_114_115_116_117_118_119_120_121_122_123_124_125_126_127_128_129_130_131_132_133_134_135_136_137_138_139_140_141_142_143_144_145_146_147_148_149_150_151_152_153_154_155_156_157_158_159_160_161_162_165_166_167_168_169_170_171_172_173_174_175_176_177_178_179_180_181_182_183_184_185_186_187_188_189_190_191_192_193_194_197_198_199_200_201_202_203_204_205_206_207_208_209_210_211_212_213_214_215_216_217_218_219_220_226_227_228_229_277_278_279_280_281_282_283_284_285_286_287_288  2.69e+09  2.37e+09  36141.68   1913.08  10186.82    836.62     74.28      3.03   6403.15   -477.88      0.00 0
4792 2212      0_1_2_3_4_5_6_7_8_9_10_11_12_13_14_15_16_17_18_19_20_21_22_23_24_25_26_27_28_29_30_31_32_33_34_35_36_37_38_39_40_41_42_43_44_45_46_47_48_49_50_51_52_53_54_55_56_57_58_59_60_61_62_63_64_65_66_67_68_69_70_71_72_73_74_75_76_77_78_79_80_81_82_83_84_85_86_87_88_89_90_91_92_93_94_95_96_97_98_99_100_101_102_103_104_105_106_107_108_109_110_111_112_113_114_115_116_117_118_119_120_121_122_123_124_125_126_127_128_129_130_131_132_133_134_135_136_137_138_139_140_141_142_143_144_145_146_147_148_149_150_151_152_153_154_155_156_157_158_159_160_161_162_163_164_165_166_167_168_169_170_171_172_173_174_175_176_177_178_179_180_181_182_183_184_185_186_187_188_189_190_191_192_193_194_195_196_197_198_199_200_201_202_203_204_205_206_207_208_209_210_211_212_213_214_215_216_217_218_219_220_221_222_223_224_225_226_227_228_229_230_231_232_233_234_235_236_237_238_239_240_241_242_243_244_245_246_247_248_249_250_251_252_253_254_255_256_257_258_259_260_261_262_263_264_265_266_267_268_269_270_271_272_273_274_275_276_277_278_279_280_281_282_283_284_285_286_287_288  2.69e+09  2.25e+09 214169.70 -112108.05  13599.86    730.21     86.78    332.37  -2652.48   2982.55      0.00 0
2426 2212      175_205_227_228_236_244_252  2.71e+09  2.40e+09  -4258.08  -7263.53   5812.65    770.47     55.38    239.62   4298.78   1897.95      0.00 0
4732 2212      23_27_28_29_30_34_35_36_37_38_40_41_42_43_44_45_46_48_49_50_51_52_53_54_55_56_57_58_59_60_61_62_63_64_65_66_67_68_69_70_71_72_73_74_75_76_77_78_79_80_81_82_83_84_85_86_87_88_89_90_91_92_93_94_95_96_97_98_99_100_101_102_103_104_105_106_107_108_109_110_111_112_113_114_115_116_117_118_119_120_121_122_123_124_125_126_127_128_129_130_131_132_133_134_135_136_137_138_139_140_141_142_143_144_145_146_147_148_149_150_151_152_153_154_155_156_157_158_159_160_161_162_163_164_165_166_167_168_169_170_171_172_173_174_175_176_177_178_179_180_181_182_183_184_185_186_187_188_189_190_191_192_193_194_195_196_197_198_199_200_201_202_203_204_205_206_207_208_209_210_211_212_213_214_215_216_217_218_219_220_221_222_223_224_225_226_227_228_229_230_231_232_233_234_235_236_237_238_239_240_241_242_243_246_247_248_277_278_279_280_281_282_283_284_285_286_287_288  2.72e+09  2.33e+09 -65783.21  13826.73  13139.43    713.96     78.94    168.13    946.68   -194.45      0.00 0
22034 2212      30_37_38_44_45_46_52_53_54_59_63_64_68_76_77_78_79_80_85_86_87_90_91_92_95_96_97_98_106_107_108_109_110_111_116_117_118_119_122_123_124_125_126_129_130_131_132_133_134_137_138_139_140_141_144_145_146_147_148_149_151_152_153_154_155_156_157_158_159_160_161_162_168_169_170_171_172_173_174_175_178_179_180_181_182_183_184_185_186_187_188_189_190_191_192_193_194_199_200_201_202_203_204_205_208_209_210_211_212_213_214_215_216_217_218_219_220_224_225_226_227_232_233_234_235_240_241_242_243_247_248_249_250_254_255_256_257_260_261_262_263_266_267_268_269_272_273_274_277_278_279_280_281_283_284_285_288  2.73e+09  2.39e+09  21805.48 -27472.25  10509.44    757.05     73.32    308.44   1600.89   1388.95      0.00 0
8812 2212      0_1_2_3_4_5_6_7_8_9_10_11_12_13_14_15_16_18_19_20_21_22_23_25_26_27_28_29_30_33_34_35_36_37_38_41_42_43_44_45_46_50_51_52_53_54_55_56_57_58_59_60_61_62_63_64_65_66_67_68_73_74_75_76_77_78_79_80_81_82_83_84_85_86_87_88_89_90_91_92_94_95_96_97_98_105_106_107_108_109_110_111_112_113_116_117_118_119_122_123_124_125_126_130_131_132_133_134_138_139_140_141_146_147_148_149_153_154_155_156_160_161_162_171_172_173_174_175_176_177_182_183_188_193_194_203_204_205_206_207_226_227_228_229_235_236_237_244_245_252_259_277_278_279_280_282_284  2.73e+09  2.40e+09 -92824.95 -83638.65  14899.10    700.26     83.20    222.02   7841.25   -297.10      0.00 0
1826 2212      135_142_143_150_157_167_168_178_184_189_190_198_199_208_212_285  2.77e+09  2.46e+09  -1384.75  -2481.79   3706.41    727.24     37.48    240.84  -1382.56    723.74      0.00 24
7482 2212      0_1_2_3_4_5_6_7_8_9_11_12_13_14_15_17_18_19_20_21_22_24_25_26_27_28_29_31_32_33_34_35_36_39_40_41_42_43_44_47_48_49_50_51_52_53_56_57_58_59_60_61_62_63_64_65_66_67_68_69_70_71_72_73_74_75_76_77_78_79_82_83_84_85_86_87_88_89_90_91_92_93_94_95_96_97_98_99_100_101_102_103_104_105_106_107_108_109_110_114_115_116_117_118_119_120_121_122_123_124_125_126_127_128_129_130_131_132_133_134_135_136_137_138_139_140_141_142_143_144_145_146_147_148_149_150_151_152_153_154_155_156_157_158_159_160_161_162_163_164_165_166_167_168_169_170_171_172_173_174_178_179_180_181_182_183_184_185_186_187_188_189_190_191_192_193_194_195_196_197_198_199_200_201_202_203_204_205_208_209_210_211_212_213_214_215_216_217_218_219_220_221_222_223_224_225_226_227_230_231_232_233_234_235_238_239_240_241_242_243_246_247_248_249_250_251_253_254_255_256_257_258_260_261_262_263_264_266_267_268_269_270_272_273_274_275_276_277_278_279_280_281_282_283_284_285_286_287_288  2.77e+09  2.42e+09   9384.74 199003.02  14420.37    739.06     85.86     87.30  -5539.25   2175.08      0.00 0
22680 2212      6_11_12_18_24_25_32_33_39_40_41_48_49_70_71_100_101_164_165_196_222  2.78e+09  2.48e+09   4902.03 -16677.15   7200.14    936.84     67.50    286.38  -3988.37  -3116.91      0.00 0
11194 2212      10_16_22_23_29_30_36_37_38_44_45_46_53_54_79_80_110_111_175_205  2.70e+09  2.38e+09  -2621.67  19390.30   8475.39    751.85     66.58     97.70   4406.12  -2208.41      0.00 0
6708 2212      0_1_2_3_4_5_6_7_8_9_10_11_12_13_14_15_16_18_19_20_21_22_23_25_26_27_28_29_30_33_34_35_36_37_38_41_42_43_44_45_46_50_51_52_53_54_55_56_57_58_59_60_61_62_63_64_65_66_67_68_72_73_74_75_76_77_78_79_80_81_82_83_84_85_86_87_88_89_90_91_92_93_94_95_96_97_98_103_104_105_106_107_108_109_110_111_112_113_114_115_116_117_118_119_120_121_122_123_124_125_126_127_128_129_130_131_132_133_134_135_136_137_138_139_140_141_142_143_144_145_146_147_148_149_150_151_152_153_154_155_156_157_158_159_160_161_162_167_168_169_170_171_172_173_174_175_176_177_178_179_180_181_182_183_184_185_186_187_188_189_190_191_192_193_194_199_200_201_202_203_204_205_206_207_208_209_210_211_212_213_214_215_216_217_218_219_220_225_226_227_228_229_234_235_236_237_242_243_244_245_250_251_252_257_258_259_264_265_270_271_276_277_278_279_280_281_282_283_284_285_286_287_288  2.81e+09  2.37e+09  39160.94  63580.58  13274.41    746.91     79.92     58.37   4755.29   2284.84      0.00 0
8636 2212      0_1_5_6_7_11_12_13_14_17_18_19_20_21_24_25_26_27_28_32_33_34_35_36_40_41_42_43_44_45_49_50_51_52_53_56_57_58_59_60_61_62_63_64_65_66_67_68_71_72_73_74_75_76_77_78_79_80_82_83_84_85_86_87_88_89_90_91_92_93_94_95_96_97_98_102_103_104_105_106_107_108_109_110_111_112_114_115_116_117_118_119_120_121_122_123_124_125_126_127_128_129_130_131_132_133_134_135_136_137_138_139_140_141_142_143_144_145_146_147_148_149_150_151_152_153_154_155_156_157_158_159_160_161_162_167_168_169_170_171_172_173_174_175_176_178_179_180_181_182_183_184_185_186_187_188_189_190_191_192_193_194_198_199_200_201_202_203_204_205_206_207_208_209_210_211_212_213_214_215_216_217_218_219_220_225_226_227_228_229_233_234_235_236_237_242_243_244_245_249_250_251_252_257_258_259_264_265_270_271_276_277_278_279_280_281_282_283_284_285_286_287_288  2.82e+09  2.40e+09 -38097.78 -46712.49  12077.66    825.93     78.67    230.80   1866.98    242.37      0.00 0
3240 2212      0_1_2_3_4_5_6_7_8_9_10_11_12_13_14_15_16_17_18_19_20_21_22_23_24_25_26_27_28_29_30_31_32_33_34_35_36_37_38_39_40_41_42_43_44_45_46_47_48_49_50_51_52_53_54_55_56_57_58_59_60_61_62_63_64_65_66_67_68_69_70_71_72_73_74_75_76_77_78_79_80_82_83_84_85_86_87_88_89_90_91_92_93_94_95_96_97_98_99_100_101_102_103_104_105_106_107_108_109_110_111_112_114_115_116_117_118_119_120_121_122_123_124_125_126_127_128_129_130_131_132_133_134_135_136_137_138_139_140_141_142_143_144_145_146_147_148_149_150_151_152_153_154_155_156_157_158_159_160_161_162_163_164_165_166_167_168_169_170_171_172_173_174_175_178_179_180_181_182_183_184_185_186_187_188_189_190_191_192_193_194_195_196_197_198_199_200_201_202_203_204_205_206_208_209_210_211_212_213_214_215_216_217_218_219_220_221_222_223_224_225_226_227_230_231_232_233_234_235_238_239_240_241_242_243_246_247_248_249_250_253_254_255_256_257_260_261_262_263_266_267_268_269_272_273_274_277_278_279_280_281_282_283_284_285_286_287_288  2.82e+09  2.48e+09 120241.55 -158297.62  14214.34    768.59     85.91    307.22   -813.68  -6756.48      0.00 0
17438 2212      19_26_34_42_51_56_57_60_61_65  2.83e+09  2.52e+09   1987.75   7043.32   4656.97    948.45     57.53     74.24   -860.66  -2740.53      0.00 0
9104 2212      2_3_4_7_8_9_10_12_13_14_15_16_18_19_20_21_22_25_26_27_28_32_33_34_35_36_40_41_42_43_48_49_50_51_56_57_58_59_60_61_62_63_64_65_66_67_68_69_70_71_72_73_74_75_76_82_83_84_85_88_89_90_91_93_94_95_96_100_101_102_103_104_105_106_114_115_116_120_121_122_123_127_128_129_130_135_136_137_142_143_144_150_151_157_158_163_164_165_166_167_168_178_195_196_197_198_221_222_223_230_231_238_239_246_280_282_284_285_286_287  2.83e+09  2.49e+09  26797.81 -27479.92  10630.17    793.89     74.52    314.28     85.42  -4634.99      0.00 0
13970 2212      0_1_2_5_6_7_8_11_12_13_14_17_18_19_20_21_24_25_26_27_28_29_31_32_33_34_35_36_39_40_41_42_43_44_45_47_48_49_50_51_52_53_54_56_57_58_59_60_61_62_63_64_65_66_67_68_69_70_71_72_73_74_75_76_77_78_79_80_82_83_84_85_86_87_88_89_90_91_92_93_94_95_96_97_98_99_100_101_102_103_104_105_106_107_108_109_110_111_112_114_115_116_117_118_119_120_121_122_123_124_125_126_127_128_129_130_131_132_133_134_135_136_137_138_139_140_141_142_143_144_145_146_147_148_149_150_151_152_153_154_155_156_157_158_159_160_161_162_164_165_166_167_168_169_170_171_172_173_174_175_176_178_179_180_181_182_183_184_185_186_187_188_189_190_191_192_193_194_195_196_197_198_199_200_201_202_203_204_205_206_207_208_209_210_211_212_213_214_215_216_217_218_219_220_222_223_224_225_226_227_228_229_231_232_233_234_235_236_237_239_240_241_242_243_244_245_247_248_249_250_251_252_254_255_256_257_258_259_261_262_263_264_265_267_268_269_270_271_273_274_275_276_277_278_279_280_281_282_283_284_285_286_287_288  2.83e+09  2.58e+09 -72760.01 -88990.39  14012.17    811.18     83.05    230.73  -3263.52  -3348.41      0.00 0
22464 2212      80_81_112_113_176_177_206_207_229  2.87e+09  2.55e+09 -13572.56 -10765.19   7905.73    783.18     65.47    218.42   7343.03   1017.68      0.00 0
14776 2212      38_45_46_52_53_54_55_58_59_62_63_64_66_67_68_74_75_76_77_78_79_80_81_82_83_84_85_86_87_88_89_90_91_92_93_94_95_96_97_98_103_104_105_106_107_108_109_110_111_112_113_114_115_116_117_118_119_120_121_122_123_124_125_126_127_128_129_130_131_132_133_134_135_136_137_138_139_140_141_142_143_144_145_146_147_148_149_150_151_152_153_154_155_156_157_158_159_160_161_162_165_166_167_168_169_170_171_172_173_174_175_176_177_178_179_180_181_182_183_184_185_186_187_188_189_190_191_192_193_194_196_197_198_199_200_201_202_203_204_205_206_207_208_209_210_211_212_213_214_215_216_217_218_219_220_221_222_223_224_225_226_227_228_229_230_231_232_233_234_235_236_237_238_239_240_241_242_243_244_245_246_247_248_249_250_251_252_253_254_255_256_257_258_259_260_261_262_263_264_265_266_267_268_269_270_271_272_273_274_275_276_277_278_279_280_281_282_283_284_285_286_287_288  2.89e+09  2.49e+09 157552.33 -71667.94  14777.91    729.70     85.12    335.54   4579.06   5611.90      0.00 0
17192 2212      2_3_4_7_8_9_10_13_14_15_16_20_21_22_23_30  2.80e+09  2.46e+09 -25593.45    397.59   8843.59    858.76     70.94    179.11   3883.24  -6337.34      0.00 0
4330 2212      0_1_2_3_4_5_6_7_8_9_10_11_12_13_14_15_16_17_18_19_20_21_22_23_24_25_26_27_28_29_30_32_33_34_35_36_37_38_41_42_43_44_45_46_50_51_52_53_54_55_56_57_58_59_60_61_62_63_64_65_66_67_68_73_74_75_76_77_78_79_80_81_82_83_84_85_86_87_88_89_90_91_92_94_95_96_97_98_105_106_107_108_109_110_111_112_113_116_117_118_119_123_124_125_126_131_132_133_134_139_140_141_147_148_149_155_156_162_173_174_175_176_177_205_206_207_228_229_237_278_279_280_282_284  2.91e+09  2.52e+09  83343.15  57323.00  13604.57    833.80     82.34     34.52   -823.91  -6369.94      0.00 0
1622 2212      0_1_2_3_4_5_6_7_8_9_10_11_12_13_14_15_16_17_18_19_20_21_22_23_24_25_26_27_28_29_30_31_32_33_34_35_36_37_38_39_40_41_42_43_44_45_46_47_48_49_50_51_52_53_54_55_56_57_58_59_60_61_62_63_64_65_66_67_68_69_70_71_72_73_74_75_76_77_78_79_80_81_82_83_84_85_86_87_88_89_90_91_92_93_94_95_96_97_98_99_100_101_102_103_104_105_106_107_108_109_110_111_112_113_114_115_116_117_118_119_120_121_122_123_124_125_126_127_128_129_130_131_132_133_134_135_136_137_138_139_140_141_142_143_144_145_146_147_148_149_150_151_152_153_154_155_156_157_158_159_160_161_162_163_164_165_166_167_168_169_170_171_172_173_174_175_176_177_178_179_180_181_182_183_184_185_186_187_188_189_190_191_192_193_194_195_196_197_198_199_200_201_202_203_204_205_206_207_208_209_210_211_212_213_214_215_216_217_218_219_220_221_222_223_224_225_226_227_228_229_230_231_232_233_234_235_236_237_238_239_240_241_242_243_244_245_246_247_248_249_250_251_252_253_254_255_256_257_258_260_261_262_263_264_266_267_268_272_273_277_278_279_280_281_282_283_284_285_286_287_288  2.94e+09  2.72e+09 -127179.95  70294.02  14094.49    841.59     84.46    151.07     57.62   -984.69      0.00 0
12424 2212      51_56_57_58_59_60_61_62_63_65_66_67_73_74_75_76_82_83_84_85_88_89_90_94_95_282  2.96e+09  2.61e+09   3320.76  -1037.48   3726.91    787.04     43.03    342.65   -195.48  -1379.77      0.00 2
19638 2212      1_2_3_4_6_7_8_9_10_12_13_14_15_16_19_20_21_22_23_25_26_27_28_29_30_33_34_35_36_37_38_41_42_43_44_45_46_49_50_51_52_53_54_55_56_57_58_59_60_61_62_63_64_65_66_67_68_71_72_73_74_75_76_77_78_79_80_81_82_83_84_85_86_87_88_89_90_91_92_93_94_95_96_97_98_101_102_103_104_105_106_107_108_109_110_111_112_113_114_115_116_117_118_119_120_121_122_123_124_125_126_127_128_129_130_131_132_133_134_135_136_137_138_139_140_141_142_143_144_145_146_147_148_149_150_151_152_153_154_155_156_157_158_159_160_161_162_165_166_167_168_169_170_171_172_173_174_175_176_177_178_179_180_181_182_183_184_185_186_187_188_189_190_191_192_193_194_196_197_198_199_200_201_202_203_204_205_206_207_208_209_210_211_212_213_214_215_216_217_218_219_220_222_223_224_225_226_227_228_229_231_232_233_234_235_236_237_238_239_240_241_242_243_244_245_246_247_248_249_250_251_252_253_254_255_256_257_258_259_260_261_262_263_264_265_266_267_268_269_270_271_272_273_274_275_276_277_278_279_280_281_282_283_284_285_286_287_288  2.96e+09  2.53e+09 -52806.03 125928.10  13581.53    923.87     84.32    112.75   3157.52  -3301.23      0.00 0
23688 2212      1_2_3_4_6_7_8_9_10_12_13_14_15_16_18_19_20_21_22_23_25_26_27_28_29_30_32_33_34_35_36_37_38_40_41_42_43_44_45_46_48_49_50_51_52_53_54_55_56_57_58_59_60_61_62_63_64_65_66_67_68_70_71_72_73_74_75_76_77_78_79_80_81_82_83_84_85_86_87_88_89_90_91_92_93_94_95_96_97_98_100_101_102_103_104_105_106_107_108_109_110_111_112_113_114_115_116_117_118_119_120_121_122_123_124_125_126_127_128_129_130_131_132_133_134_135_136_137_138_139_140_141_142_143_144_145_146_147_148_149_150_151_152_153_154_155_156_157_158_159_160_161_162_164_165_166_167_168_169_170_171_172_173_174_175_176_177_178_179_180_181_182_183_184_185_186_187_188_189_190_191_192_193_194_195_196_197_198_199_200_201_202_203_204_205_206_207_208_209_210_211_212_213_214_215_216_217_218_219_220_221_222_223_224_225_226_227_228_229_230_231_232_233_234_235_236_237_238_239_240_241_242_243_244_245_246_247_248_249_250_251_252_253_254_255_256_257_258_259_260_261_262_263_264_265_266_267_268_269_270_271_272_273_274_275_276_277_278_279_280_281_282_283_284_285_286_287_288  2.98e+09  2.57e+09 -80809.48 123631.06  14950.57    714.69     84.22    123.17  -1556.17   3677.35      0.00 0
15692 2212      212_213_217_218_225  2.90e+09  2.56e+09   2354.74   -826.46   3298.53    761.78     37.11    340.66   -539.48   1748.13      0.00 5
3850 2212      0_1_2_3_5_6_7_8_9_11_12_13_14_15_16_17_18_19_20_21_22_23_24_25_26_27_28_29_30_31_32_33_34_35_36_37_38_39_40_41_42_43_44_45_46_47_48_49_50_51_52_53_54_55_56_57_58_59_60_61_62_63_64_65_66_67_68_69_70_71_72_73_74_75_76_77_78_79_80_81_82_83_84_85_86_87_88_89_90_91_92_93_94_95_96_97_98_99_100_101_102_103_104_105_106_107_108_109_110_111_112_113_114_115_116_117_118_119_120_121_122_123_124_125_126_127_128_129_130_131_132_133_134_135_136_137_138_139_140_141_142_143_144_145_146_147_148_149_150_151_152_153_154_155_156_157_158_159_160_161_162_163_164_165_166_167_168_169_170_171_172_173_174_175_176_177_178_179_180_181_182_183_184_185_186_187_188_189_190_191_192_193_194_195_196_197_198_199_200_201_202_203_204_205_206_207_208_209_210_211_212_213_214_215_216_217_218_219_220_221_222_223_224_225_226_227_228_229_230_231_232_233_234_235_236_237_238_239_240_241_242_243_244_245_246_247_248_249_250_251_252_253_254_255_256_257_258_259_260_261_262_263_264_265_266_267_268_269_270_271_272_273_274_275_276_277_278_279_280_281_282_283_284_285_286_287_288  3.01e+09  2.63e+09 -236359.28 -124091.40  12495.84    778.33     87.32    207.70   -830.44   5293.86      0.00 0
3578 2212      237_244_245_251_252_257_258_259_263_264_265_269_270_271_274_275_276  3.04e+09  2.70e+09  17489.41 -19823.89   9580.17    740.77     70.08    311.42   2774.11   6628.22      0.00 0
0 2212      0_1_2_3_4_5_6_7_8_9_11_12_13_14_15_17_18_19_20_21_22_24_25_26_27_28_29_32_33_34_35_36_40_41_42_43_44_48_49_50_51_52_53_56_57_58_59_60_61_62_63_64_65_66_67_68_70_71_72_73_74_75_76_77_78_79_82_83_84_85_86_87_88_89_90_91_92_93_94_95_96_97_98_101_102_103_104_105_106_107_108_109_110_114_115_116_117_118_119_120_121_122_123_124_125_126_127_128_129_130_131_132_133_134_135_136_137_138_139_140_141_142_143_144_145_146_147_148_149_150_151_152_153_154_155_156_157_158_159_160_161_162_165_166_167_168_169_170_171_172_173_174_178_179_180_181_182_183_184_185_186_187_188_189_190_191_192_193_194_196_197_198_199_200_201_202_203_204_205_208_209_210_211_212_213_214_215_216_217_218_219_220_222_223_224_225_226_227_231_232_233_234_235_239_240_241_242_243_246_247_248_249_250_253_254_255_256_257_260_261_262_263_264_266_267_268_269_270_272_273_274_275_277_278_279_280_281_282_283_284_285_286_287_288  3.04e+09  2.72e+09  -2184.49  86300.11  13071.26    854.15     81.39     91.45  -1304.58   3650.74      0.00 0
17154 2212      0_1_5_6_7_11_12_13_14_17_18_19_20_21_24_25_26_27_28_29_31_32_33_34_35_36_37_38_39_40_41_42_43_44_45_46_47_48_49_50_51_52_53_54_55_56_57_58_59_60_61_62_63_64_65_66_67_68_69_70_71_72_73_74_75_76_77_78_79_80_81_82_83_84_85_86_87_88_89_90_91_92_93_94_95_96_97_98_99_100_101_102_103_104_105_106_107_108_109_110_111_112_113_114_115_116_117_118_119_120_121_122_123_124_125_126_127_128_129_130_131_132_133_134_135_136_137_138_139_140_141_142_143_144_145_146_147_148_149_150_151_152_153_154_155_156_157_158_159_160_161_162_163_164_165_166_167_168_169_170_171_172_173_174_175_176_177_178_179_180_181_182_183_184_185_186_187_188_189_190_191_192_193_194_195_196_197_198_199_200_201_202_203_204_205_206_207_208_209_210_211_212_213_214_215_216_217_218_219_220_221_222_223_224_225_226_227_228_229_230_231_232_233_234_235_236_237_238_239_240_241_242_243_244_245_246_247_248_249_250_251_252_254_255_256_257_258_259_262_263_264_265_269_270_271_276_277_278_279_280_281_282_283_284_285_286_287_288  3.04e+09  2.74e+09 117892.73  46296.63  13960.72    844.61     83.71     21.44  -5030.35  -1910.07      0.00 0
7800 2212      64_68_76_77_78_86_87_91_92_97_98_107_108_109_118_119_124_125_126_132_133_134_140_141_147_148_149_155_156_162_279_280  3.05e+09  2.73e+09  -3999.52  -1478.67   4139.43    783.52     45.85    200.29   1223.26   -460.23      0.00 5
386 2212      0_1_2_3_4_5_6_7_8_9_10_11_12_13_14_15_16_17_18_19_20_21_22_23_24_25_26_27_28_29_30_31_32_33_34_35_36_37_38_39_40_41_42_43_44_45_46_48_49_50_51_52_53_54_55_56_57_58_59_60_61_62_63_64_65_66_67_68_70_71_72_73_74_75_76_77_78_79_80_81_82_83_84_85_86_87_88_89_90_91_92_93_94_95_96_97_98_101_102_103_104_105_106_107_108_109_110_111_112_113_114_115_116_117_118_119_120_121_122_123_124_125_126_127_128_129_130_131_132_133_134_135_136_137_138_139_140_141_142_143_144_145_146_147_148_149_150_151_152_153_154_155_156_157_158_159_160_161_162_165_166_167_168_169_170_171_172_173_174_175_176_177_178_179_180_181_182_183_184_185_186_187_188_189_190_191_192_193_194_196_197_198_199_200_201_202_203_204_205_206_207_208_209_210_211_212_213_214_215_216_217_218_219_220_222_223_224_225_226_227_228_229_231_232_233_234_235_236_237_239_240_241_242_243_244_245_247_248_249_250_251_252_254_255_256_257_258_259_261_262_263_264_265_267_268_269_270_271_272_273_274_275_276_277_278_279_280_281_282_283_284_285_286_287_288  3.11e+09  2.67e+09  56738.43 236332.56  13588.49    727.15     86.80     76.50   5788.95   -975.29      0.00 0
22248 2212      39_47_69_70_99_100_101_163_164_165_195_196_222_223_231  3.12e+09  2.78e+09  10693.18  12739.12   7911.77    757.13     64.56     49.99  -6044.48     66.43      0.00 0
8052 2212      29_30_36_37_38_43_44_45_46_51_52_53_54_56_57_58_59_60_61_62_63_64_65_66_67_68_72_73_74_75_76_77_78_79_80_82_83_84_85_86_87_88_89_90_91_92_93_94_95_96_97_98_102_103_104_105_106_107_108_109_110_111_114_115_116_117_118_119_120_121_122_123_124_125_126_127_128_129_130_131_132_133_134_135_136_137_138_139_140_141_142_143_144_145_146_147_148_149_150_151_152_153_154_155_156_157_158_159_160_161_162_165_166_167_168_169_170_171_172_173_174_178_179_180_181_182_183_184_185_186_187_188_189_190_191_192_193_194_197_198_199_200_201_202_203_204_208_209_210_211_212_213_214_215_216_217_218_219_220_222_223_224_225_230_231_232_233_238_239_240_246_277_278_279_280_281_282_283_284_285_286_287_288  3.12e+09  2.75e+09 -21602.53  12237.06   8914.06    823.03     70.25    150.47  -1267.44    726.67      0.00 0
23478 2212      77_86_87_91_92_97_98_107_108_109_118_119_124_125_126_132_133_134_139_140_141_147_148_149_154_155_156_161_162_172_173_182_183_188_194_277_278_279_280  3.21e+09  2.84e+09   1826.63   3099.77   3324.73    891.27     47.26     59.49   1182.14    138.48      0.00 15
17624 2212      15_21_22_28_29_30_36_37  3.21e+09  2.89e+09  -7891.37  -2834.85   5370.75    859.96     57.36    199.76   2549.22  -4510.56      0.00 0
11162 2212      0_1_2_3_4_5_6_7_8_9_10_11_12_13_14_15_16_17_18_19_20_21_22_24_25_26_27_28_29_32_33_34_35_36_40_41_42_43_44_48_49_50_51_52_53_56_57_58_59_60_61_62_63_64_65_66_67_68_70_71_72_73_74_75_76_77_78_82_83_84_85_86_87_88_89_90_91_92_93_94_95_96_97_98_100_101_102_103_104_105_106_107_108_109_110_114_115_116_117_118_119_120_121_122_123_124_125_126_127_128_129_130_131_132_133_134_135_136_137_138_139_140_141_142_143_144_145_146_147_148_149_150_151_152_153_154_155_156_157_158_159_160_161_162_164_165_166_167_168_169_170_171_172_173_174_178_179_180_181_182_183_184_185_186_187_188_189_190_191_192_193_194_196_197_198_199_200_201_202_203_204_208_209_210_211_212_213_214_215_216_217_218_219_220_222_223_224_225_226_230_231_232_233_234_238_239_240_241_242_246_247_248_249_250_253_254_255_256_260_261_262_263_266_267_268_269_272_273_274_277_278_279_280_281_282_283_284_285_286_287_288  3.22e+09  2.81e+09 -21553.08  87287.92  14031.22    718.45     81.13    103.87  -1313.45  -1630.75      0.00 0
21978 2212      48_49_50_51_56_57_58_59_60_61_62_63_64_65_66_67_68_69_70_71_72_73_74_75_76_77_78_82_83_84_85_86_87_88_89_90_91_92_93_94_95_96_97_98_99_100_101_102_103_104_105_106_107_108_109_110_114_115_116_117_118_119_120_121_122_123_124_125_126_127_128_129_130_131_132_133_134_135_136_137_138_139_140_141_142_143_144_145_146_147_148_149_150_151_152_153_154_155_156_157_158_159_160_161_162_163_164_165_166_167_168_169_170_171_172_173_174_178_179_180_181_182_183_184_185_186_187_188_189_190_191_192_193_194_195_196_197_198_199_200_201_202_203_204_208_209_210_211_212_213_214_215_216_217_218_219_220_221_222_223_224_225_230_231_232_233_238_239_246_277_278_279_280_281_282_283_284_285_286_287_288  3.23e+09  2.75e+09  45619.79  -8315.20  11544.50    755.71     76.02    349.67  -6774.94   1284.59      0.00 0
23682 2212      0_1_2_3_4_5_6_7_8_9_10_11_12_13_14_15_16_17_18_19_20_21_22_23_24_25_26_27_28_29_30_31_32_33_34_35_36_37_38_39_40_41_42_43_44_45_46_47_48_49_50_51_52_53_54_55_56_57_58_59_60_61_62_63_64_65_66_67_68_69_70_71_72_73_74_75_76_77_78_79_80_81_82_83_84_85_86_87_88_89_90_91_92_93_94_95_96_97_98_99_100_101_102_103_104_105_106_107_108_109_110_111_112_113_114_115_116_117_118_119_120_121_122_123_124_125_126_127_128_129_130_131_132_133_134_135_136_137_138_139_140_141_142_143_144_145_146_147_148_149_150_151_152_153_154_155_156_157_158_159_160_161_162_163_164_165_166_167_168_169_170_171_172_173_174_175_176_177_178_179_180_181_182_183_184_185_186_187_188_189_190_191_192_193_194_195_196_197_198_199_200_201_202_203_204_205_206_207_208_209_210_211_212_213_214_215_216_217_218_219_220_221_222_223_224_225_226_227_228_229_230_231_232_233_234_235_236_237_238_239_240_241_242_243_244_245_246_247_248_249_250_251_252_253_254_255_256_257_258_259_260_261_262_263_264_265_266_267_268_269_270_271_272_273_274_275_276_277_278_279_280_281_282_283_284_285_286_287_288  3.23e+09  2.75e+09 -197214.70 164955.58  13069.47    742.70     87.09    140.09    -78.19  -5368.91      0.00 0
9864 2212      4_9_10_15_16_21_22_23_28_29_35_36_37_43_44_45_51_52_53_56_57_58_59_60_61_62_63_64_65_66_67_68_73_74_75_76_77_78_79_82_83_84_85_86_87_88_89_90_91_92_93_94_95_96_97_98_104_105_106_107_108_109_110_114_115_116_117_118_119_120_121_122_123_124_125_126_128_129_130_131_132_133_134_135_136_137_138_139_140_141_143_144_145_146_147_148_149_150_151_152_153_154_155_156_157_158_159_160_161_162_167_168_169_170_171_172_173_174_178_179_180_181_182_183_184_185_186_187_188_189_190_191_192_193_194_199_200_201_202_203_204_208_209_210_211_212_213_214_215_216_217_218_219_220_225_226_233_234_241_242_249_277_278_279_280_281_282_283_284_285_286_287_288  3.26e+09  2.81e+09  10741.62 -23278.99   9437.93    746.57     69.79    294.77   2557.69  -3606.66      0.00 0
16506 2212      88_89_93_94_95_96_97_101_102_103_104_105_106_107_108_109_114_115_116_117_118_119_120_121_122_123_124_125_126_127_128_129_130_131_132_133_134_135_136_137_138_139_140_141_142_143_144_145_146_147_148_149_150_151_152_153_154_155_156_157_158_159_160_161_162_164_165_166_167_168_169_170_171_172_173_174_175_178_179_180_181_182_183_184_185_186_187_188_189_190_191_192_193_194_196_197_198_199_200_201_202_203_204_205_206_208_209_210_211_212_213_214_215_216_217_218_219_220_222_223_224_225_226_227_228_229_231_232_233_234_235_236_237_240_241_242_243_244_245_249_250_251_252_277_278_279_281_283_284_285_286_287_288  3.26e+09  2.90e+09  27008.06   3024.67   9623.84    750.31     70.50      6.39   2081.97   1983.70      0.00 0
13168 2212      102_120_127_135_142  3.27e+09  2.98e+09   1971.89   1061.75   2714.88    846.72     39.52     28.30  -1859.80   -193.91      0.00 10
7938 2212      215_219_220_225_234_242  3.27e+09  2.88e+09    -43.31  -5064.68   4382.68    808.03     49.13    269.51    304.52   2403.01      0.00 5
18976 2212      11_12_17_18_19_20_21_22_23_24_25_26_27_28_29_30_31_32_33_34_35_36_37_38_39_40_41_42_43_44_45_46_47_48_49_50_51_52_53_54_55_56_57_58_59_60_61_62_63_64_65_66_67_68_69_70_71_72_73_74_75_76_77_78_79_80_81_82_83_84_85_86_87_88_89_90_91_92_93_94_95_96_97_98_99_100_101_102_103_104_105_106_107_108_109_110_111_112_113_114_115_116_117_118_119_120_121_122_123_124_125_126_127_128_129_130_131_132_133_134_135_136_137_138_139_140_141_142_143_144_145_146_147_148_149_150_151_152_153_154_155_156_157_158_159_160_161_162_163_164_165_166_167_168_169_170_171_172_173_174_175_176_177_178_179_180_181_182_183_184_185_186_187_188_189_190_191_192_193_194_195_196_197_198_199_200_201_202_203_204_205_206_207_208_209_210_211_212_213_214_215_216_217_218_219_220_221_222_223_224_225_226_227_228_229_230_231_232_233_234_235_236_237_238_239_240_241_242_243_246_247_277_278_279_280_281_282_283_284_285_286_287_288  3.29e+09  2.90e+09  87048.15  -1382.66  12747.11    918.18     81.67    359.09  -1752.75   -802.43      0.00 0
22580 2212      0_1_2_3_4_5_6_7_8_9_10_11_12_13_14_15_16_17_18_19_20_21_22_23_24_25_26_27_28_29_30_31_32_33_34_35_36_37_38_39_40_41_42_43_44_45_46_48_49_50_51_52_53_54_55_56_57_58_59_60_61_62_63_64_65_66_67_68_70_71_72_73_74_75_76_77_78_79_80_81_82_83_84_85_86_87_88_89_90_91_92_93_94_95_96_97_98_100_101_102_103_104_105_106_107_108_109_110_111_112_113_114_115_116_117_118_119_120_121_122_123_124_125_126_127_128_129_130_131_132_133_134_135_136_137_138_139_140_141_142_143_144_145_146_147_148_149_150_151_152_153_154_155_156_157_158_159_160_161_162_164_165_166_167_168_169_170_171_172_173_174_175_176_177_178_179_180_181_182_183_184_185_186_187_188_189_190_191_192_193_194_195_196_197_198_199_200_201_202_203_204_205_206_207_208_209_210_211_212_213_214_215_216_217_218_219_220_221_222_223_224_225_226_227_228_229_230_231_232_233_234_235_236_237_238_239_240_241_242_243_244_245_246_247_248_249_250_251_252_253_254_255_256_257_258_259_260_261_262_263_264_265_266_267_268_269_270_271_272_273_274_275_276_277_278_279_280_281_282_283_284_285_286_287_288  3.31e+09  2.82e+09  30774.36 -170524.34  14581.10    756.95     85.19    280.23   1797.04  -2064.61      0.00 0
1164 2212      0_5_6_11_12_17_18_19_24_25_26_27_32_33_34_40_41_42_43_49_50_51_56_57_58_59_60_61_62_63_64_65_66_67_68_71_72_73_74_75_76_77_78_82_83_84_85_86_87_88_89_90_91_92_93_94_95_96_97_98_101_102_103_104_105_106_107_108_109_114_115_116_117_118_119_120_121_122_123_124_125_126_127_128_129_130_131_132_133_134_135_136_137_138_139_140_141_142_143_144_145_146_147_148_149_150_151_152_153_154_155_156_157_158_159_160_161_162_166_167_168_169_170_171_172_173_174_178_179_180_181_182_183_184_185_186_187_188_189_190_191_192_193_194_197_198_199_200_201_202_203_204_208_209_210_211_212_213_214_215_216_217_218_219_220_224_225_226_232_233_234_235_241_242_243_248_249_250_251_256_257_258_263_264_265_269_270_271_275_276_277_278_279_280_281_282_283_284_285_286_287_288  3.32e+09  2.97e+09 -17632.51 -31941.23  10911.30    714.48     73.35    241.10  -2186.13  -2290.22      0.00 0
11546 2212      223_224_232_239_240_246_247_253_254  3.35e+09  2.96e+09  -8063.67   6483.36   6470.44    754.57     57.98    141.20  -3573.17   3687.30      0.00 0
19314 2212      0_1_2_3_4_5_6_7_8_9_10_11_12_13_14_15_16_17_18_19_20_21_22_23_25_26_27_28_29_30_33_34_35_36_37_38_43_44_45_46_53_54_55  3.37e+09  3.04e+09 -36120.57  -3719.96  10343.64    809.25     74.10    185.88   2809.74  -4764.45      0.00 0
1094 2212      87_92_98_108_109_119_125_126_133_134_140_141_148_149_156  3.39e+09  3.01e+09    121.11   1985.75   2793.22    794.39     35.46     86.51   1253.83   -231.97      0.00 14
12798 2212      0_1_2_3_4_5_6_7_8_9_10_11_12_13_14_15_16_17_18_19_20_21_22_23_24_25_26_27_28_29_30_31_32_33_34_35_36_37_38_39_40_41_42_43_44_45_46_47_48_49_50_51_52_53_54_55_56_57_58_59_60_61_62_63_64_65_66_67_68_69_70_71_72_73_74_75_76_77_78_79_80_81_82_83_84_85_86_87_88_89_90_91_92_93_94_95_96_97_98_99_100_101_102_103_104_105_106_107_108_109_110_111_112_113_114_115_116_117_118_119_120_121_122_123_124_125_126_127_128_129_130_131_132_133_134_135_136_137_138_139_140_141_142_143_144_145_146_147_148_149_150_151_152_153_154_155_156_157_158_159_160_161_162_163_164_165_166_167_168_169_170_171_172_173_174_175_176_177_178_179_180_181_182_183_184_185_186_187_188_189_190_191_192_193_194_195_196_197_198_199_200_201_202_203_204_205_206_207_208_209_210_211_212_213_214_215_216_217_218_219_220_222_223_224_225_226_227_228_229_232_233_234_235_236_237_243_244_245_252_277_278_279_280_281_282_283_284_285_286_287_288  3.39e+09  2.97e+09 -143400.52 -22815.04  14083.88    843.27     84.46    189.04   4112.88  -3069.27      0.00 0
302 2212      0_1_2_3_4_5_6_7_8_9_10_11_12_13_14_15_16_17_18_19_20_21_22_23_24_25_26_27_28_29_30_31_32_33_34_35_36_37_38_39_40_41_42_43_44_45_46_47_48_49_50_51_52_53_54_55_56_57_58_59_60_61_62_63_64_65_66_67_68_69_70_71_72_73_74_75_76_77_78_79_80_81_82_83_84_85_86_87_88_89_90_91_92_93_94_95_96_97_98_99_100_101_102_103_104_105_106_107_108_109_110_111_112_113_114_115_116_117_118_119_120_121_122_123_124_125_126_127_128_129_130_131_132_133_134_135_136_137_138_139_140_141_142_143_144_145_146_147_148_149_150_151_152_153_154_155_156_157_158_159_160_161_162_163_164_165_166_167_168_169_170_171_172_173_174_175_176_177_178_179_180_181_182_183_184_185_186_187_188_189_190_191_192_193_194_195_196_197_198_199_200_201_202_203_204_205_206_207_208_209_210_211_212_213_214_215_216_217_218_219_220_221_222_223_224_225_226_227_228_229_230_231_232_233_234_235_236_237_238_239_240_241_242_243_244_245_246_247_248_249_250_251_252_253_254_255_256_257_258_259_260_261_262_263_264_265_266_267_268_269_270_272_273_274_275_277_278_279_280_281_282_283_284_285_286_287_288  3.39e+09  3.07e+09 180705.41 -62857.56  13412.35    909.91     85.99    340.82   4284.47  -3443.55      0.00 0
19250 2212      111_112_174_175_176_204_205_206_226_227_228_234_235_236_241_242_243_244_249_250_251_255_256_257_262_263_264_268_269_273_274  3.41e+09  3.01e+09  15859.19 -13971.92   8432.39    809.10     68.25    318.62   3289.00   2257.46      0.00 0
20360 2212      2_3_4_8_9_10_14_15_16_20_21_22_23_27_28_29_30_34_35_36_37_38_42_43_44_45_46_51_52_53_54_55_56_57_58_59_60_61_62_63_64_65_66_67_68_72_73_74_75_76_77_78_79_80_81_82_83_84_85_86_87_88_89_90_91_92_93_94_95_96_97_98_103_104_105_106_107_108_109_110_111_112_113_114_115_116_117_118_119_120_121_122_123_124_125_126_127_128_129_130_131_132_133_134_135_136_137_138_139_140_141_142_143_144_145_146_147_148_149_150_151_152_153_154_155_156_157_158_159_160_161_162_167_168_169_170_171_172_173_174_175_176_177_178_179_180_181_182_183_184_185_186_187_188_189_190_191_192_193_194_198_199_200_201_202_203_204_205_206_207_208_209_210_211_212_213_214_215_216_217_218_219_220_224_225_226_227_228_229_232_233_234_235_236_237_240_241_242_243_244_245_248_249_250_251_252_254_255_256_257_258_259_261_262_263_264_265_267_268_269_270_271_272_273_274_275_276_277_278_279_280_281_282_283_284_285_286_287_288  3.41e+09  3.07e+09  27791.39 -130524.15  13625.96    912.43     84.17    282.02   2809.45   6421.89      0.00 0
11810 2212      0_1_2_3_5_6_7_8_9_11_12_13_14_15_17_18_19_20_21_24_25_26_27_28_31_32_33_34_35_39_40_41_42_43_47_48_49_50_51_52_56_57_58_59_60_61_62_63_64_65_66_67_68_69_70_71_72_73_74_75_76_77_78_82_83_84_85_86_87_88_89_90_91_92_93_94_95_96_97_98_99_100_101_102_103_104_105_106_107_108_109_114_115_116_117_118_119_120_121_122_123_124_125_126_127_128_129_130_131_132_133_134_135_136_137_138_139_140_141_142_143_144_145_146_147_148_149_150_151_152_153_154_155_156_157_158_159_160_161_162_163_164_165_166_167_168_169_170_171_172_173_178_179_180_181_182_183_184_185_186_187_188_189_190_191_192_193_194_195_196_197_198_199_200_201_202_203_204_208_209_210_211_212_213_214_215_216_217_218_219_220_221_222_223_224_225_226_230_231_232_233_234_238_239_240_241_242_246_247_248_249_250_253_254_255_256_257_260_261_262_263_266_267_268_269_272_273_274_275_277_278_279_280_281_282_283_284_285_286_287_288  3.44e+09  2.95e+09  13720.90 -131873.91  14989.05    698.62     83.55    275.94  -3846.29  -1703.60      0.00 0
11190 2212      0_1_2_5_6_7_8_9_10_11_12_13_14_15_16_17_18_19_20_21_22_23_24_25_26_27_28_29_30_31_32_33_34_35_36_37_38_39_40_41_42_43_44_45_46_47_48_49_50_51_52_53_54_55_56_57_58_59_60_61_62_63_64_65_66_67_68_69_70_71_72_73_74_75_76_77_78_79_80_81_82_83_84_85_86_87_88_89_90_91_92_93_94_95_96_97_98_99_100_101_102_103_104_105_106_107_108_109_110_111_112_113_114_115_116_117_118_119_120_121_122_123_124_125_126_127_128_129_130_131_132_133_134_135_136_137_138_139_140_141_142_143_144_145_146_147_148_149_150_151_152_153_154_155_156_157_158_159_160_161_162_163_164_165_166_167_168_169_170_171_172_173_174_175_176_177_178_179_180_181_182_183_184_185_186_187_188_189_190_191_192_193_194_195_196_197_198_199_200_201_202_203_204_205_206_207_208_209_210_211_212_213_214_215_216_217_218_219_220_221_222_223_224_225_226_227_228_229_230_231_232_233_234_235_236_237_238_239_240_241_242_243_244_245_246_247_248_249_250_251_252_253_254_255_256_257_258_259_260_261_262_263_264_265_266_267_268_277_278_279_280_281_282_283_284_285_286_287_288  3.47e+09  3.01e+09 139808.09   4320.37  14158.64    828.13     84.22      1.77    141.04   -250.43      0.00 0
5322 2212      239_240_247_254_260  3.48e+09  3.03e+09    983.78  -7266.66   5622.71    738.49     52.52    277.71  -3604.82   3686.51      0.00 0
11860 2212      23_30_37_38_45_46_53_54_55_78_79_80_81_109_110_111_112_113_119_126_133_134_140_141_147_148_149_155_156_161_162_171_172_173_174_175_176_177_181_182_183_187_188_192_193_194_201_202_203_204_205_206_207_210_211_214_215_216_218_219_220_225_226_227_228_229_233_234_235_236_237_241_242_243_244_245_248_249_250_251_252_255_256_257_258_259_261_262_263_264_265_267_268_269_270_271_272_273_274_275_276_277_288  3.48e+09  3.03e+09 -37419.39  43412.01  12360.16    748.07     77.83    130.76   2615.92   3548.87      0.00 0
13018 2212      0_1_2_5_6_7_8_12_13_14_18_19_20_21_26_27_28_33_34_35_36_41_42_43_44_45_50_51_52_53_56_57_58_59_60_61_62_63_64_65_66_67_68_73_74_75_76_77_78_79_80_82_83_84_85_86_87_88_89_90_91_92_93_94_95_96_97_98_103_104_105_106_107_108_109_110_111_114_115_116_117_118_119_121_122_123_124_125_126_128_129_130_131_132_133_134_136_137_138_139_140_141_144_145_146_147_148_149_152_153_154_155_156_158_159_160_161_162_169_170_171_172_173_174_175_180_181_182_183_185_186_187_188_191_192_193_194_201_202_203_204_205_206_210_211_214_215_216_219_220_226_227_228_235_236_237_243_244_245_251_252_258_259_265_277_278_279_280_281_282_283_284_287_288  3.49e+09  3.01e+09  20295.21  29629.31  10719.98    736.17     73.38     55.59   2715.92    262.04      0.00 0
2636 2212      1_2_6_7_8_13_14_15_19_20_21_22_26_27_28_29_34_35_36_37_42_43_44_45_46_51_52_53_54_57_58_59_61_62_63_64_66_67_68_75_76_77_78_79_80_81_84_85_86_87_90_91_92_96_97_98_106_107_108_109_110_111_112_113_117_118_119_124_125_126_131_132_133_134_139_140_141_147_148_149_154_155_156_161_162_172_173_174_175_176_177_182_183_188_194_203_204_205_206_207_226_227_228_229_235_236_237_243_244_245_251_252_259_265_277_278_279_280_282  3.54e+09  3.18e+09 -31825.55 -40341.55  11721.30    789.10     77.15    231.73   5240.71   1380.33      0.00 0
13562 2212      2_3_7_8_9_14_15_21_22  3.58e+09  3.12e+09  -9741.63  -5672.04   6967.53    710.55     58.28    210.21    812.15  -6394.21      0.00 0
21900 2212      3_4_8_9_10_14_15_16_20_21_22_23_27_28_29_30_35_36_37_38_42_43_44_45_46_51_52_53_54_55_56_57_58_59_60_61_62_63_64_65_66_67_68_73_74_75_76_77_78_79_80_81_82_83_84_85_86_87_88_89_90_91_92_93_94_95_96_97_98_103_104_105_106_107_108_109_110_111_112_113_114_115_116_117_118_119_120_121_122_123_124_125_126_127_128_129_130_131_132_133_134_135_136_137_138_139_140_141_142_143_144_145_146_147_148_149_150_151_152_153_154_155_156_157_158_159_160_161_162_167_168_169_170_171_172_173_174_175_176_177_178_179_180_181_182_183_184_185_186_187_188_189_190_191_192_193_194_198_199_200_201_202_203_204_205_206_207_208_209_210_211_212_213_214_215_216_217_218_219_220_224_225_226_227_228_229_232_233_234_235_236_237_240_241_242_243_244_245_248_249_250_251_252_254_255_256_257_258_259_261_262_263_264_265_267_268_269_270_271_272_273_274_275_276_277_278_279_280_281_282_283_284_285_286_287_288  3.58e+09  3.13e+09  39525.18 -132923.47  14330.72    800.01     84.10    286.56   3272.28   5208.14      0.00 0
418 2212      6_7_11_12_13_17_18_19_24_25_26_31_32_33  3.62e+09  3.16e+09 -11474.01   4703.49   6674.26    819.05     61.71    157.71  -3572.44  -4524.93      0.00 0
10736 2212      240_247_248_255_261_262  3.65e+09  3.19e+09   5730.17   5664.54   5856.20    740.56     53.99     44.67  -1812.09   4863.00      0.00 0
7636 2212      228_236_243_244_250_251_252_257_258_259_263_264_265_269_270_275_276  3.65e+09  3.23e+09  -8781.21  12843.85   7538.14    787.27     64.15    124.36   2437.59   6093.18      0.00 0
6736 2212      59_64_68_76_77_86_87_91_92_97_98_108_109_118_119_125_279  3.66e+09  3.22e+09    800.82  -1930.48   3410.56    702.81     31.50    292.53   1083.05   -988.33      0.00 1
2008 2212      233_240_241_248_255  3.68e+09  3.29e+09   4260.67  -4269.60   5041.59    756.85     50.11    314.94  -1526.71   3670.17      0.00 0
24682 2212      51_56_57_58_59_60_61_62_63_64_65_66_67_68_73_74_75_76_77_78_82_83_84_85_86_87_88_89_90_91_92_93_94_95_96_97_98_104_105_106_107_108_109_110_114_115_116_117_118_119_121_122_123_124_125_126_128_129_130_131_132_133_134_136_137_138_139_140_141_143_144_145_146_147_148_149_151_152_153_154_155_156_157_158_159_160_161_162_168_169_170_171_172_173_174_178_179_180_181_182_183_184_185_186_187_188_189_190_191_192_193_194_199_200_201_202_203_204_205_208_209_210_211_212_213_214_215_216_217_218_219_220_225_226_227_233_234_235_236_241_242_243_244_249_250_251_252_256_257_258_259_263_264_265_269_270_271_274_275_276_277_278_279_280_281_282_283_284_285_286_287_288  3.68e+09  3.18e+09 -14529.36 -41722.65  11130.07    796.48     75.86    250.80   3166.23   7004.36      0.00 0
10822 2212      46_54_55_80_81_112  3.69e+09  3.33e+09 -10325.01   1032.39   6346.27    779.66     58.55    174.29   6037.40  -1789.38      0.00 0
15926 2212      0_1_5_6_7_11_12_13_17_18_19_20_24_25_26_27_28_31_32_33_34_35_39_40_41_42_43_44_48_49_50_51_52_56_57_58_59_60_61_62_63_64_65_66_67_68_70_71_72_73_74_75_76_77_78_79_82_83_84_85_86_87_88_89_90_91_92_93_94_95_96_97_98_101_102_103_104_105_106_107_108_109_110_111_114_115_116_117_118_119_120_121_122_123_124_125_126_127_128_129_130_131_132_133_134_135_136_137_138_139_140_141_142_143_144_145_146_147_148_149_150_151_152_153_154_155_156_157_158_159_160_161_162_165_166_167_168_169_170_171_172_173_174_175_178_179_180_181_182_183_184_185_186_187_188_189_190_191_192_193_194_197_198_199_200_201_202_203_204_205_206_208_209_210_211_212_213_214_215_216_217_218_219_220_223_224_225_226_227_228_232_233_234_235_236_237_240_241_242_243_244_245_248_249_250_251_252_255_256_257_258_259_262_263_264_265_268_269_270_271_273_274_275_276_277_278_279_280_281_282_283_284_285_286_287_288  3.69e+09  3.21e+09 -50153.10 -78785.28  13724.62    781.08     81.64    237.52   3130.51   5772.23      0.00 0
23578 2212      10_16_22_23_29_30_37_38_45_46_54_55_80_81_111_112_113_176_177_206_207_229_237  3.71e+09  3.31e+09   8693.06  19897.63   8803.78    756.34     67.93     66.40   6684.87   -157.63      0.00 0
17602 2212      42_43_49_50_51_52_53_54_56_57_58_59_60_61_62_63_64_65_66_67_68_70_71_72_73_74_75_76_77_78_79_80_81_82_83_84_85_86_87_88_89_90_91_92_93_94_95_96_97_98_100_101_102_103_104_105_106_107_108_109_110_111_112_113_114_115_116_117_118_119_120_121_122_123_124_125_126_127_128_129_130_131_132_133_134_135_136_137_138_139_140_141_142_143_144_145_146_147_148_149_150_151_152_153_154_155_156_157_158_159_160_161_162_164_165_166_167_168_169_170_171_172_173_174_175_176_177_178_179_180_181_182_183_184_185_186_187_188_189_190_191_192_193_194_196_197_198_199_200_201_202_203_204_205_206_207_208_209_210_211_212_213_214_215_216_217_218_219_220_224_225_226_227_277_278_279_280_281_282_283_284_285_286_287_288  3.71e+09  3.25e+09 -26443.46   -475.42   9730.87    715.54     69.80    181.03  -1124.69   -158.89      0.00 0
20540 2212      0_1_2_3_4_5_6_7_8_9_10_11_12_13_14_15_16_17_18_19_20_21_22_23_25_26_27_28_29_30  3.73e+09  3.32e+09 -39835.09   4095.48  10842.49    783.72     74.85    174.13   1986.64  -6616.71      0.00 0
5512 2212      0_1_2_3_4_5_6_7_8_9_10_11_12_13_14_15_16_17_18_19_20_21_22_23_25_26_27_28_29_30_33_34_35_36_37_38_42_43_44_45_46_51_52_53_54_55_79_80_81_111_112_113_176_177_207  3.76e+09  3.38e+09  98127.99  48625.80  13893.24    815.14     82.77     26.36   3181.47  -6384.52      0.00 0
19650 2212      0_5_11_12_17_18_19_24_25_26_31_32_33_34_39_40_41_42_47_48_49_50_51_56_57_58_59_60_61_62_63_64_65_66_67_68_69_70_71_72_73_74_75_76_77_82_83_84_85_86_87_88_89_90_91_92_93_94_95_96_97_98_99_100_101_102_103_104_105_106_107_108_109_114_115_116_117_118_119_120_121_122_123_124_125_126_127_128_129_130_131_132_133_134_135_136_137_138_139_140_141_142_143_144_145_146_147_148_149_150_151_152_153_154_155_156_157_158_159_160_161_162_163_164_165_166_167_168_169_170_171_172_173_174_178_179_180_181_182_183_184_185_186_187_188_189_190_191_192_193_194_195_196_197_198_199_200_201_202_203_204_208_209_210_211_212_213_214_215_216_217_218_219_220_221_222_223_224_225_226_227_230_231_232_233_234_235_236_238_239_240_241_242_243_244_246_247_248_249_250_251_252_253_254_255_256_257_258_259_260_261_262_263_264_265_266_267_268_269_270_271_272_273_274_275_276_277_278_279_280_281_282_283_284_285_286_287_288  3.91e+09  3.63e+09  74842.82  84238.25  13416.73    907.06     83.21     48.38   -943.58   4619.62      0.00 0
2236 2212      143_150_151_157_158_167_168_169_178_179_184_185_189_190_198_199_208_212_285  3.97e+09  3.59e+09   2607.22   -925.31   3359.67    780.82     39.47    340.46  -1140.27    769.84      0.00 2
11172 2212      202_210_211_214_215_216_219_220_225_234  3.97e+09  3.51e+09    369.98   2686.93   3189.18    808.27     40.38     82.16    526.38   1950.73      0.00 14
16456 2212      55_80_81_111_112_175_176_205_206_207_227_228_229_235_236_237_243_244_245_251_252_258_259_264_265_270_271_276  3.97e+09  3.55e+09  -7792.09  17330.09   8198.97    785.16     66.66    114.21   4084.23   3784.79      0.00 0
2576 2212      0_1_2_3_4_5_6_7_8_9_11_12_13_14_15_17_18_19_20_21_22_24_25_26_27_28_31_32_33_34_35_36_39_40_41_42_43_44_48_49_50_51_52_56_57_58_59_60_61_62_63_64_65_66_67_68_70_71_72_73_74_75_76_77_78_82_83_84_85_86_87_88_89_90_91_92_93_94_95_96_97_98_100_101_102_103_104_105_106_107_108_109_114_115_116_117_118_119_120_121_122_123_124_125_126_127_128_129_130_131_132_133_134_135_136_137_138_139_140_141_142_143_144_145_146_147_148_149_150_151_152_153_154_155_156_157_158_159_160_161_162_164_165_166_167_168_169_170_171_172_173_178_179_180_181_182_183_184_185_186_187_188_189_190_191_192_193_194_195_196_197_198_199_200_201_202_203_208_209_210_211_212_213_214_215_216_217_218_219_220_221_222_223_224_225_230_231_232_233_234_238_239_240_241_246_247_248_249_253_254_255_256_260_261_262_266_267_268_272_273_277_278_279_280_281_282_283_284_285_286_287_288  3.97e+09  3.49e+09 -19938.49  70320.57  12349.56    894.26     80.41    105.83  -2605.90   -291.24      0.00 0
8114 2212      0_1_2_5_6_7_8_11_12_13_14_15_17_18_19_20_21_22_24_25_26_27_28_29_30_31_32_33_34_35_36_37_38_39_40_41_42_43_44_45_46_47_48_49_50_51_52_53_54_55_56_57_58_59_60_61_62_63_64_65_66_67_68_69_70_71_72_73_74_75_76_77_78_79_80_81_82_83_84_85_86_87_88_89_90_91_92_93_94_95_96_97_98_99_100_101_102_103_104_105_106_107_108_109_110_111_112_113_114_115_116_117_118_119_120_121_122_123_124_125_126_127_128_129_130_131_132_133_134_135_136_137_138_139_140_141_142_143_144_145_146_147_148_149_150_151_152_153_154_155_156_157_158_159_160_161_162_163_164_165_166_167_168_169_170_171_172_173_174_175_176_177_178_179_180_181_182_183_184_185_186_187_188_189_190_191_192_193_194_195_196_197_198_199_200_201_202_203_204_205_206_207_208_209_210_211_212_213_214_215_216_217_218_219_220_223_224_225_226_227_228_229_232_233_234_235_236_237_241_242_243_244_245_250_251_252_258_259_265_277_278_279_280_281_282_283_284_285_286_287_288  3.97e+09  3.38e+09 102129.93  48976.31  14509.72    730.92     82.70     25.62  -3346.47  -3326.48      0.00 0
21706 2212      11_12_13_17_18_19_20_21_24_25_26_27_28_29_30_31_32_33_34_35_36_37_38_39_40_41_42_43_44_45_46_47_48_49_50_51_52_53_54_55_56_57_58_59_60_61_62_63_64_65_66_67_68_69_70_71_72_73_74_75_76_77_78_79_80_81_82_83_84_85_86_87_88_89_90_91_92_93_94_95_96_97_98_99_100_101_102_103_104_105_106_107_108_109_110_111_112_113_114_115_116_117_118_119_120_121_122_123_124_125_126_127_128_129_130_131_132_133_134_135_136_137_138_139_140_141_142_143_144_145_146_147_148_149_150_151_152_153_154_155_156_157_158_159_160_161_162_163_164_165_166_167_168_169_170_171_172_173_174_175_176_177_178_179_180_181_182_183_184_185_186_187_188_189_190_191_192_193_194_195_196_197_198_199_200_201_202_203_204_205_206_207_208_209_210_211_212_213_214_215_216_217_218_219_220_221_222_223_224_225_226_227_228_229_230_231_232_233_234_235_236_237_238_239_240_241_242_243_244_245_246_247_248_249_250_251_252_253_254_255_256_257_258_259_260_261_262_263_264_265_267_268_269_270_271_273_274_275_276_277_278_279_280_281_282_283_284_285_286_287_288  3.97e+09  3.50e+09 -123335.83 -28496.99  14422.56    771.29     83.50    193.01  -6868.69   -717.35      0.00 0
4608 2212      0_1_2_3_4_5_6_7_8_9_10_11_12_13_14_15_16_17_18_19_20_21_22_23_24_25_26_27_28_29_30_31_32_33_34_35_36_37_38_39_40_41_42_43_44_45_46_47_48_49_50_51_52_53_54_56_57_58_59_60_61_62_63_64_65_66_67_68_69_70_71_72_73_74_75_76_77_78_79_80_82_83_84_85_86_87_88_89_90_91_92_93_94_95_96_97_98_99_100_101_102_103_104_105_106_107_108_109_110_111_114_115_116_117_118_119_120_121_122_123_124_125_126_127_128_129_130_131_132_133_134_135_136_137_138_139_140_141_142_143_144_145_146_147_148_149_150_151_152_153_154_155_156_157_158_159_160_161_162_163_164_165_166_167_168_169_170_171_172_173_174_175_178_179_180_181_182_183_184_185_186_187_188_189_190_191_192_193_194_195_196_197_198_199_200_201_202_203_204_205_208_209_210_211_212_213_214_215_216_217_218_219_220_221_222_223_224_225_226_230_231_232_233_234_235_238_239_240_241_242_246_247_248_249_253_254_255_256_260_261_262_266_267_268_272_273_277_278_279_280_281_282_283_284_285_286_287_288  3.97e+09  3.44e+09 -110300.35 144842.34  13976.71    835.73     85.61    127.29  -6158.45   -185.52      0.00 0
7684 2212      45_53_54_79_80_111_112  3.98e+09  3.47e+09   8612.93   2633.24   6367.50    703.81     54.74     17.00   4927.44  -1193.88      0.00 0
7994 2212      100_164_195_196_221_222_230  3.98e+09  3.64e+09   2260.03  -9530.87   6395.14    739.78     56.86    283.34  -6143.59    895.03      0.00 0
2632 2212      0_5_6_11_12_17_18_19_24_25_26_31_32_33_34_39_40_41_42_43_47_48_49_50_51_56_57_58_59_60_61_62_63_64_65_66_67_68_69_70_71_72_73_74_75_76_77_78_82_83_84_85_86_87_88_89_90_91_92_93_94_95_96_97_98_99_100_101_102_103_104_105_106_107_108_109_114_115_116_117_118_119_120_121_122_123_124_125_126_127_128_129_130_131_132_133_134_135_136_137_138_139_140_141_142_143_144_145_146_147_148_149_150_151_152_153_154_155_156_157_158_159_160_161_162_163_164_165_166_167_168_169_170_171_172_173_174_178_179_180_181_182_183_184_185_186_187_188_189_190_191_192_193_194_195_196_197_198_199_200_201_202_203_204_205_208_209_210_211_212_213_214_215_216_217_218_219_220_221_222_223_224_225_226_227_230_231_232_233_234_235_236_238_239_240_241_242_243_244_246_247_248_249_250_251_252_253_254_255_256_257_258_259_260_261_262_263_264_265_266_267_268_269_270_271_272_273_274_275_276_277_278_279_280_281_282_283_284_285_286_287_288  3.98e+09  3.40e+09 -66070.10 -103909.27  13768.36    870.70     83.62    237.55    -53.88   6218.84      0.00 0
5574 2212      2_3_4_8_9_10_14_15_16_20_21_22_23_27_28_29_30_35_36_37_38_43_44_45_46_51_52_53_54_55_56_57_58_59_60_61_62_63_64_65_66_67_68_73_74_75_76_77_78_79_80_81_83_84_85_86_87_88_89_90_91_92_94_95_96_97_98_104_105_106_107_108_109_110_111_112_113_115_116_117_118_119_121_122_123_124_125_126_129_130_131_132_133_134_136_137_138_139_140_141_143_144_145_146_147_148_149_151_152_153_154_155_156_157_158_159_160_161_162_168_169_170_171_172_173_174_175_176_177_178_179_180_181_182_183_184_185_186_187_188_189_190_191_192_193_194_199_200_201_202_203_204_205_206_207_208_209_210_211_212_213_214_215_216_217_218_219_220_225_226_227_228_229_233_234_235_236_237_241_242_243_244_245_249_250_251_252_256_257_258_259_262_263_264_265_268_269_270_271_273_274_275_276_277_278_279_280_281_282_283_284_285_286_287_288  3.98e+09  3.66e+09 -18073.14 124038.44  13794.28    870.47     83.72     98.29   4831.04   2412.18      0.00 0
4746 2212      16_22_23_29  3.90e+09  3.60e+09   4007.46  -2997.96   4028.23    882.02     51.17    323.20   4639.19  -5153.92      0.00 3
13364 2212      244_251_252_258_259_265  3.90e+09  3.39e+09  -3684.40  -6699.12   6046.69    684.67     51.66    241.19   4572.63   4826.76      0.00 0
18090 2212      29_37_45_53_54  3.90e+09  3.41e+09   4320.84   5901.51   5551.78    750.20     52.80     53.79   4388.04  -2354.99      0.00 0
24196 2212      4_10_16_22_23_29_30_37_38_45_46_53_54_55_79_80_81_111_112_113_175_176_177_205_206_207_227_228_229_236_237_244_245_252_259_265  3.90e+09  3.45e+09    510.59  35673.73  10459.84    776.59     73.66     89.18   5942.83   -326.86      0.00 0
5092 2212      1_2_3_4_7_8_9_10_13_14_15_16_19_20_21_22_23_26_27_28_29_30_34_35_36_37_38_42_43_44_45_46_50_51_52_53_54_56_57_58_59_60_61_62_63_64_65_66_67_68_72_73_74_75_76_77_78_79_80_82_83_84_85_86_87_88_89_90_91_92_93_94_95_96_97_98_103_104_105_106_107_108_109_110_111_112_114_115_116_117_118_119_120_121_122_123_124_125_126_127_128_129_130_131_132_133_134_135_136_137_138_139_140_141_142_143_144_145_146_147_148_149_150_151_152_153_154_155_156_157_158_159_160_161_162_167_168_169_170_171_172_173_174_175_178_179_180_181_182_183_184_185_186_187_188_189_190_191_192_193_194_198_199_200_201_202_203_204_205_206_208_209_210_211_212_213_214_215_216_217_218_219_220_224_225_226_227_228_233_234_235_236_241_242_243_244_248_249_250_251_252_255_256_257_258_259_262_263_264_265_268_269_270_271_273_274_275_276_277_278_279_280_281_282_283_284_285_286_287_288  3.90e+09  3.48e+09  -1217.92  66451.33  12726.49    772.50     79.16     91.05   1817.33   1923.85      0.00 0
23854 2212      0_1_2_3_4_5_6_7_8_9_10_11_12_13_14_15_16_17_18_19_20_21_22_23_24_25_26_27_28_29_30_31_32_33_34_35_36_37_38_39_40_41_42_43_44_45_46_47_48_49_50_51_52_53_54_55_56_57_58_59_60_61_62_63_64_65_66_67_68_69_70_71_72_73_74_75_76_77_78_79_80_81_82_83_84_85_86_87_88_89_90_91_92_93_94_95_96_97_98_101_102_103_104_105_106_107_108_109_110_111_112_113_114_115_116_117_118_119_120_121_122_123_124_125_126_127_128_129_130_131_132_133_134_135_136_137_138_139_140_141_142_143_144_145_146_147_148_149_150_151_152_153_154_155_156_157_158_159_160_161_162_167_168_169_170_171_172_173_174_175_176_177_178_179_180_181_182_183_184_185_186_187_188_191_192_193_194_201_202_203_204_205_206_207_211_216_228_229_237_277_278_279_280_281_282_283_284_285_286_287_288  3.90e+09  3.42e+09 -109863.52 -25788.49  13736.25    851.21     83.06    193.21  -1706.63  -5198.64      0.00 0
20820 2212      0_1_2_3_4_5_6_7_8_9_10_11_12_13_14_15_16_17_18_19_20_21_22_23_24_25_26_27_28_29_30_31_32_33_34_35_36_37_38_39_40_41_42_43_44_45_46_47_48_49_50_51_52_53_54_55_56_57_58_59_60_61_62_63_64_65_66_67_68_69_70_71_72_73_74_75_76_77_78_79_80_81_82_83_84_85_86_87_88_89_90_91_92_93_94_95_96_97_98_99_100_101_102_103_104_105_106_107_108_109_110_111_112_113_114_115_116_117_118_119_120_121_122_123_124_125_126_127_128_129_130_131_132_133_134_135_136_137_138_139_140_141_142_143_144_145_146_147_148_149_150_151_152_153_154_155_156_157_158_159_160_161_162_163_164_165_166_167_168_169_170_171_172_173_174_175_176_177_178_179_180_181_182_183_184_185_186_187_188_189_190_191_192_193_194_195_196_197_198_199_200_201_202_203_204_205_206_207_208_209_210_211_212_213_214_215_216_217_218_219_220_221_222_223_224_225_226_227_228_229_230_231_232_233_234_235_236_237_238_239_240_241_242_243_244_245_246_247_248_249_250_251_252_253_254_255_256_257_258_259_260_261_262_263_264_265_266_267_268_269_270_271_272_273_274_275_276_277_278_279_280_281_282_283_284_285_286_287_288  3.90e+09  3.36e+09 101998.14 206922.81  13746.28    747.52     86.59     63.76   4596.06   4193.24      0.00 0
