# primary_type energy_primary zenith azimuth shower_core_pos_x shower_core_pos_y shower_core_pos_z, units are degrees, GeV and meters
0_1_2_3_5_6_7_8_11_12_13_14_17_18_19_20_24_25_26_27_31_32_33_34_39_40_41_47_48_49_50_69_70_71_99_100_101_102_163_164_165_195_196_221_222_230_238 Fe^56      3.22e+07     77.29    120.66  -2749.17  -5390.06      0.00
51_56_57_58_59_60_61_62_63_65_66_67_68_73_74_75_76_77_82_83_84_85_86_88_89_90_91_92_93_94_95_96_97_98_104_105_106_107_108_114_115_116_117_118_119_120_121_122_123_124_125_126_128_129_130_131_132_133_135_136_137_138_139_140_141_143_144_145_146_147_148_149_150_151_152_153_154_155_156_157_158_159_160_161_162_168_169_170_171_172_173_178_179_180_181_182_183_184_185_186_187_188_189_190_191_192_193_194_199_200_201_202_203_204_208_209_210_211_212_213_214_215_216_217_218_219_220_225_226_233_234_242_249_250_257_263_277_278_279_280_281_282_283_284_285_286_287_288 Fe^56      3.23e+07     68.76    255.91    424.09   1544.43      0.00
60_61_65_66_67_71_72_73_74_75_76_82_83_84_85_86_87_88_89_90_91_92_93_94_95_96_97_98_101_102_103_104_105_106_107_108_109_114_115_116_117_118_119_120_121_122_123_124_125_126_127_128_129_130_131_132_133_134_135_136_137_138_139_140_141_142_143_144_145_146_147_148_149_150_151_152_153_154_155_156_157_158_159_160_161_162_166_167_168_169_170_171_172_173_174_175_178_179_180_181_182_183_184_185_186_187_188_189_190_191_192_193_194_197_198_199_200_201_202_203_204_205_206_208_209_210_211_212_213_214_215_216_217_218_219_220_224_225_226_227_228_229_233_234_235_236_237_242_243_244_245_250_251_252_258_259_277_278_279_280_281_282_283_284_285_286_287_288 Fe^56      3.28e+07     74.48     22.08   5252.73   3223.38      0.00
30_37_38_43_44_45_46_51_52_53_54_55_56_57_58_59_60_61_62_63_64_65_66_67_68_72_73_74_75_76_77_78_79_80_81_82_83_84_85_86_87_88_89_90_91_92_93_94_95_96_97_98_102_103_104_105_106_107_108_109_110_111_112_114_115_116_117_118_119_120_121_122_123_124_125_126_127_128_129_130_131_132_133_134_135_136_137_138_139_140_141_142_143_144_145_146_147_148_149_150_151_152_153_154_155_156_157_158_159_160_161_162_165_166_167_168_169_170_171_172_173_174_175_176_178_179_180_181_182_183_184_185_186_187_188_189_190_191_192_193_194_196_197_198_199_200_201_202_203_204_205_206_208_209_210_211_212_213_214_215_216_217_218_219_220_221_222_223_224_225_226_227_230_231_232_233_234_235_238_239_240_241_242_246_247_248_253_254_260_277_278_279_280_281_282_283_284_285_286_287_288 Fe^56      3.29e+07     75.98    334.54   2025.42    -94.08      0.00
183_188_193_194_202_203_211_215_216_219_220_234 Fe^56      3.32e+07     49.16    284.84    911.73   1513.06      0.00
68_76_77_78_85_86_87_90_91_92_95_96_97_98_105_106_107_108_109_115_116_117_118_119_122_123_124_125_126_129_130_131_132_133_134_136_137_138_139_140_141_144_145_146_147_148_149_152_153_154_155_156_158_159_160_161_162_169_170_171_172_173_181_182_277_278_279_280_282_283_284 Fe^56      3.36e+07     56.55    351.38    886.15   -252.03      0.00
107_108_117_118_119_123_124_125_126_131_132_133_134_138_139_140_141_146_147_148_149_153_154_155_156_160_161_162_171_172_173_181_182_183_187_188_193_194_277_278_279 Fe^56      3.44e+07     51.57    197.37    863.29    178.58      0.00
4_9_10_14_15_16_20_21_22_23_26_27_28_29_30_33_34_35_36_37_38_40_41_42_43_44_45_46_49_50_51_52_53_54_55_56_57_58_59_60_61_62_63_64_65_66_67_68_70_71_72_73_74_75_76_77_78_79_80_81_82_83_84_85_86_87_88_89_90_91_92_93_94_95_96_97_98_100_101_102_103_104_105_106_107_108_109_110_111_112_113_114_115_116_117_118_119_120_121_122_123_124_125_126_127_128_129_130_131_132_133_134_135_136_137_138_139_140_141_142_143_144_145_146_147_148_149_150_151_152_153_154_155_156_157_158_159_160_161_162_163_164_165_166_167_168_169_170_171_172_173_174_175_176_177_178_179_180_181_182_183_184_185_186_187_188_189_190_191_192_193_194_195_196_197_198_199_200_201_202_203_204_205_206_207_208_209_210_211_212_213_214_215_216_217_218_219_220_221_222_223_224_225_226_227_228_229_230_231_232_233_234_235_236_237_238_239_240_241_242_243_244_245_246_247_248_249_250_251_252_253_254_255_256_257_258_259_260_261_262_263_264_265_266_267_268_269_270_271_272_273_274_275_276_277_278_279_280_281_282_283_284_285_286_287_288 Fe^56      3.47e+07     85.04    323.24    921.83   4100.46      0.00
4_9_10_15_16_21_22_23_28_29_30_36_37_38_43_44_45_46_52_53_54_55_59_63_64_67_68_76_77_78_79_80_81_85_86_87_91_92_96_97_98_107_108_109_110_111_112_113_117_118_119_123_124_125_126_131_132_133_134_138_139_140_141_146_147_148_149_153_154_155_156_159_160_161_162_170_171_172_173_174_175_176_177_180_181_182_183_186_187_188_191_192_193_194_201_202_203_204_205_206_207_209_210_211_213_214_215_216_218_219_220_225_226_227_228_229_234_235_236_237_241_242_243_244_245_249_250_251_252_256_257_258_259_262_263_264_265_268_269_270_271_273_274_275_276_277_278_279_280_281_288 Fe^56      3.49e+07     79.96    283.11   4032.79    536.82      0.00
17_24_31_32_39_40_41_47_48_49_69_70_71_72_93_99_100_101_102_103_114_120_121_127_128_135_136_142_143_144_150_151_152_157_158_163_164_165_166_167_168_169_178_179_180_184_185_186_189_190_191_195_196_197_198_199_200_201_208_209_210_212_213_214_217_218_219_221_222_223_224_225_230_231_232_233_234_238_239_240_241_242_246_247_248_249_250_253_254_255_256_257_260_261_262_263_264_266_267_268_269_270_272_273_274_275_276_281_283_285_286 Fe^56      3.51e+07     80.07    232.71  -6780.25  -1095.88      0.00
0_1_2_3_4_5_6_7_8_9_10_11_12_13_14_15_16_17_18_19_20_21_22_23_24_25_26_27_28_29_30_31_32_33_34_35_36_37_38_39_40_41_42_43_44_45_46_47_48_49_50_51_52_53_54_55_56_57_58_59_60_61_62_63_64_65_66_67_68_69_70_71_72_73_74_75_76_77_78_79_80_81_82_83_84_85_86_87_88_89_90_91_92_93_94_95_96_97_98_99_100_101_102_103_104_105_106_107_108_109_110_111_112_113_114_115_116_117_118_119_120_121_122_123_124_125_126_127_128_129_130_131_132_133_134_135_136_137_138_139_140_141_142_143_144_145_146_147_148_149_150_151_152_153_154_155_156_157_158_159_160_161_162_164_165_166_167_168_169_170_171_172_173_174_175_176_177_178_179_180_181_182_183_184_185_186_187_188_189_190_191_192_193_194_196_197_198_199_200_201_202_203_204_205_206_207_208_209_210_211_212_213_214_215_216_217_218_219_220_222_223_224_225_226_227_228_229_231_232_233_234_235_236_237_240_241_242_243_244_245_248_249_250_251_252_256_257_258_259_263_264_265_269_270_271_275_276_277_278_279_280_281_282_283_284_285_286_287_288 Fe^56      3.54e+07     86.06     39.69   6646.57  -1721.92      0.00
141_148_149_155_156_162_172_173_183_188_194 Fe^56      3.56e+07     39.94    149.62   1256.59    508.17      0.00
0_1_2_3_4_5_6_7_8_9_11_12_13_14_15_16_17_18_19_20_21_22_23_25_26_27_28_29_30_32_33_34_35_36_37_38_41_42_43_44_45_46_49_50_51_52_53_54_55_56_57_58_59_60_61_62_63_64_65_66_67_68_72_73_74_75_76_77_78_79_80_81_82_83_84_85_86_87_88_89_90_91_92_93_94_95_96_97_98_102_103_104_105_106_107_108_109_110_111_112_113_114_115_116_117_118_119_120_121_122_123_124_125_126_127_128_129_130_131_132_133_134_135_136_137_138_139_140_141_142_143_144_145_146_147_148_149_150_151_152_153_154_155_156_157_158_159_160_161_162_167_168_169_170_171_172_173_174_175_176_177_178_179_180_181_182_183_184_185_186_187_188_189_190_191_192_193_194_198_199_200_201_202_203_204_205_206_207_208_209_210_211_212_213_214_215_216_217_218_219_220_225_226_227_228_229_233_234_235_236_237_242_243_244_245_249_250_251_252_257_258_259_263_264_265_270_271_275_276_277_278_279_280_281_282_283_284_285_286_287_288 Fe^56      3.57e+07     81.95    235.69   5686.00   3978.81      0.00
3_4_8_9_10_12_13_14_15_16_18_19_20_21_22_23_24_25_26_27_28_29_30_31_32_33_34_35_36_37_38_39_40_41_42_43_44_45_46_47_48_49_50_51_52_53_54_56_57_58_59_60_61_62_63_64_65_66_67_68_69_70_71_72_73_74_75_76_77_78_79_82_83_84_85_86_87_88_89_90_91_92_93_94_95_96_97_98_99_100_101_102_103_104_105_106_107_108_109_110_114_115_116_117_118_119_120_121_122_123_124_125_126_127_128_129_130_131_132_133_134_135_136_137_138_139_140_141_142_143_144_145_146_147_148_149_150_151_152_153_154_155_156_157_158_159_160_161_163_164_165_166_167_168_169_170_171_178_179_180_181_184_185_189_190_195_196_197_198_199_221_222_230_277_278_279_280_282_283_284_285_286_287 Fe^56      3.62e+07     77.90    158.93  -2878.38  -1780.94      0.00
1_2_3_4_7_8_9_10_13_14_15_16_20_21_22_23_27_28_29_30_35_36_37_38_43_44_45_46_52_53_54_55_78_79_80_81_110_111_112_113_175_176_177_205_206_207_228_229_237_245 Fe^56      3.64e+07     77.57    228.15   5229.90  -1572.44      0.00
4_9_10_15_16_22_23_29_30_36_37_38_44_45_46_52_53_54_55_78_79_80_81_110_111_112_134_149_174_175_176_204_205_206_207_226_227_228_229_235_236_237_243_244_245_250_251_252_257_258_259_264_265_270_271_275_276 Fe^56      3.64e+07     77.57     99.82   4837.06  -2221.69      0.00
0_1_2_3_4_5_6_7_8_9_10_11_12_13_14_15_16_17_18_19_20_21_22_23_24_25_26_27_28_29_30_31_32_33_34_35_36_37_38_39_40_41_42_43_44_45_46_47_48_49_50_51_52_53_54_55_56_57_58_59_60_61_62_63_64_65_66_67_68_69_70_71_72_73_74_75_76_77_78_79_80_81_82_83_84_85_86_87_88_89_90_91_92_93_94_95_96_97_98_99_100_101_102_103_104_105_106_107_108_109_110_111_112_113_114_115_116_117_118_119_120_121_122_123_124_125_126_127_128_129_130_131_132_133_134_135_136_137_138_139_140_141_142_143_144_145_146_147_148_149_150_151_152_153_154_155_156_157_158_159_160_161_162_163_164_165_166_167_168_169_170_171_172_173_174_175_176_177_178_179_180_181_182_183_184_185_186_187_188_189_190_191_192_193_194_195_196_197_198_199_200_201_202_203_204_205_206_207_208_209_210_211_212_213_214_215_216_217_218_219_220_221_222_223_224_225_226_227_228_229_230_231_232_233_234_235_236_237_238_239_240_241_242_243_244_245_246_247_248_249_250_251_252_253_254_255_256_257_258_259_260_261_262_263_264_265_266_267_268_269_270_271_272_273_274_275_276_277_278_279_280_281_282_283_284_285_286_287_288 Fe^56      3.66e+07     87.12    243.48  -3067.47   4909.94      0.00
58_59_62_63_64_67_68_75_76_77_78_79_85_86_87_90_91_92_96_97_98_107_108_109_110_111_117_118_119_124_125_126_132_133_134_140_141_147_148_149_155_156_162_173_174_175_176_183_204_205_206_207_227_228_229_236_237_245_279_280 Fe^56      3.67e+07     69.26    210.70   3542.83    447.84      0.00
0_5_6_11_12_17_18_19_24_25_26_31_32_33_34_39_40_41_42_47_48_49_50_51_56_57_58_59_60_61_62_63_64_65_66_67_68_69_70_71_72_73_74_75_76_77_82_83_84_85_86_87_88_89_90_91_92_93_94_95_96_97_98_99_100_101_102_103_104_105_106_107_108_109_114_115_116_117_118_119_120_121_122_123_124_125_126_127_128_129_130_131_132_133_134_135_136_137_138_139_140_141_142_143_144_145_146_147_148_149_150_151_152_153_154_155_156_157_158_159_160_161_162_163_164_165_166_167_168_169_170_171_172_173_178_179_180_181_182_183_184_185_186_187_188_189_190_191_192_193_194_195_196_197_198_199_200_201_202_203_204_208_209_210_211_212_213_214_215_216_217_218_219_220_221_222_223_224_225_226_230_231_232_233_234_235_238_239_240_241_242_243_246_247_248_249_250_251_253_254_255_256_257_258_260_261_262_263_264_265_266_267_268_269_270_271_272_273_274_275_276_277_278_279_280_281_282_283_284_285_286_287_288 Fe^56      3.60e+07     80.49     55.47    185.70   5578.92      0.00
5_11_12_17_18_19_24_25_26_27_31_32_33_34_35_39_40_41_42_43_44_47_48_49_50_51_52_53_56_57_58_59_60_61_62_63_64_65_66_67_68_69_70_71_72_73_74_75_76_77_78_79_80_82_83_84_85_86_87_88_89_90_91_92_93_94_95_96_97_98_99_100_101_102_103_104_105_106_107_108_109_110_111_112_114_115_116_117_118_119_120_121_122_123_124_125_126_127_128_129_130_131_132_133_134_135_136_137_138_139_140_141_142_143_144_145_146_147_148_149_150_151_152_153_154_155_156_157_158_159_160_161_162_163_164_165_166_167_168_169_170_171_172_173_174_175_176_177_178_179_180_181_182_183_184_185_186_187_188_189_190_191_192_193_194_195_196_197_198_199_200_201_202_203_204_205_206_207_208_209_210_211_212_213_214_215_216_217_218_219_220_221_222_223_224_225_226_227_228_229_230_231_232_233_234_235_236_237_238_239_240_241_242_243_244_245_246_247_248_249_250_251_252_253_254_255_256_257_258_259_260_261_262_263_264_265_266_267_268_269_270_271_272_273_274_275_276_277_278_279_280_281_282_283_284_285_286_287_288 Fe^56      3.72e+07     86.24     27.59  -4989.68   5019.63      0.00
0_1_2_3_4_5_6_7_8_9_10_11_12_13_14_15_16_17_18_19_20_21_22_23_24_25_26_27_28_29_30_31_32_33_34_35_36_37_39_40_41_42_43_44_45_47_48_49_50_51_52_53_54_56_57_58_59_60_61_62_63_64_65_66_67_68_69_70_71_72_73_74_75_76_77_78_79_80_82_83_84_85_86_87_88_89_90_91_92_93_94_95_96_97_98_99_100_101_102_103_104_105_106_107_108_109_110_111_114_115_116_117_118_119_120_121_122_123_124_125_126_127_128_129_130_131_132_133_134_135_136_137_138_139_140_141_142_143_144_145_146_147_148_149_150_151_152_153_154_155_156_157_158_159_160_161_162_163_164_165_166_167_168_169_170_171_172_173_174_175_178_179_180_181_182_183_184_185_186_187_188_189_190_191_192_193_194_195_196_197_198_199_200_201_202_203_204_205_208_209_210_211_212_213_214_215_216_217_218_219_220_221_222_223_224_225_226_227_230_231_232_233_234_235_236_238_239_240_241_242_243_244_246_247_248_249_250_251_253_254_255_256_257_258_260_261_262_263_264_265_266_267_268_269_270_272_273_274_275_276_277_278_279_280_281_282_283_284_285_286_287_288 Fe^56      3.80e+07     84.13     96.92  -1200.50  -4177.58      0.00
0_1_2_3_4_5_6_7_8_9_10_11_12_13_14_15_16_17_18_19_20_21_22_23_24_25_26_27_28_29_31_32_33_34_35_36_37_39_40_41_42_43_44_45_48_49_50_51_52_53_56_57_58_59_60_61_62_63_64_65_66_67_68_70_71_72_73_74_75_76_77_78_79_82_83_84_85_86_87_88_89_90_91_92_93_94_95_96_97_98_100_101_102_103_104_105_106_107_108_109_110_114_115_116_117_118_119_120_121_122_123_124_125_126_127_128_129_130_131_132_133_134_135_136_137_138_139_140_141_142_143_144_145_146_147_148_149_150_151_152_153_154_155_156_157_158_159_160_161_162_164_165_166_167_168_169_170_171_172_173_174_178_179_180_181_182_183_184_185_186_187_188_189_190_191_192_193_194_195_196_197_198_199_200_201_202_203_204_205_208_209_210_211_212_213_214_215_216_217_218_219_220_221_222_223_224_225_226_227_230_231_232_233_234_235_238_239_240_241_242_243_246_247_248_249_250_253_254_255_256_257_260_261_262_263_264_266_267_268_269_270_272_273_274_275_277_278_279_280_281_282_283_284_285_286_287_288 Fe^56      3.92e+07     81.85    284.43    -38.12  -5461.93      0.00
55_81_112_113_176_177_207_229_237 Fe^56      3.93e+07     69.56    103.11   7770.81   -430.96      0.00
0_1_2_3_4_5_6_7_8_9_10_11_12_13_14_15_16_17_18_19_20_21_22_23_24_25_26_27_28_29_30_31_32_33_34_35_36_37_38_39_40_41_42_43_44_45_46_47_48_49_50_51_52_53_54_55_56_57_58_59_60_61_62_63_64_65_66_67_68_69_70_71_72_73_74_75_76_77_78_79_80_81_82_83_84_85_86_87_88_89_90_91_92_93_94_95_96_97_98_99_100_101_102_103_104_105_106_107_108_109_110_111_112_113_114_115_116_117_118_119_120_121_122_123_124_125_126_127_128_129_130_131_132_133_134_135_136_137_138_139_140_141_142_143_144_145_146_147_148_149_150_151_152_153_154_155_156_157_158_159_160_161_162_163_164_165_166_167_168_169_170_171_172_173_174_175_176_177_178_179_180_181_182_183_184_185_186_187_188_189_190_191_192_193_194_195_196_197_198_199_200_201_202_203_204_205_206_207_208_209_210_211_212_213_214_215_216_217_218_219_220_221_222_223_224_225_226_227_228_229_230_231_232_233_234_235_236_237_238_239_240_241_242_243_244_245_246_247_248_249_250_251_252_253_254_255_256_257_258_259_260_261_262_263_264_265_266_267_268_269_270_271_272_273_274_275_276_277_278_279_280_281_282_283_284_285_286_287_288 Fe^56      3.96e+07     85.40    168.47   6402.06  -1204.65      0.00
63_67_68_75_76_77_85_86_90_91_92_96_97_106_107_108_117_118_279_280 Fe^56      3.90e+07     36.80    165.95    416.01   -755.71      0.00
166_167_168_178_179_184_185_189_190_197_198_199_200_208_209_212_213_214_217_218_219_224_225_233_234 Fe^56      4.01e+07     63.70     30.76  -1013.83   1829.08      0.00
3_4_8_9_10_12_13_14_15_16_18_19_20_21_22_23_24_25_26_27_28_29_30_31_32_33_34_35_36_37_38_39_40_41_42_43_44_45_46_47_48_49_50_51_52_53_54_55_56_57_58_59_60_61_62_63_64_65_66_67_68_69_70_71_72_73_74_75_76_77_78_79_80_81_82_83_84_85_86_87_88_89_90_91_92_93_94_95_96_97_98_99_100_101_102_103_104_105_106_107_108_109_110_111_112_113_114_115_116_117_118_119_120_121_122_123_124_125_126_127_128_129_130_131_132_133_134_135_136_137_138_139_140_141_142_143_144_145_146_147_148_149_150_151_152_153_154_155_156_157_158_159_160_161_162_163_164_165_166_167_168_169_170_171_172_173_174_175_176_177_178_179_180_181_182_183_184_185_186_187_188_189_190_191_192_193_194_195_196_197_198_199_200_201_202_203_204_205_206_207_208_209_210_211_212_213_214_215_216_217_218_219_220_221_222_223_224_225_226_227_228_229_230_231_232_233_234_235_236_237_238_239_240_241_242_243_244_245_246_247_248_249_250_251_252_253_254_255_256_257_258_259_260_261_262_263_264_265_266_267_268_269_270_271_272_273_274_275_276_277_278_279_280_281_282_283_284_285_286_287_288 Fe^56      4.04e+07     85.42    339.37   3697.92   1771.82      0.00
0_1_2_3_5_6_7_8_11_12_13_14_15_17_18_19_20_21_24_25_26_27_28_29_32_33_34_35_36_40_41_42_43_44_45_49_50_51_52_53_56_57_58_59_60_61_62_63_64_65_66_67_68_71_72_73_74_75_76_77_78_79_80_82_83_84_85_86_87_88_89_90_91_92_93_94_95_96_97_98_102_103_104_105_106_107_108_109_110_111_114_115_116_117_118_119_120_121_122_123_124_125_126_127_128_129_130_131_132_133_134_135_136_137_138_139_140_141_142_143_144_145_146_147_148_149_150_151_152_153_154_155_156_157_158_159_160_161_162_166_167_168_169_170_171_172_173_174_175_176_178_179_180_181_182_183_184_185_186_187_188_189_190_191_192_193_194_198_199_200_201_202_203_204_205_206_208_209_210_211_212_213_214_215_216_217_218_219_220_224_225_226_227_228_229_233_234_235_236_237_241_242_243_244_245_249_250_251_252_256_257_258_259_263_264_265_269_270_271_275_276_277_278_279_280_281_282_283_284_285_286_287_288 Fe^56      4.07e+07     79.94    240.78     90.82  -2315.00      0.00
0_1_2_3_5_6_7_8_9_11_12_13_14_15_16_17_18_19_20_21_22_23_24_25_26_27_28_29_30_31_32_33_34_35_36_37_38_39_40_41_42_43_44_45_46_47_48_49_50_51_52_53_54_55_56_57_58_59_60_61_62_63_64_65_66_67_68_69_70_71_72_73_74_75_76_77_78_79_80_81_82_83_84_85_86_87_88_89_90_91_92_93_94_95_96_97_98_99_100_101_102_103_104_105_106_107_108_109_110_111_112_113_114_115_116_117_118_119_120_121_122_123_124_125_126_127_128_129_130_131_132_133_134_135_136_137_138_139_140_141_142_143_144_145_146_147_148_149_150_151_152_153_154_155_156_157_158_159_160_161_162_163_164_165_166_167_168_169_170_171_172_173_174_175_176_177_178_179_180_181_182_183_184_185_186_187_188_189_190_191_192_193_194_195_196_197_198_199_200_201_202_203_204_205_206_207_208_209_210_211_212_213_214_215_216_217_218_219_220_221_222_223_224_225_226_227_228_229_230_231_232_233_234_235_236_237_238_239_240_241_242_243_244_245_246_247_248_249_250_251_252_253_254_255_256_257_258_259_260_261_262_263_264_265_266_267_268_269_270_271_272_273_274_275_276_277_278_279_280_281_282_283_284_285_286_287_288 Fe^56      4.09e+07     84.63     23.37   2433.62   1650.17      0.00
11_12_17_18_19_24_25_26_27_31_32_33_34_35_39_40_41_42_43_44_47_48_49_50_51_52_53_56_57_58_59_60_61_62_63_64_65_66_67_68_69_70_71_72_73_74_75_76_77_78_79_80_82_83_84_85_86_87_88_89_90_91_92_93_94_95_96_97_98_99_100_101_102_103_104_105_106_107_108_109_110_111_112_114_115_116_117_118_119_120_121_122_123_124_125_126_127_128_129_130_131_132_133_134_135_136_137_138_139_140_141_142_143_144_145_146_147_148_149_150_151_152_153_154_155_156_157_158_159_160_161_162_163_164_165_166_167_168_169_170_171_172_173_174_175_176_177_178_179_180_181_182_183_184_185_186_187_188_189_190_191_192_193_194_195_196_197_198_199_200_201_202_203_204_205_206_207_208_209_210_211_212_213_214_215_216_217_218_219_220_222_223_224_225_226_227_228_229_231_232_233_234_235_236_237_241_242_243_244_245_249_250_251_252_257_258_259_264_265_277_278_279_280_281_282_283_284_285_286_287_288 Fe^56      4.13e+07     79.73     25.85   2206.03   1260.54      0.00
16_22_23_28_29_30_35_36_37_43_44_45_51_52_53_56_57_58_59_60_61_62_63_64_65_66_67_68_73_74_75_76_77_78_79_82_83_84_85_86_87_88_89_90_91_92_93_94_95_96_97_98_103_104_105_106_107_108_109_110_114_115_116_117_118_119_120_121_122_123_124_125_126_127_128_129_130_131_132_133_134_135_136_137_138_139_140_141_142_143_144_145_146_147_148_149_150_151_152_153_154_155_156_157_158_159_160_161_162_167_168_169_170_171_172_173_174_178_179_180_181_182_183_184_185_186_187_188_189_190_191_192_193_194_198_199_200_201_202_203_204_208_209_210_211_212_213_214_215_216_217_218_219_220_223_224_225_226_232_233_234_239_240_241_242_247_248_249_253_254_255_256_260_261_262_266_267_268_272_273_277_278_279_280_281_282_283_284_285_286_287_288 Fe^56      4.14e+07     75.66    125.05  -2012.74   4465.90      0.00
80_111_176_206 Fe^56      4.18e+07     53.63    243.15   5155.93    -84.85      0.00
71_101_102_165 Fe^56      4.10e+07     57.83    317.72  -3283.17   -475.90      0.00
2_3_4_7_8_9_10_12_13_14_15_16_19_20_21_22_23_25_26_27_28_29_30_32_33_34_35_36_37_38_40_41_42_43_44_45_46_48_49_50_51_52_53_54_56_57_58_59_60_61_62_63_64_65_66_67_68_70_71_72_73_74_75_76_77_78_79_80_82_83_84_85_86_87_88_89_90_91_92_93_94_95_96_97_98_100_101_102_103_104_105_106_107_108_109_110_111_114_115_116_117_118_119_120_121_122_123_124_125_126_127_128_129_130_131_132_133_134_135_136_137_138_139_140_141_142_143_144_145_146_147_148_149_150_151_152_153_154_155_156_157_158_159_160_161_162_163_164_165_166_167_168_169_170_171_172_173_174_175_178_179_180_181_182_183_184_185_186_187_188_189_190_191_192_193_194_195_196_197_198_199_200_201_202_203_204_205_208_209_210_211_212_213_214_215_216_217_218_219_220_221_222_223_224_225_226_230_231_232_233_234_235_238_239_240_241_242_246_247_248_249_253_254_255_256_260_261_262_266_267_272_273_277_278_279_280_281_282_283_284_285_286_287_288 Fe^56      4.21e+07     80.59    131.12  -4776.37   3854.45      0.00
4_9_15_21_22_28_29_36_44_52 Fe^56      4.23e+07     66.32    283.78   2824.72  -5589.77      0.00
0_1_2_3_4_5_6_7_8_9_11_12_13_14_15_17_18_19_20_21_24_25_26_27_31_32_33_34_35_39_40_41_42_47_48_49_50_56_60_69_70_71_72_82_99_100_101_102_163_164_165_166_195_196_197_221_222_230_238 Fe^56      4.31e+07     77.78    312.14   -601.91  -6371.38      0.00
0_1_2_5_6_7_11_12_13_18_19_20_25_26_27_33_34_41_42_49_50_51_56_57_58_59_60_61_62_63_65_66_67_68_71_72_73_74_75_76_82_83_84_85_86_88_89_90_91_93_94_95_96_97_102_103_104_105_106_107_114_115_116_117_118_120_121_122_123_124_127_128_129_130_131_132_135_136_137_138_139_142_143_144_145_146_147_150_151_152_153_154_157_158_159_160_161_166_167_168_169_170_171_178_179_180_181_182_184_185_186_187_189_190_191_192_193_198_199_200_201_202_208_209_210_211_212_213_214_215_217_218_219_220_224_225_233_277_278_279_280_281_282_283_284_285_286_287_288 Fe^56      4.44e+07     74.98     78.14  -2035.79  -4842.31      0.00
171_181_182_186_187_188_192_193_194_201_202_203_210_211_214_215_216_218_219_220_225_234_281_288 Fe^56      4.45e+07     53.55     74.34    693.31   1971.04      0.00
174_175_183_188_193_194_201_202_203_204_205_206_209_210_211_213_214_215_216_217_218_219_220_224_225_226_227_232_233_234_235_236_239_240_241_242_243_246_247_248_249_250_253_254_255_256_260_261_262_266_267_288 Fe^56      4.45e+07     71.97    154.62  -1912.49   4068.80      0.00
247_248_254_255_256_257_261_262_263_264_267_268_269_270_271_273_274_275_276 Fe^56      4.62e+07     70.74    202.76    286.84   6131.73      0.00
93_103_104_114_115_120_121_122_127_128_129_130_135_136_137_142_143_144_145_150_151_152_153_157_158_159_167_168_169_170_178_179_180_184_185_186_189_190_191_199_200_281_283_285_286_287 Fe^56      4.71e+07     50.85     28.78   -945.46    193.29      0.00
4_9_10_14_15_16_20_21_22_23_26_27_28_29_30_33_34_35_36_37_38_40_41_42_43_44_45_46_48_49_50_51_52_53_54_55_56_57_58_59_60_61_62_63_64_65_66_67_68_69_70_71_72_73_74_75_76_77_78_79_80_81_82_83_84_85_86_87_88_89_90_91_92_93_94_95_96_97_98_99_100_101_102_103_104_105_106_107_108_109_110_111_112_113_114_115_116_117_118_119_120_121_122_123_124_125_126_127_128_129_130_131_132_133_134_135_136_137_138_139_140_141_142_143_144_145_146_147_148_149_150_151_152_153_154_155_156_157_158_159_160_161_162_163_164_165_166_167_168_169_170_171_172_173_174_175_176_177_178_179_180_181_182_183_184_185_186_187_188_189_190_191_192_193_194_195_196_197_198_199_200_201_202_203_204_205_206_207_208_209_210_211_212_213_214_215_216_217_218_219_220_221_222_223_224_225_226_227_228_229_230_231_232_233_234_235_236_237_238_239_240_241_242_243_244_246_247_248_249_250_251_253_254_255_256_257_260_261_262_263_266_267_272_277_278_279_280_281_282_283_284_285_286_287_288 Fe^56      4.72e+07     81.47    154.45  -3391.62   2056.92      0.00
230_238_239_246 Fe^56      4.77e+07     57.55     43.02  -5627.98   3335.16      0.00
0_1_2_3_4_5_6_7_8_9_10_11_12_13_14_15_16_17_18_19_20_21_22_23_24_25_26_27_28_29_30_32_33_34_35_36_37_38_39_40_41_42_43_44_45_46_48_49_50_51_52_53_54_55_56_57_58_59_60_61_62_63_64_65_66_67_68_70_71_72_73_74_75_76_77_78_79_80_81_82_83_84_85_86_87_88_89_90_91_92_93_94_95_96_97_98_100_101_102_103_104_105_106_107_108_109_110_111_112_113_114_115_116_117_118_119_120_121_122_123_124_125_126_127_128_129_130_131_132_133_134_135_136_137_138_139_140_141_142_143_144_145_146_147_148_149_150_151_152_153_154_155_156_157_158_159_160_161_162_164_165_166_167_168_169_170_171_172_173_174_175_176_177_178_179_180_181_182_183_184_185_186_187_188_189_190_191_192_193_194_195_196_197_198_199_200_201_202_203_204_205_206_207_208_209_210_211_212_213_214_215_216_217_218_219_220_221_222_223_224_225_226_227_228_229_230_231_232_233_234_235_236_237_238_239_240_241_242_243_244_245_246_247_248_249_250_251_252_253_254_255_256_257_258_259_260_261_262_263_264_265_266_267_268_269_270_271_272_273_274_275_276_277_278_279_280_281_282_283_284_285_286_287_288 Fe^56      4.86e+07     86.23    104.82   4772.48  -3801.14      0.00
0_1_2_3_4_5_6_7_8_9_10_11_12_13_14_15_16_17_18_19_20_21_22_23_24_25_26_27_28_29_30_31_32_33_34_35_36_37_38_39_40_41_42_43_44_45_46_47_48_49_50_51_52_53_54_55_56_57_58_59_60_61_62_63_64_65_66_67_68_69_70_71_72_73_74_75_76_77_78_79_80_81_82_83_84_85_86_87_88_89_90_91_92_93_94_95_96_97_98_99_100_101_102_103_104_105_106_107_108_109_110_111_112_113_114_115_116_117_118_119_120_121_122_123_124_125_126_127_128_129_130_131_132_133_134_135_136_137_138_139_140_141_142_143_144_145_146_147_148_149_150_151_152_153_154_155_156_157_158_159_160_161_162_163_164_165_166_167_168_169_170_171_172_173_174_175_176_177_178_179_180_181_182_183_184_185_186_187_188_189_190_191_192_193_194_195_196_197_198_199_200_201_202_203_204_205_206_207_208_209_210_211_212_213_214_215_216_217_218_219_220_221_222_223_224_225_226_227_228_229_230_231_232_233_234_235_236_237_238_239_240_241_242_243_244_245_246_247_248_249_250_251_252_253_254_255_256_257_258_259_260_261_262_263_264_265_266_267_268_269_270_271_272_273_274_275_276_277_278_279_280_281_282_283_284_285_286_287_288 Fe^56      4.89e+07     86.59    359.78  -4445.36   -480.61      0.00
38_46_55_81_112_113_176_177_207_229 Fe^56      4.80e+07     68.54    259.16   7097.16   -674.04      0.00
205_206_226_227_228_234_235_236_241_242_243_244_248_249_250_251_255_256_257_261_262_263_264_267_268_269_272_273_274 Fe^56      4.80e+07     71.75    324.52   1693.61   3878.94      0.00
0_1_2_3_4_5_6_7_8_9_10_11_12_13_14_15_16_17_18_19_20_21_22_23_24_25_26_27_28_29_30_31_32_33_34_35_36_37_38_39_40_41_42_43_44_45_46_47_48_49_50_51_52_53_54_55_56_57_58_59_60_61_62_63_64_65_66_67_68_69_70_71_72_73_74_75_76_77_78_79_80_81_82_83_84_85_86_87_88_89_90_91_92_93_94_95_96_97_98_99_100_101_102_103_104_105_106_107_108_109_110_111_112_113_114_115_116_117_118_119_120_121_122_123_124_125_126_127_128_129_130_131_132_133_134_135_136_137_138_139_140_141_142_143_144_145_146_147_148_149_150_151_152_153_154_155_156_157_158_159_160_161_162_163_164_165_166_167_168_169_170_171_172_173_174_175_176_177_178_179_180_181_182_183_184_185_186_187_188_189_190_191_192_193_194_195_196_197_198_199_200_201_202_203_204_205_206_207_208_209_210_211_212_213_214_215_216_217_218_219_220_221_222_223_224_225_226_227_228_229_230_231_232_233_234_235_236_237_238_239_240_241_242_243_244_245_246_247_248_249_250_251_252_253_254_255_256_257_258_259_260_261_262_263_264_265_266_267_268_269_270_271_272_273_274_275_276_277_278_279_280_281_282_283_284_285_286_287_288 Fe^56      4.94e+07     85.64     87.31    333.26  -2817.70      0.00
1_2_3_6_7_8_9_12_13_14_15_19_20_21_22_26_27_28_29_34_35_36_37_42_43_44_45_51_52_53_54_56_57_58_59_60_61_62_63_64_65_66_67_68_73_74_75_76_77_78_79_80_82_83_84_85_86_87_88_89_90_91_92_93_94_95_96_97_98_104_105_106_107_108_109_110_111_112_115_116_117_118_119_121_122_123_124_125_126_129_130_131_132_133_134_137_138_139_140_141_144_145_146_147_148_149_152_153_154_155_156_158_159_160_161_162_169_170_171_172_173_174_175_176_180_181_182_183_185_186_187_188_191_192_193_194_200_201_202_203_204_205_206_209_210_211_214_215_216_218_219_220_225_226_227_228_229_234_235_236_237_242_243_244_245_250_251_252_257_258_259_264_265_270_271_276_277_278_279_280_281_282_283_284_287_288 Fe^56      5.06e+07     78.21     66.98   4195.93   3324.44      0.00
23_30_37_38_45_46_53_54_79 Fe^56      5.07e+07     67.93    123.46   5512.50  -3686.64      0.00
50_56_57_58_59_60_61_62_63_65_66_67_68_72_73_74_75_76_77_82_83_84_85_86_88_89_90_91_92_93_94_95_96_97_98_103_104_105_106_107_108_114_115_116_117_118_119_121_122_123_124_125_129_130_131_132_137_138_139_278_279_280_282_284_287 Fe^56      5.12e+07     58.77    204.28   -845.70  -1171.27      0.00
244_251_258_264 Fe^56      5.21e+07     54.21    309.64   3568.01   4458.94      0.00
1_2_3_6_7_8_9_11_12_13_14_17_18_19_20_24_25_26 Fe^56      5.23e+07     68.77    163.98  -1876.07  -5533.37      0.00
234_242_250_257_263 Fe^56      5.25e+07     59.03    256.45   1193.97   3962.54      0.00
40_41_42_48_49_50_51_56_57_60_61_65_72_73 Fe^56      5.27e+07     64.40    189.25  -3037.31  -2239.57      0.00
221_222_230_231_238_239_240_246_247_248_254_255 Fe^56      5.44e+07     67.68    203.56  -4917.59   3268.96      0.00
49_71_101_102_165_166_197_198_223_224_231_232_239_240_241_247_248_254_255_260_261_262_266_267_268_272_273 Fe^56      5.44e+07     72.68    262.85  -2885.75   3733.26      0.00
244_252_259_265 Fe^56      5.54e+07     57.09    112.42   4768.27   4743.25      0.00
0_1_2_3_4_6_7_8_9_10_13_14_15_16_19_20_21_22_23_27_28_29_30_35_36_37_38_43_44_45_46_52_53_54_55_79_80_81_111_112_113_175_176_177_206_207_229_237 Fe^56      5.59e+07     81.27    221.63   4447.36  -5501.96      0.00
24_25_31_32_39_40_47_48 Fe^56      5.62e+07     65.75    172.34  -6380.35  -2906.31      0.00
0_1_2_3_4_5_6_7_8_9_10_11_12_13_14_15_16_17_18_19_20_21_22_23_25_26_27_28_29_30_32_33_34_35_36_37_38_40_41_42_43_44_45_46_49_50_51_52_53_54_55_56_57_58_59_60_61_62_63_64_65_66_67_68_71_72_73_74_75_76_77_78_79_80_81_82_83_84_85_86_87_88_89_90_91_92_93_94_95_96_97_98_102_103_104_105_106_107_108_109_110_111_112_113_114_115_116_117_118_119_120_121_122_123_124_125_126_127_128_129_130_131_132_133_134_135_136_137_138_139_140_141_142_143_144_145_146_147_148_149_150_151_152_153_154_155_156_157_158_159_160_161_162_166_167_168_169_170_171_172_173_174_175_176_177_178_179_180_181_182_183_184_185_186_187_188_189_190_191_192_193_194_197_198_199_200_201_202_203_204_205_206_207_208_209_210_211_212_213_214_215_216_217_218_219_220_223_224_225_226_227_228_229_232_233_234_235_236_237_240_241_242_243_244_245_248_249_250_251_252_255_256_257_258_259_262_263_264_265_268_269_270_271_273_274_275_276_277_278_279_280_281_282_283_284_285_286_287_288 Fe^56      5.65e+07     85.71     77.08   5583.00   -809.05      0.00
113_176_177_206_207_227_228_229_235_236_237_243_244_245_250_251_252_257_258_263_264_269_270 Fe^56      5.66e+07     69.43    132.41   3805.74   3657.46      0.00
176_177_206_207_227_228_229_235_236_237_242_243_244_245_249_250_251_252_256_257_258_259_262_263_264_265_267_268_269_270_272_273_274_275_276 Fe^56      5.60e+07     74.35    321.66   2348.42   4992.03      0.00
65_66_73_74_75_82_83_84_85_88_89_90_93_94_95_96_103_104_105_106_114_115_116_117_120_121_122_123_128_129_130_131_136_137_138_282_284_287 Fe^56      5.77e+07     46.36      4.19   -455.79   -523.40      0.00
0_1_2_3_5_6_7_8_9_11_12_13_14_15_17_18_19_20_21_22_24_25_26_27_28_29_31_32_33_34_35_36_37_39_40_41_42_43_44_45_47_48_49_50_51_52_53_54_56_57_58_59_60_61_62_63_64_65_66_67_68_69_70_71_72_73_74_75_76_77_78_79_80_82_83_84_85_86_87_88_89_90_91_92_93_94_95_96_97_98_99_100_101_102_103_104_105_106_107_108_109_110_111_114_115_116_117_118_119_120_121_122_123_124_125_126_127_128_129_130_131_132_133_134_135_136_137_138_139_140_141_142_143_144_145_146_147_148_149_150_151_152_153_154_155_156_157_158_159_160_161_162_163_164_165_166_167_168_169_170_171_172_173_174_175_176_178_179_180_181_182_183_184_185_186_187_188_189_190_191_192_193_194_195_196_197_198_199_200_201_202_203_204_205_206_208_209_210_211_212_213_214_215_216_217_218_219_220_221_222_223_224_225_226_227_228_230_231_232_233_234_235_236_237_238_239_240_241_242_243_244_245_246_247_248_249_250_251_252_253_254_255_256_257_258_259_260_261_262_263_264_265_266_267_268_269_270_271_272_273_274_275_276_277_278_279_280_281_282_283_284_285_286_287_288 Fe^56      5.77e+07     85.99    250.96  -3172.16   4056.15      0.00
31_39_40_48_70_71_100_101_164_165_166_196_197_222_223_231_232_239_240_247_248_254_261 Fe^56      5.78e+07     70.07    247.28  -4511.17    332.72      0.00
4_10_16_22_23_29_30_36_37_38_44_45_46_53_54_55_78_79_80_81_110_111_112_113_134_149_156_173_174_175_176_177_194_204_205_206_207_226_227_228_229_234_235_236_237_242_243_244_245_250_251_252_256_257_258_259_263_264_265_269_270_271_274_275_276 Fe^56      5.78e+07     81.07    108.61   5512.75   2129.53      0.00
1_2_3_4_7_8_9_10_13_14_15_16_20_21_22_23_27_28_29_30_34_35_36_37_38_43_44_45_46_51_52_53_54_55_57_58_59_62_63_64_66_67_68_75_76_77_78_79_80_81_85_86_87_90_91_92_96_97_98_106_107_108_109_110_111_112_113_117_118_119_124_125_126_131_132_133_134_139_140_141_146_147_148_149_154_155_156_161_162_171_172_173_174_175_176_177_182_183_187_188_193_194_202_203_204_205_206_207_211_216_220_226_227_228_229_235_236_237_243_244_245_250_251_252_258_259_264_265_270_271_276_277_278_279_280_288 Fe^56      5.86e+07     80.13     77.10   3302.13  -4020.34      0.00
40_49_70_71_101_165_196_197_222_223_231_239_246 Fe^56      5.88e+07     66.39    281.08  -4427.02    366.53      0.00
3_4_8_9_13_14_15_19_20_21_25_26_27_28_33_34_35_40_41_42_43_48_49_50_51_56_57_58_59_60_61_62_63_65_66_67_69_70_71_72_73_74_75_76_82_83_84_85_88_89_90_93_94_95_96_100_101_102_103_104_105_106_114_115_116_120_121_122_127_128_129_130_135_136_137_142_143_144_150_151_157_163_164_165_166_167_168_178_195_196_197_198_221_222_223_230_231_238_239_246_280_282_284_285_286_287 Fe^56      5.98e+07     75.53    316.27  -3006.47  -1070.81      0.00
43_44_52_79 Fe^56      6.00e+07     56.01     38.72   2323.53  -1823.57      0.00
0_1_2_3_4_6_7_8_9_10_12_13_14_15_16_19_20_21_22_23_26_27_28_29_30_33_34_35_36_37_38_42_43_44_45_46_50_51_52_53_54_55_56_57_58_59_60_61_62_63_64_65_66_67_68_72_73_74_75_76_77_78_79_80_81_82_83_84_85_86_87_88_89_90_91_92_93_94_95_96_97_98_103_104_105_106_107_108_109_110_111_112_113_114_115_116_117_118_119_120_121_122_123_124_125_126_127_128_129_130_131_132_133_134_135_136_137_138_139_140_141_142_143_144_145_146_147_148_149_150_151_152_153_154_155_156_157_158_159_160_161_162_167_168_169_170_171_172_173_174_175_176_177_178_179_180_181_182_183_184_185_186_187_188_189_190_191_192_193_194_198_199_200_201_202_203_204_205_206_207_208_209_210_211_212_213_214_215_216_217_218_219_220_225_226_227_228_229_233_234_235_236_237_241_242_243_244_245_249_250_251_252_256_257_258_259_263_264_265_269_270_271_274_275_276_277_278_279_280_281_282_283_284_285_286_287_288 Fe^56      6.04e+07     81.73     78.99   3102.62   -618.68      0.00
31_32_39_40_41_42_47_48_49_50_51_52_56_57_58_59_60_61_62_63_64_65_66_67_68_69_70_71_72_73_74_75_76_77_78_79_80_82_83_84_85_86_87_88_89_90_91_92_93_94_95_96_97_98_99_100_101_102_103_104_105_106_107_108_109_110_111_112_114_115_116_117_118_119_120_121_122_123_124_125_126_127_128_129_130_131_132_133_134_135_136_137_138_139_140_141_142_143_144_145_146_147_148_149_150_151_152_153_154_155_156_157_158_159_160_161_162_163_164_165_166_167_168_169_170_171_172_173_174_175_176_177_178_179_180_181_182_183_184_185_186_187_188_189_190_191_192_193_194_195_196_197_198_199_200_201_202_203_204_205_206_207_208_209_210_211_212_213_214_215_216_217_218_219_220_221_222_223_224_225_226_227_228_229_230_231_232_233_234_235_236_237_239_240_241_242_243_244_245_247_248_249_250_251_252_255_256_257_258_259_263_264_265_270_271_276_277_278_279_280_281_282_283_284_285_286_287_288 Fe^56      6.08e+07     79.83    198.67    690.28   1760.33      0.00
153_159_160_169_170_171_179_180_181_184_185_186_187_190_191_192_199_200_201_202_208_209_210_212_213_214_217_218_219_281_283_288 Fe^56      6.11e+07     45.80    314.47   -206.06    988.39      0.00
2_3_4_8_9_10_13_14_15_16_20_21_22_26_27_28_29_33_34_35_36_41_42_43_44_49_50_51_52_53_56_57_58_59_60_61_62_63_64_65_66_67_68_71_72_73_74_75_76_77_78_82_83_84_85_86_87_88_89_90_91_92_93_94_95_96_97_98_101_102_103_104_105_106_107_108_109_110_114_115_116_117_118_119_120_121_122_123_124_125_126_127_128_129_130_131_132_133_134_135_136_137_138_139_140_141_142_143_144_145_146_147_148_149_150_151_152_153_154_155_156_157_158_159_160_161_162_165_166_167_168_169_170_171_172_173_174_178_179_180_181_182_183_184_185_186_187_188_189_190_191_192_193_194_196_197_198_199_200_201_202_203_204_208_209_210_211_212_213_214_215_216_217_218_219_220_222_223_224_225_226_230_231_232_233_234_238_239_240_241_242_246_247_248_249_253_254_255_256_260_261_262_266_267_268_272_273_277_278_279_280_281_282_283_284_285_286_287_288 Fe^56      6.10e+07     79.59    297.56  -3440.69   4816.82      0.00
0_1_2_3_4_5_6_7_8_9_10_11_12_13_14_15_16_18_19_20_21_22_23_25_26_27_28_29_30_33_34_35_36_37_38_41_42_43_44_45_46_49_50_51_52_53_54_55_56_57_58_59_60_61_62_63_64_65_66_67_68_72_73_74_75_76_77_78_79_80_81_82_83_84_85_86_87_88_89_90_91_92_93_94_95_96_97_98_102_103_104_105_106_107_108_109_110_111_112_113_114_115_116_117_118_119_120_121_122_123_124_125_126_127_128_129_130_131_132_133_134_135_136_137_138_139_140_141_142_143_144_145_146_147_148_149_150_151_152_153_154_155_156_157_158_159_160_161_162_166_167_168_169_170_171_172_173_174_175_176_177_178_179_180_181_182_183_184_185_186_187_188_189_190_191_192_193_194_198_199_200_201_202_203_204_205_206_207_208_209_210_211_212_213_214_215_216_217_218_219_220_224_225_226_227_228_229_233_234_235_236_237_241_242_243_244_245_248_249_250_251_252_256_257_258_259_262_263_264_265_268_269_270_271_274_275_276_277_278_279_280_281_282_283_284_285_286_287_288 Fe^56      6.23e+07     82.19     75.76   3217.55   2345.29      0.00
76_77_78_79_80_81_83_84_85_86_87_88_89_90_91_92_93_94_95_96_97_98_102_103_104_105_106_107_108_109_110_111_112_113_114_115_116_117_118_119_120_121_122_123_124_125_126_127_128_129_130_131_132_133_134_135_136_137_138_139_140_141_142_143_144_145_146_147_148_149_150_151_152_153_154_155_156_157_158_159_160_161_162_164_165_166_167_168_169_170_171_172_173_174_175_176_177_178_179_180_181_182_183_184_185_186_187_188_189_190_191_192_193_194_195_196_197_198_199_200_201_202_203_204_205_206_207_208_209_210_211_212_213_214_215_216_217_218_219_220_221_222_223_224_225_226_227_228_229_230_231_232_233_234_235_236_237_238_239_240_241_242_243_244_245_246_247_248_249_250_251_252_253_254_255_256_257_258_259_277_278_279_280_281_282_283_284_285_286_287_288 Fe^56      6.31e+07     77.95    176.30   2048.11   2036.36      0.00
60_65_66_67_68_69_70_71_72_73_74_75_76_77_78_82_83_84_85_86_87_88_89_90_91_92_93_94_95_96_97_98_99_100_101_102_103_104_105_106_107_108_109_110_111_112_113_114_115_116_117_118_119_120_121_122_123_124_125_126_127_128_129_130_131_132_133_134_135_136_137_138_139_140_141_142_143_144_145_146_147_148_149_150_151_152_153_154_155_156_157_158_159_160_161_162_163_164_165_166_167_168_169_170_171_172_173_174_175_176_177_178_179_180_181_182_183_184_185_186_187_188_189_190_191_192_193_194_195_196_197_198_199_200_201_202_203_204_205_206_207_208_209_210_211_212_213_214_215_216_217_218_219_220_221_222_223_224_225_226_227_228_229_230_231_232_233_234_235_236_237_238_239_240_241_242_243_244_245_246_247_248_249_250_251_252_253_254_255_256_257_258_259_260_261_262_263_264_265_266_267_268_269_270_271_272_273_274_275_276_277_278_279_280_281_282_283_284_285_286_287_288 Fe^56      6.33e+07     84.90      1.26  -1711.29   6940.90      0.00
0_1_2_3_4_5_6_7_8_9_10_11_12_13_14_15_16_17_18_19_20_21_22_23_24_25_26_27_28_29_30_31_32_33_34_35_36_37_38_39_40_41_42_43_44_45_46_48_49_50_51_52_53_54_55_56_57_58_59_60_61_62_63_64_65_66_67_68_70_71_72_73_74_75_76_77_78_79_80_82_83_84_85_86_87_88_89_90_91_92_93_94_95_96_97_98_100_101_102_103_104_105_106_107_108_109_110_111_112_114_115_116_117_118_119_120_121_122_123_124_125_126_127_128_129_130_131_132_133_134_135_136_137_138_139_140_141_142_143_144_145_146_147_148_149_150_151_152_153_154_155_156_157_158_159_160_161_162_164_165_166_167_168_169_170_171_172_173_174_175_176_178_179_180_181_182_183_184_185_186_187_188_189_190_191_192_193_194_195_196_197_198_199_200_201_202_203_204_205_206_208_209_210_211_212_213_214_215_216_217_218_219_220_221_222_223_224_225_226_227_228_230_231_232_233_234_235_236_238_239_240_241_242_243_244_246_247_248_249_250_251_252_253_254_255_256_257_258_259_260_261_262_263_264_265_266_267_268_269_270_271_272_273_274_275_276_277_278_279_280_281_282_283_284_285_286_287_288 Fe^56      6.47e+07     83.95    100.76    831.26  -5880.53      0.00
231_238_239_240_246_247_248_253_254 Fe^56      6.58e+07     65.53    180.25  -5039.99   3816.64      0.00
39_40_41_42_43_44_45_46_47_48_49_50_51_52_53_54_55_56_57_58_59_60_61_62_63_64_65_66_67_68_69_70_71_72_73_74_75_76_77_78_79_80_81_82_83_84_85_86_87_88_89_90_91_92_93_94_95_96_97_98_99_100_101_102_103_104_105_106_107_108_109_110_111_112_113_114_115_116_117_118_119_120_121_122_123_124_125_126_127_128_129_130_131_132_133_134_135_136_137_138_139_140_141_142_143_144_145_146_147_148_149_150_151_152_153_154_155_156_157_158_159_160_161_162_163_164_165_166_167_168_169_170_171_172_173_174_175_176_177_178_179_180_181_182_183_184_185_186_187_188_189_190_191_192_193_194_195_196_197_198_199_200_201_202_203_204_205_206_207_208_209_210_211_212_213_214_215_216_217_218_219_220_221_222_223_224_225_226_227_228_229_230_231_232_233_234_235_236_237_238_239_240_241_242_243_244_245_246_247_248_249_250_251_252_253_254_255_256_257_258_259_260_261_262_263_264_265_266_267_268_269_270_271_272_273_274_275_276_277_278_279_280_281_282_283_284_285_286_287_288 Fe^56      6.71e+07     82.07    356.43   5010.09   2038.32      0.00
11_12_17_18_19_24_25_26_27_28_29_31_32_33_34_35_36_37_39_40_41_42_43_44_45_46_47_48_49_50_51_52_53_54_55_56_57_58_59_60_61_62_63_64_65_66_67_68_69_70_71_72_73_74_75_76_77_78_79_80_81_82_83_84_85_86_87_88_89_90_91_92_93_94_95_96_97_98_99_100_101_102_103_104_105_106_107_108_109_110_111_112_113_114_115_116_117_118_119_120_121_122_123_124_125_126_127_128_129_130_131_132_133_134_135_136_137_138_139_140_141_142_143_144_145_146_147_148_149_150_151_152_153_154_155_156_157_158_159_160_161_162_163_164_165_166_167_168_169_170_171_172_173_174_175_176_177_178_179_180_181_182_183_184_185_186_187_188_189_190_191_192_193_194_195_196_197_198_199_200_201_202_203_204_205_206_207_208_209_210_211_212_213_214_215_216_217_218_219_220_221_222_223_224_225_226_227_228_229_230_231_232_233_234_235_236_237_239_240_241_242_243_244_245_248_249_250_251_252_258_259_277_278_279_280_281_282_283_284_285_286_287_288 Fe^56      6.88e+07     81.04     11.96   1423.30    166.22      0.00
113_176_177_206_207_227_228_229_235_236_237_242_243_244_245_249_250_251_252_255_256_257_258_259_262_263_264_265_267_268_269_270_271_272_273_274_275_276 Fe^56      6.89e+07     75.37    320.80   2114.60   5018.89      0.00
1_2_3_4_6_7_8_9_10_12_13_14_15_16_18_19_20_21_22_23_25_26_27_28_29_30_32_33_34_35_36_37_38_40_41_42_43_44_45_46_48_49_50_51_52_53_54_55_56_57_58_59_60_61_62_63_64_65_66_67_68_70_71_72_73_74_75_76_77_78_79_80_81_82_83_84_85_86_87_88_89_90_91_92_93_94_95_96_97_98_101_102_103_104_105_106_107_108_109_110_111_112_113_114_115_116_117_118_119_120_121_122_123_124_125_126_127_128_129_130_131_132_133_134_135_136_137_138_139_140_141_142_143_144_145_146_147_148_149_150_151_152_153_154_155_156_157_158_159_160_161_162_164_165_166_167_168_169_170_171_172_173_174_175_176_177_178_179_180_181_182_183_184_185_186_187_188_189_190_191_192_193_194_196_197_198_199_200_201_202_203_204_205_206_207_208_209_210_211_212_213_214_215_216_217_218_219_220_221_222_223_224_225_226_227_228_229_230_231_232_233_234_235_236_237_238_239_240_241_242_243_244_245_246_247_248_249_250_251_252_253_254_255_256_257_258_259_260_261_262_263_264_265_266_267_268_269_270_271_272_273_274_275_276_277_278_279_280_281_282_283_284_285_286_287_288 Fe^56      6.96e+07     86.53    291.63   5106.68   2161.76      0.00
1_2_6_7_8_12_13_14_19_20_21_26_27_28_33_34_35_41_42_43_44_50_51_52_56_57_58_59_60_61_62_63_64_65_66_67_68_72_73_74_75_76_77_78_82_83_84_85_86_87_88_89_90_91_92_93_94_95_96_97_98_102_103_104_105_106_107_108_109_110_114_115_116_117_118_119_120_121_122_123_124_125_126_127_128_129_130_131_132_133_134_135_136_137_138_139_140_141_142_143_144_145_146_147_148_149_150_151_152_153_154_155_156_157_158_159_160_161_162_166_167_168_169_170_171_172_173_174_178_179_180_181_182_183_184_185_186_187_188_189_190_191_192_193_194_198_199_200_201_202_203_204_205_208_209_210_211_212_213_214_215_216_217_218_219_220_224_225_226_227_232_233_234_235_240_241_242_243_248_249_250_251_255_256_257_258_261_262_263_264_265_267_268_269_270_271_273_274_275_276_277_278_279_280_281_282_283_284_285_286_287_288 Fe^56      7.12e+07     79.27    263.35    754.42   5860.90      0.00
0_1_2_3_4_5_6_7_8_9_10_11_12_13_14_15_16_17_18_19_20_21_22_23_24_25_26_27_28_29_30_31_32_33_34_35_36_37_39_40_41_42_43_44_47_48_49_50_51_52_56_57_58_59_60_61_62_63_64_65_66_67_68_69_70_71_72_73_74_75_76_77_78_82_83_84_85_86_87_88_89_90_91_92_93_94_95_96_97_98_99_100_101_102_103_104_105_106_107_108_109_114_115_116_117_118_119_120_121_122_123_124_125_126_127_128_129_130_131_132_133_134_135_136_137_138_139_140_141_142_143_144_145_146_147_148_150_151_152_153_154_155_157_158_159_160_161_162_163_164_165_166_167_168_169_170_171_172_178_179_180_181_182_184_185_186_187_189_190_191_192_195_196_197_198_199_200_201_202_208_209_210_212_213_214_217_218_221_222_223_224_230_231_232_238_239_240_246_247_253_260_277_278_279_280_281_282_283_284_285_286_287_288 Fe^56      7.12e+07     82.49    318.64  -6860.29    422.51      0.00
0_5_6_7_11_12_13_14_15_16_17_18_19_20_21_22_23_24_25_26_27_28_29_30_31_32_33_34_35_36_37_38_39_40_41_42_43_44_45_46_47_48_49_50_51_52_53_54_55_56_57_58_59_60_61_62_63_64_65_66_67_68_69_70_71_72_73_74_75_76_77_78_79_80_81_82_83_84_85_86_87_88_89_90_91_92_93_94_95_96_97_98_99_100_101_102_103_104_105_106_107_108_109_110_111_112_113_114_115_116_117_118_119_120_121_122_123_124_125_126_127_128_129_130_131_132_133_134_135_136_137_138_139_140_141_142_143_144_145_146_147_148_149_150_151_152_153_154_155_156_157_158_159_160_161_162_163_164_165_166_167_168_169_170_171_172_173_174_175_176_177_178_179_180_181_182_183_184_185_186_187_188_189_190_191_192_193_194_195_196_197_198_199_200_201_202_203_204_205_206_207_208_209_210_211_212_213_214_215_216_217_218_219_220_221_222_223_224_225_226_227_228_229_230_231_232_233_234_235_236_237_238_239_240_241_242_243_244_245_247_248_249_250_251_252_258_259_277_278_279_280_281_282_283_284_285_286_287_288 Fe^56      7.13e+07     82.15      9.74   6369.36    202.21      0.00
11_12_13_14_15_17_18_19_20_21_22_23_24_25_26_27_28_29_30_31_32_33_34_35_36_37_38_39_40_41_42_43_44_45_46_47_48_49_50_51_52_53_54_55_56_57_58_59_60_61_62_63_64_65_66_67_68_69_70_71_72_73_74_75_76_77_78_79_80_81_82_83_84_85_86_87_88_89_90_91_92_93_94_95_96_97_98_99_100_101_102_103_104_105_106_107_108_109_110_111_112_113_114_115_116_117_118_119_120_121_122_123_124_125_126_127_128_129_130_131_132_133_134_135_136_137_138_139_140_141_142_143_144_145_146_147_148_149_150_151_152_153_154_155_156_157_158_159_160_161_162_163_164_165_166_167_168_169_170_171_172_173_174_175_176_177_178_179_180_181_182_183_184_185_186_187_188_189_190_191_192_193_194_195_196_197_198_199_200_201_202_203_204_205_206_207_208_209_210_211_212_213_214_215_216_217_218_219_220_221_222_223_224_225_226_227_228_229_230_231_232_233_234_235_236_237_239_240_241_242_243_244_245_251_252_277_278_279_280_281_282_283_284_285_286_287_288 Fe^56      7.17e+07     80.82    182.28  -4383.87  -1034.40      0.00
0_1_2_3_4_5_6_7_8_9_10_11_12_13_14_15_16_17_18_19_20_21_22_23_25_26_27_28_29_30_33_34_35_36_37_38_42_43_44_45_46_51_52_53_54_55_57_58_59_62_63_64_67_68_76_77_78_79_80_81_86_87_92_98_109_110_111_112_113_174_175_176_177_205_206_207_228_229_237 Fe^56      7.17e+07     83.55    211.98   4048.97  -6468.03      0.00
7_13_19_20_27_34_35_42_51 Fe^56      7.32e+07     64.35     77.12   -412.43  -4320.05      0.00
108_109_117_118_119_122_123_124_125_126_129_130_131_132_133_134_136_137_138_139_140_141_143_144_145_146_147_148_149_150_151_152_153_154_155_156_157_158_159_160_161_162_167_168_169_170_171_172_173_174_178_179_180_181_182_183_184_185_186_187_188_189_190_191_192_193_194_198_199_200_201_202_203_204_208_209_210_211_212_213_214_215_216_217_218_219_220_277_278_281_283_285_288 Fe^56      7.32e+07     60.48    348.70    643.18    639.89      0.00
0_1_2_3_4_5_6_7_8_9_10_11_12_13_14_15_16_17_18_19_20_21_22_23_24_25_26_27_28_29_30_31_32_33_34_35_36_37_38_39_40_41_42_43_44_45_46_47_48_49_50_51_52_53_54_55_56_57_58_59_60_61_62_63_64_65_66_67_68_69_70_71_72_73_74_75_76_77_78_79_80_81_82_83_84_85_86_87_88_89_90_91_92_93_94_95_96_97_98_99_100_101_102_103_104_105_106_107_108_109_110_111_112_113_114_115_116_117_118_119_120_121_122_123_124_125_126_127_128_129_130_131_132_133_134_135_136_137_138_139_140_141_142_143_144_145_146_147_148_149_150_151_152_153_154_155_156_157_158_159_160_161_162_163_164_165_166_167_168_169_170_171_172_173_174_175_176_177_178_179_180_181_182_183_184_185_186_187_188_189_190_191_192_193_194_195_196_197_198_199_200_201_202_203_204_205_206_207_208_209_210_211_212_213_214_215_216_217_218_219_220_221_222_223_224_225_226_227_228_229_230_231_232_233_234_235_236_237_238_239_240_241_242_243_244_245_246_247_248_249_250_251_252_253_254_255_256_257_258_259_260_261_262_263_264_265_266_267_268_269_270_271_272_273_274_275_276_277_278_279_280_281_282_283_284_285_286_287_288 Fe^56      7.32e+07     85.07    303.39  -2430.12   3029.31      0.00
64_77_78_79_87_92_98_109_110_119_126_134 Fe^56      7.41e+07     56.00    188.63   2255.47   -854.36      0.00
13_19_20_27 Fe^56      7.43e+07     53.46    172.07   -780.41  -4688.50      0.00
0_1_2_5_6_7_11_12_13_17_18_19_20_24_25_26_27_31_32_33_34_40_41_42_48_49_50_51_56_57_60_61_62_65_66_70_71_72_73_74_75_82_83_84_88_89_90_93_94_95_101_102_103_104_105_106_114_115_116_120_121_122_123_127_128_129_130_135_136_137_138_142_143_144_145_150_151_152_153_157_158_159_165_166_167_168_169_170_178_179_180_184_185_186_189_190_191_196_197_198_199_200_201_208_209_212_213_214_217_218_222_223_224_231_232_233_239_240_241_247_248_254_255_260_261_262_267_272_273_281_282_283_284_285_286_287 Fe^56      7.43e+07     77.53     87.29  -2931.94  -4181.02      0.00
0_1_2_3_4_5_6_7_8_9_10_11_12_13_14_15_16_17_18_19_20_21_22_23_24_25_26_27_28_29_30_31_32_33_34_35_36_37_38_39_40_41_42_43_44_45_46_47_48_49_50_51_52_53_54_56_57_58_59_60_61_62_63_64_65_66_67_68_69_70_71_72_73_74_75_76_77_78_79_80_82_83_84_85_86_87_88_89_90_91_92_93_94_95_96_97_98_99_100_101_102_103_104_105_106_107_108_109_110_111_112_114_115_116_117_118_119_120_121_122_123_124_125_126_127_128_129_130_131_132_133_134_135_136_137_138_139_140_141_142_143_144_145_146_147_148_149_150_151_152_153_154_155_156_157_158_159_160_161_162_163_164_165_166_167_168_169_170_171_172_173_174_175_176_178_179_180_181_182_183_184_185_186_187_188_189_190_191_192_193_194_195_196_197_198_199_200_201_202_203_204_205_206_208_209_210_211_212_213_214_215_216_217_218_219_220_221_222_223_224_225_226_227_228_230_231_232_233_234_235_236_238_239_240_241_242_243_244_246_247_248_249_250_251_252_253_254_255_256_257_258_259_260_261_262_263_264_265_266_267_268_269_270_271_272_273_274_275_276_277_278_279_280_281_282_283_284_285_286_287_288 Fe^56      7.55e+07     86.98     96.94  -5291.63  -4057.57      0.00
39_40_41_42_43_47_48_49_50_51_52_53_56_57_58_59_60_61_62_63_64_65_66_67_68_69_70_71_72_73_74_75_76_77_78_79_80_81_82_83_84_85_86_87_88_89_90_91_92_93_94_95_96_97_98_99_100_101_102_103_104_105_106_107_108_109_110_111_112_113_114_115_116_117_118_119_120_121_122_123_124_125_126_127_128_129_130_131_132_133_134_135_136_137_138_139_140_141_142_143_144_145_146_147_148_149_150_151_152_153_154_155_156_157_158_159_160_161_162_164_165_166_167_168_169_170_171_172_173_174_175_176_177_178_179_180_181_182_183_184_185_186_187_188_189_190_191_192_193_194_196_197_198_199_200_201_202_203_204_205_206_207_208_209_210_211_212_213_214_215_216_217_218_219_220_224_225_226_227_228_229_234_235_236_237_245_277_278_279_280_281_282_283_284_285_286_287_288 Fe^56      7.61e+07     75.45    190.56   -616.47   -164.35      0.00
0_1_2_3_4_5_6_7_8_9_10_11_12_13_14_15_16_17_18_19_20_21_22_23_24_25_26_27_28_29_30_31_32_33_34_35_36_37_38_39_40_41_42_43_44_45_46_47_48_49_50_51_52_53_54_55_56_57_58_59_60_61_62_63_64_65_66_67_68_69_70_71_72_73_74_75_76_77_78_79_80_81_82_83_84_85_86_87_88_89_90_91_92_93_94_95_96_97_98_99_100_101_102_103_104_105_106_107_108_109_110_111_112_113_114_115_116_117_118_119_120_121_122_123_124_125_126_127_128_129_130_131_132_133_134_135_136_137_138_139_140_141_142_143_144_145_146_147_148_149_150_151_152_153_154_155_156_157_158_159_160_161_162_163_164_165_166_167_168_169_170_171_172_173_174_175_176_177_178_179_180_181_182_183_184_185_186_187_188_189_190_191_192_193_194_195_196_197_198_199_200_201_202_203_204_205_206_207_208_209_210_211_212_213_214_215_216_217_218_219_220_221_222_223_224_225_226_227_228_229_230_231_232_233_234_235_236_237_238_239_240_241_242_243_244_245_246_247_248_249_250_251_252_253_254_255_256_257_258_259_260_261_262_263_264_265_268_269_270_271_274_275_276_277_278_279_280_281_282_283_284_285_286_287_288 Fe^56      7.63e+07     86.59    203.49  -3489.84  -6446.66      0.00
0_1_2_3_4_5_6_7_8_9_10_11_12_13_14_15_16_17_18_19_20_21_22_23_24_25_26_27_28_29_30_31_32_33_34_35_36_37_38_39_40_41_42_43_44_45_46_47_48_49_50_51_52_53_54_55_56_57_58_59_60_61_62_63_64_65_66_67_68_69_70_71_72_73_74_75_76_77_78_79_80_81_82_83_84_85_86_87_88_89_90_91_92_93_94_95_96_97_98_99_100_101_102_103_104_105_106_107_108_109_110_111_112_113_114_115_116_117_118_119_120_121_122_123_124_125_126_127_128_129_130_131_132_133_134_135_136_137_138_139_140_141_142_143_144_145_146_147_148_149_150_151_152_153_154_155_156_157_158_159_160_161_162_163_164_165_166_167_168_169_170_171_172_173_174_175_176_177_178_179_180_181_182_183_184_185_186_187_188_189_190_191_192_193_194_195_196_197_198_199_200_201_202_203_204_205_206_207_208_209_210_211_212_213_214_215_216_217_218_219_220_221_222_223_224_225_226_227_228_229_230_231_232_233_234_235_236_237_238_239_240_241_242_243_244_245_246_247_248_249_250_251_252_253_254_255_256_257_258_259_260_261_262_263_264_265_266_267_268_269_270_271_272_273_274_275_276_277_278_279_280_281_282_283_284_285_286_287_288 Fe^56      7.60e+07     87.22     64.39  -1134.57  -1187.52      0.00
81_113_176_177_207_229_237 Fe^56      7.78e+07     63.80    114.97   7201.57    717.56      0.00
0_1_2_5_6_7_11_12_13_14_17_18_19_20_24_25_26_27_28_31_32_33_34_35_39_40_41_42_43_44_47_48_49_50_51_52_56_57_58_59_60_61_62_63_64_65_66_67_68_69_70_71_72_73_74_75_76_77_78_82_83_84_85_86_87_88_89_90_91_92_93_94_95_96_97_98_99_100_101_102_103_104_105_106_107_108_109_110_114_115_116_117_118_119_120_121_122_123_124_125_126_127_128_129_130_131_132_133_134_135_136_137_138_139_140_141_142_143_144_145_146_147_148_149_150_151_152_153_154_155_156_157_158_159_160_161_162_163_164_165_166_167_168_169_170_171_172_173_174_178_179_180_181_182_183_184_185_186_187_188_189_190_191_192_193_194_195_196_197_198_199_200_201_202_203_204_205_208_209_210_211_212_213_214_215_216_217_218_219_220_221_222_223_224_225_226_227_230_231_232_233_234_235_236_238_239_240_241_242_243_244_246_247_248_249_250_251_252_253_254_255_256_257_258_259_260_261_262_263_264_265_266_267_268_269_270_271_272_273_274_275_276_277_278_279_280_281_282_283_284_285_286_287_288 Fe^56      7.90e+07     82.22    245.73  -2930.45  -1611.93      0.00
267_268_272_273_274 Fe^56      8.04e+07     61.60    353.54  -1613.50   6715.52      0.00
103_104_114_115_120_121_122_123_127_128_129_130_135_136_137_138_142_143_144_145_146_150_151_152_153_157_158_159_160_165_166_167_168_169_170_178_179_180_181_184_185_186_189_190_191_196_197_198_199_200_201_208_209_212_213_217_221_222_223_224_230_231_232_281_283_284_285_286_287 Fe^56      8.04e+07     67.50    341.88  -3051.04   1213.86      0.00
56_57_60_61_62_65_66_73_74_75_82_83_84_85_88_89_90_93_94_95_96_103_104_105_106_114_115_116_117_120_121_122_123_124_127_128_129_130_131_135_136_137_138_139_142_143_144_145_146_150_151_152_153_154_157_158_159_160_167_168_169_170_171_178_179_180_181_184_185_186_189_190_191_192_199_200_201_208_209_210_212_213_214_217_218_278_281_282_283_284_285_286_287 Fe^56      8.06e+07     56.53     77.17   -589.71   -171.17      0.00
1_2_3_4_5_6_7_8_9_10_11_12_13_14_15_16_17_18_19_20_21_22_23_24_25_26_27_28_29_30_31_32_33_34_35_36_37_38_39_40_41_42_43_44_45_46_47_48_49_50_51_52_53_54_55_56_57_58_59_60_61_62_63_64_65_66_67_68_69_70_71_72_73_74_75_76_77_78_79_80_81_82_83_84_85_86_87_88_89_90_91_92_93_94_95_96_97_98_99_100_101_102_103_104_105_106_107_108_109_110_111_112_114_115_116_117_118_119_120_121_122_123_124_125_126_127_128_129_130_131_132_133_134_135_136_137_138_139_140_141_142_143_144_145_146_147_148_149_150_151_152_153_154_157_163_164_165_166_278_279_280_282_284_286_287 Fe^56      8.24e+07     79.77    170.57   2209.74  -4018.30      0.00
134_141_149_156_173 Fe^56      8.20e+07     31.30    143.39   1666.53    223.37      0.00
0_1_2_3_4_5_6_7_8_9_10_11_12_13_14_15_16_17_18_19_20_21_22_23_24_25_26_27_28_29_30_31_32_33_34_35_36_37_38_39_40_41_42_43_44_45_46_47_48_49_50_51_52_53_54_55_56_57_58_59_60_61_62_63_64_65_66_67_68_69_70_71_72_73_74_75_76_77_78_79_80_81_82_83_84_85_86_87_88_89_90_91_92_93_94_95_96_97_98_99_100_101_102_103_104_105_106_107_108_109_110_111_112_113_114_115_116_117_118_119_120_121_122_123_124_125_126_127_128_129_130_131_132_133_134_135_136_137_138_139_140_141_142_143_144_145_146_147_148_149_150_151_152_153_154_155_156_157_158_159_160_161_162_163_164_165_166_167_168_169_170_171_172_173_174_175_176_177_178_179_180_181_182_183_184_185_186_187_188_189_190_191_192_193_194_195_196_197_198_199_200_201_202_203_204_205_206_207_208_209_210_211_212_213_214_215_216_217_218_219_220_221_222_223_224_225_226_227_228_229_231_232_233_234_235_236_237_242_243_244_245_251_252_277_278_279_280_281_282_283_284_285_286_287_288 Fe^56      8.36e+07     84.33     13.68  -3704.98  -4645.46      0.00
0_6_12_13_19 Fe^56      8.38e+07     60.64     43.67  -2366.57  -5956.44      0.00
33_41_42_49_50_51_56_57_58_59_60_61_62_63_64_65_66_67_68_72_73_74_75_76_77_78_82_83_84_85_86_87_88_89_90_91_92_93_94_95_96_97_98_102_103_104_105_106_107_108_109_110_114_115_116_117_118_119_120_121_122_123_124_125_126_127_128_129_130_131_132_133_134_135_136_137_138_139_140_141_142_143_144_145_146_147_148_149_150_151_152_153_154_155_156_157_158_159_160_161_162_167_168_169_170_171_172_173_174_178_179_180_181_182_183_184_185_186_187_188_189_190_191_192_193_194_198_199_200_201_202_203_204_205_208_209_210_211_212_213_214_215_216_217_218_219_220_225_226_227_228_234_235_236_242_243_244_245_250_251_252_257_258_259_264_265_271_277_278_279_280_281_282_283_284_285_286_287_288 Fe^56      8.43e+07     74.13    226.31   1626.10   1609.37      0.00
54_55_78_79_80_81_110_111_112_113_126_134_141_149_174_175 Fe^56      8.48e+07     66.56    169.35   4415.89   -715.12      0.00
5_11_12_17_18_19_24_25_26_27_31_32_33_34_39_40_41_42_43_47_48_49_50_51_52_56_57_58_59_60_61_62_63_64_65_66_67_68_69_70_71_72_73_74_75_76_77_78_79_82_83_84_85_86_87_88_89_90_91_92_93_94_95_96_97_98_99_100_101_102_103_104_105_106_107_108_109_110_111_114_115_116_117_118_119_120_121_122_123_124_125_126_127_128_129_130_131_132_133_134_135_136_137_138_139_140_141_142_143_144_145_146_147_148_149_150_151_152_153_154_155_156_157_158_159_160_161_162_163_164_165_166_167_168_169_170_171_172_173_174_175_176_178_179_180_181_182_183_184_185_186_187_188_189_190_191_192_193_194_195_196_197_198_199_200_201_202_203_204_205_206_207_208_209_210_211_212_213_214_215_216_217_218_219_220_221_222_223_224_225_226_227_228_229_230_231_232_233_234_235_236_237_238_239_240_241_242_243_244_245_246_247_248_249_250_251_252_253_254_255_256_257_258_259_260_261_262_263_264_265_266_267_268_269_270_271_272_273_274_275_276_277_278_279_280_281_282_283_284_285_286_287_288 Fe^56      8.40e+07     84.59    218.44  -6813.35    395.87      0.00
11_17_18_24_25_26_31_32_33_34_39_40_41_42_43_47_48_49_50_51_52_56_57_58_59_60_61_62_63_64_65_66_67_68_69_70_71_72_73_74_75_76_77_78_79_82_83_84_85_86_87_88_89_90_91_92_93_94_95_96_97_98_99_100_101_102_103_104_105_106_107_108_109_110_111_112_114_115_116_117_118_119_120_121_122_123_124_125_126_127_128_129_130_131_132_133_134_135_136_137_138_139_140_141_142_143_144_145_146_147_148_149_150_151_152_153_154_155_156_157_158_159_160_161_162_163_164_165_166_167_168_169_170_171_172_173_174_175_176_177_178_179_180_181_182_183_184_185_186_187_188_189_190_191_192_193_194_195_196_197_198_199_200_201_202_203_204_205_206_207_208_209_210_211_212_213_214_215_216_217_218_219_220_221_222_223_224_225_226_227_228_229_230_231_232_233_234_235_236_237_238_239_240_241_242_243_244_245_246_247_248_249_250_251_252_253_254_255_256_257_258_259_260_261_262_263_264_265_266_267_268_269_270_271_272_273_274_275_276_277_278_279_280_281_282_283_284_285_286_287_288 Fe^56      8.82e+07     86.55    209.75  -3810.93   7014.32      0.00
55_81_112_113_176_177_207_229_237 Fe^56      8.99e+07     70.73    267.75   7725.27     87.99      0.00
60_65_72_73_82_83_88_89_93_94_103_104_105_114_115_116_120_121_122_127_128_129_130_135_136_137_142_143_144_151_284_286_287 Fe^56      9.01e+07     50.49    214.90  -1433.50   -760.78      0.00
139_140_146_147_148_154_155_156_160_161_162_170_171_172_173_181_182_183_186_187_188_192_193_194_202_203_211_277_288 Fe^56      9.16e+07     39.00    171.83    695.48    546.56      0.00
258_265_271_276 Fe^56      9.16e+07     54.80    125.08   3730.69   5841.12      0.00
92_97_98_107_108_109_110_117_118_119_124_125_126_131_132_133_134_139_140_141_146_147_148_149_154_155_156_160_161_162_171_172_173_174_182_183_188_193_194_203_204_205_277_278_279 Fe^56      9.10e+07     59.37    202.33   1916.42    430.01      0.00
204_216_220_225_226_234_235 Fe^56      9.29e+07     58.87    154.10   1203.48   2060.59      0.00
12_13_14_15_18_19_20_21_22_24_25_26_27_28_29_31_32_33_34_35_36_39_40_41_42_43_47_48_49_50_51 Fe^56      9.36e+07     72.88    349.60  -1098.41  -3721.65      0.00
71_101_102_165_166_197_198_223_224_231_232_233_240_241_247_248_249_254_255_256_261_262_267_268_273_274 Fe^56      9.40e+07     72.36    249.28  -2345.04   3063.86      0.00
4_10_15_16_22_23_28_29_30_36_37_38_43_44_45_46_52_53_54_58_59_62_63_64_67_68_75_76_77_78_79_80_84_85_86_87_90_91_92_95_96_97_98_106_107_108_109_110_111_112_116_117_118_119_122_123_124_125_126_130_131_132_133_134_137_138_139_140_141_144_145_146_147_148_149_152_153_154_155_156_158_159_160_161_162_168_169_170_171_172_173_174_175_176_179_180_181_182_183_184_185_186_187_188_190_191_192_193_194_199_200_201_202_203_204_205_206_208_209_210_211_212_213_214_215_216_217_218_219_220_225_226_227_228_233_234_235_236_241_242_243_244_248_249_250_251_252_255_256_257_258_261_262_263_264_265_267_268_269_270_271_272_273_274_275_276_277_278_279_280_281_282_283_284_285_288 Fe^56      9.55e+07     79.26    289.71   1012.44   5604.17      0.00
0_1_2_3_4_5_6_7_8_9_10_11_12_13_14_15_16_17_18_19_20_21_22_23_24_25_26_27_28_29_30_31_32_33_34_35_36_37_38_39_40_41_42_43_44_45_46_47_48_49_50_51_52_53_54_55_56_57_58_59_60_61_62_63_64_65_66_67_68_69_70_71_72_73_74_75_76_77_78_79_80_81_82_83_84_85_86_87_88_89_90_91_92_93_94_95_96_97_98_99_100_101_102_103_104_105_106_107_108_109_110_111_112_113_114_115_116_117_118_119_120_121_122_123_124_125_126_127_128_129_130_131_132_133_134_135_136_137_138_139_140_141_142_143_144_145_146_147_148_149_150_151_152_153_154_155_156_157_158_159_160_161_162_163_164_165_166_167_168_169_170_171_172_173_174_175_176_177_178_179_180_181_182_183_184_185_186_187_188_189_190_191_192_193_194_195_196_197_198_199_200_201_202_203_204_205_206_207_208_209_210_211_212_213_214_215_216_217_218_219_220_221_222_223_224_225_226_227_228_229_230_231_232_233_234_235_236_237_238_239_240_241_242_243_244_245_246_247_248_249_250_251_252_253_254_255_256_257_258_259_260_261_262_263_264_265_266_267_268_269_270_271_272_273_274_275_276_277_278_279_280_281_282_283_284_285_286_287_288 Fe^56      9.67e+07     86.38    225.00  -4166.71  -4901.48      0.00
255_262_267_273 Fe^56      9.71e+07     53.84    124.55  -2053.78   6403.25      0.00
17_24_31_39_40_47_48_69_70_71_99_100_101_163_164_165_195_196_197_221_222_223_230_231_232_238_239_240_246_247_248_253_254_255_260_261_262_266_267_268_272_273 Fe^56      9.72e+07     80.38     64.32  -6430.67   2440.85      0.00
63_64_67_68_76_77_78_85_86_87_90_91_92_96_97_98_106_107_108_109_117_118_119_123_124_125_126_131_132_133_134_139_140_141_147_148_278_279_280 Fe^56      9.74e+07     48.69    353.74   1079.04   -628.70      0.00
0_1_2_3_4_5_6_7_8_9_10_11_12_13_14_15_16_17_18_19_20_21_22_24_25_26_27_28_29_31_32_33_34_35_36_37_39_40_41_42_43_44_45_47_48_49_50_51_52_53_56_57_58_59_60_61_62_63_64_65_66_67_68_69_70_71_72_73_74_75_76_77_78_79_82_83_84_85_86_87_88_89_90_91_92_93_94_95_96_97_98_99_100_101_102_103_104_105_106_107_108_109_110_111_114_115_116_117_118_119_120_121_122_123_124_125_126_127_128_129_130_131_132_133_134_135_136_137_138_139_140_141_142_143_144_145_146_147_148_149_150_151_152_153_154_155_156_157_158_159_160_161_162_163_164_165_166_167_168_169_170_171_172_173_174_175_178_179_180_181_182_183_184_185_186_187_188_189_190_191_192_193_194_195_196_197_198_199_200_201_202_203_204_205_208_209_210_211_212_213_214_215_216_217_218_219_220_221_222_223_224_225_226_227_230_231_232_233_234_235_236_238_239_240_241_242_243_244_246_247_248_249_250_251_253_254_255_256_257_258_260_261_262_263_264_265_266_267_268_269_270_271_272_273_274_275_276_277_278_279_280_281_282_283_284_285_286_287_288 Fe^56      9.73e+07     83.68    268.77  -2119.13  -2786.26      0.00
30_36_37_38_41_42_43_44_45_46_49_50_51_52_53_54_55_56_57_58_59_60_61_62_63_64_65_66_67_68_69_70_71_72_73_74_75_76_77_78_79_80_81_82_83_84_85_86_87_88_89_90_91_92_93_94_95_96_97_98_99_100_101_102_103_104_105_106_107_108_109_110_111_112_113_114_115_116_117_118_119_120_121_122_123_124_125_126_127_128_129_130_131_132_133_134_135_136_137_138_139_140_141_142_143_144_145_146_147_148_149_150_151_152_153_154_155_156_157_158_159_160_161_162_163_164_165_166_167_168_169_170_171_172_173_174_175_176_177_178_179_180_181_182_183_184_185_186_187_188_189_190_191_192_193_194_195_196_197_198_199_200_201_202_203_204_205_206_207_208_209_210_211_212_213_214_215_216_217_218_219_220_221_222_223_224_225_226_227_228_229_230_231_232_233_234_235_236_237_238_239_240_241_242_243_244_245_246_247_248_249_250_251_252_253_254_255_256_257_258_259_260_261_262_263_264_265_266_267_268_269_270_271_272_273_274_275_276_277_278_279_280_281_282_283_284_285_286_287_288 Fe^56      9.74e+07     84.95    169.90  -1564.72   5624.00      0.00
11_17_24_25_31_32_33_39_40_41_47_48_49_50_60_65_69_70_71_72_73_82_83_88_89_93_94_95_99_100_101_102_103_104_105_114_115_116_120_121_122_123_127_128_129_130_135_136_137_138_142_143_144_145_146_150_151_152_153_154_157_158_159_160_163_164_165_166_167_168_169_170_171_178_179_180_181_182_184_185_186_187_188_189_190_191_192_193_195_196_197_198_199_200_201_202_203_208_209_210_211_212_213_214_215_216_217_218_219_220_221_222_223_224_225_226_230_231_232_233_234_238_239_240_241_242_243_246_247_248_249_250_253_254_255_256_257_258_260_261_262_263_264_265_266_267_268_269_270_271_272_273_274_275_276_281_283_284_285_286_287_288 Fe^56      9.78e+07     83.25     50.23  -5801.61   2378.25      0.00
31_39_40_47_48_69_70_100_101_164_165_196_197_222_223_231_239_247 Fe^56      9.83e+07     69.24     65.32  -4990.75      0.69      0.00
57_58_59_61_62_63_64_66_67_68_74_75_76_77_84_85_86_87_89_90_91_92_95_96_97_98_106_107_108_117_118_119_124_125_279_280_282 Fe^56      9.91e+07     44.21    212.23    244.02   -971.21      0.00
72_103_120_127 Fe^56      1.02e+08     33.30    116.16  -1750.72   -447.69      0.00
31_39_47_48_69_70_99_100_163_164_165_195_196_221_222_223_230_231_238_239_246_247_253_254_260_261_266_267_272_273 Fe^56      1.03e+08     76.93    248.45  -6512.55   1970.10      0.00
0_1_2_3_4_5_6_7_8_9_10_11_12_13_14_15_16_17_18_19_20_21_22_23_24_25_26_27_28_29_30_31_32_33_34_35_36_37_38_39_40_41_42_43_44_45_46_48_49_50_51_52_53_54_55_56_57_58_59_60_61_62_63_64_65_66_67_68_70_71_72_73_74_75_76_77_78_79_80_81_82_83_84_85_86_87_88_89_90_91_92_93_94_95_96_97_98_101_102_103_104_105_106_107_108_109_110_111_112_113_114_115_116_117_118_119_120_121_122_123_124_125_126_127_128_129_130_131_132_133_134_135_136_137_138_139_140_141_142_143_144_145_146_147_148_149_150_151_152_153_154_155_156_157_158_159_160_161_162_165_166_167_168_169_170_171_172_173_174_175_176_177_178_179_180_181_182_183_184_185_186_187_188_189_190_191_192_193_194_196_197_198_199_200_201_202_203_204_205_206_207_208_209_210_211_212_213_214_215_216_217_218_219_220_223_224_225_226_227_228_229_231_232_233_234_235_236_237_240_241_242_243_244_245_247_248_249_250_251_252_254_255_256_257_258_259_261_262_263_264_265_267_268_269_270_271_273_274_275_276_277_278_279_280_281_282_283_284_285_286_287_288 Fe^56      1.04e+08     83.56    246.97   -480.71  -4794.58      0.00
29_36_44_53_79 Fe^56      1.05e+08     58.42    264.58   3075.69  -3269.18      0.00
0_5_6_11_18 Fe^56      1.05e+08     63.34     99.61  -3565.51  -6849.01      0.00
44_45_52_53_54_59_64_68_76_77_78_79_85_86_87_90_91_92_96_97_98_106_107_108_109_110_116_117_118_119_123_124_125_126_130_131_132_133_134_137_138_139_140_141_145_146_147_148_149_152_153_154_155_156_159_160_161_162_169_170_171_172_173_174_180_181_182_183_185_186_187_188_191_192_193_194_201_202_203_204_210_211_215_277_278_279_280_281_283_288 Fe^56      1.06e+08     65.13    327.88   2798.20  -1175.43      0.00
0_1_2_3_4_5_6_7_8_9_10_11_12_13_14_15_16_17_18_19_20_21_22_23_24_25_26_27_28_29_30_31_32_33_34_35_36_37_38_39_40_41_42_43_44_45_46_47_48_49_50_51_52_53_54_55_56_57_58_59_60_61_62_63_64_65_66_67_68_69_70_71_72_73_74_75_76_77_78_79_80_81_82_83_84_85_86_87_88_89_90_91_92_93_94_95_96_97_98_99_100_101_102_103_104_105_106_107_108_109_110_111_112_113_114_115_116_117_118_119_120_121_122_123_124_125_126_127_128_129_130_131_132_133_134_135_136_137_138_139_140_141_142_143_144_145_146_147_148_149_150_151_152_153_154_155_156_157_158_159_160_161_162_163_164_165_166_167_168_169_170_171_172_173_174_175_176_177_178_179_180_181_182_183_184_185_186_187_188_189_190_191_192_193_194_195_196_197_198_199_200_201_202_203_204_205_206_207_208_209_210_211_212_213_214_215_216_217_218_219_220_221_222_223_224_225_226_227_228_229_230_231_232_233_234_235_236_237_238_239_240_241_242_243_244_245_246_247_248_249_250_251_252_253_254_255_256_257_258_259_260_261_262_263_264_265_266_267_268_269_270_271_272_273_274_275_276_277_278_279_280_281_282_283_284_285_286_287_288 Fe^56      1.12e+08     85.67     40.72  -4690.41  -4429.42      0.00
0_1_2_3_4_5_6_7_8_9_10_11_12_13_14_15_16_17_18_19_20_21_22_24_25_26_27_28_31_32_33_34_35_39_40_41_42_47_48_49_50_69_70_99_100_163 Fe^56      1.13e+08     79.98    152.34  -1636.67  -6534.95      0.00
17_24_25_26_31_32_33_34_35_39_40_41_42_43_48_49_50_51_52_56_57_58_59_60_61_62_63_65_66 Fe^56      1.17e+08     69.39     11.91  -2247.86  -2943.64      0.00
0_1_2_3_4_5_6_7_8_9_10_11_12_13_14_15_16_17_18_19_20_21_22_23_24_25_26_27_28_29_30_31_32_33_34_35_36_37_38_39_40_41_42_43_44_45_46_47_48_49_50_51_52_53_54_55_56_57_58_59_60_61_62_63_64_65_66_67_68_69_70_71_72_73_74_75_76_77_78_79_80_81_82_83_84_85_86_87_88_89_90_91_92_93_94_95_96_97_98_99_100_101_102_103_104_105_106_107_108_109_110_111_112_113_114_115_116_117_118_119_120_121_122_123_124_125_126_127_128_129_130_131_132_133_134_135_136_137_138_139_140_141_142_143_144_145_146_147_148_149_150_151_152_153_154_155_156_157_158_159_160_161_162_163_164_165_166_167_168_169_170_171_172_173_174_175_176_177_178_179_180_181_182_183_184_185_186_187_188_189_190_191_192_193_194_195_196_197_198_199_200_201_202_203_204_205_206_207_208_209_210_211_212_213_214_215_216_217_218_219_220_221_222_223_224_225_226_227_228_229_230_231_232_233_234_235_236_237_238_239_240_241_242_243_244_245_246_247_248_249_250_251_252_253_254_255_256_257_258_259_260_261_262_263_264_265_266_267_268_269_270_271_272_273_274_275_276_277_278_279_280_281_282_283_284_285_286_287_288 Fe^56      1.17e+08     86.70    337.04   4533.11   -895.86      0.00
99_163_164_165_195_196_197_221_222_223_224_230_231_232_233_238_239_240_241_242_246_247_248_249_250_254_255_256_257_261_262_263_264_268_269_270_275_276 Fe^56      1.21e+08     73.33     26.08  -1950.48   3825.05      0.00
1_2_3_4_7_8_9_10_13_14_15_16_19_20_21_22_23_27_28_29_30_34_35_36_37_38_42_43_44_45_46_51_52_53_54_55_57_58_59_61_62_63_64_66_67_68_75_76_77_78_79_80_81_84_85_86_87_90_91_92_95_96_97_98_106_107_108_109_110_111_112_113_117_118_119_123_124_125_126_131_132_133_134_138_139_140_141_146_147_148_149_154_155_156_160_161_162_171_172_173_174_175_176_177_182_183_187_188_193_194_202_203_204_205_206_207_211_216_220_226_227_228_229_235_236_237_243_244_245_250_251_252_258_259_264_265_271_276_277_278_279_280_282_288 Fe^56      1.22e+08     80.76     70.97   4506.46   -346.71      0.00
16_23_29_30_37_38_44_45_46_53_54_55_78_79_80_81_109_110_111_112_113_119_126_133_134_140_141_148_149_155_156_161_162_172_173_174_175_176_177_182_183_187_188_193_194_202_203_204_205_206_207_210_211_215_216_219_220_225_226_227_228_229_234_235_236_237_241_242_243_244_245_249_250_251_252_256_257_258_259_262_263_264_265_268_269_270_271_273_274_275_276_277_288 Fe^56      1.23e+08     77.94    298.80   5367.98  -1403.61      0.00
69_70_71_100_101_102_127_135_142_150_165_166_197 Fe^56      1.27e+08     64.73     12.25  -4008.84   -354.01      0.00
3_4_8_9_10_14_15_16_20_21_22_23_26_27_28_29_30_34_35_36_37_38_41_42_43_44_45_46_49_50_51_52_53_54_55_56_57_58_59_60_61_62_63_64_65_66_67_68_71_72_73_74_75_76_77_78_79_80_81_82_83_84_85_86_87_88_89_90_91_92_93_94_95_96_97_98_101_102_103_104_105_106_107_108_109_110_111_112_113_114_115_116_117_118_119_120_121_122_123_124_125_126_127_128_129_130_131_132_133_134_135_136_137_138_139_140_141_142_143_144_145_146_147_148_149_150_151_152_153_154_155_156_157_158_159_160_161_162_164_165_166_167_168_169_170_171_172_173_174_175_176_177_178_179_180_181_182_183_184_185_186_187_188_189_190_191_192_193_194_196_197_198_199_200_201_202_203_204_205_206_207_208_209_210_211_212_213_214_215_216_217_218_219_220_221_222_223_224_225_226_227_228_229_230_231_232_233_234_235_236_237_238_239_240_241_242_243_244_245_246_247_248_249_250_251_252_253_254_255_256_257_258_259_260_261_262_263_264_265_266_267_268_269_270_271_272_273_274_275_276_277_278_279_280_281_282_283_284_285_286_287_288 Fe^56      1.27e+08     85.61    312.86   5576.10   1870.80      0.00
108_109_118_119_124_125_126_131_132_133_134_138_139_140_141_145_146_147_148_149_152_153_154_155_156_159_160_161_162_169_170_171_172_173_179_180_181_182_183_184_185_186_187_188_190_191_192_193_194_199_200_201_202_203_204_208_209_210_211_212_213_214_215_216_217_218_219_220_225_233_234_241_277_278_281_283_288 Fe^56      1.28e+08     61.02    127.94   -242.95   1924.88      0.00
0_1_5_6_7_11_12_13_17_18_19_20_24_25_26_27_31_32_33_34_39_40_41_42_48_49_50_51_56_57_58_60_61_62_63_65_66_67_70_71_72_73_74_75_76_82_83_84_85_88_89_90_91_93_94_95_96_100_101_102_103_104_105_106_107_114_115_116_117_120_121_122_123_124_127_128_129_130_131_135_136_137_138_139_142_143_144_145_146_150_151_152_153_154_157_158_159_160_164_165_166_167_168_169_170_171_178_179_180_181_184_185_186_187_189_190_191_192_193_196_197_198_199_200_201_202_208_209_210_211_212_213_214_215_217_218_219_220_222_223_224_225_230_231_232_233_238_239_240_241_246_247_248_249_253_254_255_256_260_261_262_266_267_268_272_273_274_278_280_281_282_283_284_285_286_287_288 Fe^56      1.28e+08     78.25     87.65  -2584.80   6857.59      0.00
0_5_6_11_12_13_17_18_19_20_24_25_26_27_28_31_32_33_34_35_36_39_40_41_42_43_44_45_47_48_49_50_51_52_53_56_57_58_59_60_61_62_63_64_65_66_67_68_69_70_71_72_73_74_75_76_77_78_79_80_82_83_84_85_86_87_88_89_90_91_92_93_94_95_96_97_98_99_100_101_102_103_104_105_106_107_108_109_110_111_112_114_115_116_117_118_119_120_121_122_123_124_125_126_127_128_129_130_131_132_133_134_135_136_137_138_139_140_141_142_143_144_145_146_147_148_149_150_151_152_153_154_155_156_157_158_159_160_161_162_164_165_166_167_168_169_170_171_172_173_174_175_176_177_178_179_180_181_182_183_184_185_186_187_188_189_190_191_192_193_194_196_197_198_199_200_201_202_203_204_205_206_207_208_209_210_211_212_213_214_215_216_217_218_219_220_224_225_226_227_228_229_233_234_235_236_237_242_243_244_245_250_251_252_258_259_265_277_278_279_280_281_282_283_284_285_286_287_288 Fe^56      1.31e+08     79.94     30.67   -572.25  -1053.84      0.00
78_79_110_111_174_175_205_206 Fe^56      1.34e+08     59.72    212.54   3452.00    134.40      0.00
2_3_4_7_8_9_10_13_14_15_16_19_20_21_22_23_26_27_28_29_30_34_35_36_37_38_42_43_44_45_46_50_51_52_53_54_55_56_57_58_59_60_61_62_63_64_65_66_67_68_72_73_74_75_76_77_78_79_80_81_82_83_84_85_86_87_88_89_90_91_92_93_94_95_96_97_98_103_104_105_106_107_108_109_110_111_112_113_114_115_116_117_118_119_120_121_122_123_124_125_126_127_128_129_130_131_132_133_134_135_136_137_138_139_140_141_142_143_144_145_146_147_148_149_150_151_152_153_154_155_156_157_158_159_160_161_162_167_168_169_170_171_172_173_174_175_176_177_178_179_180_181_182_183_184_185_186_187_188_189_190_191_192_193_194_198_199_200_201_202_203_204_205_206_207_208_209_210_211_212_213_214_215_216_217_218_219_220_224_225_226_227_228_229_233_234_235_236_237_241_242_243_244_245_248_249_250_251_252_255_256_257_258_259_262_263_264_265_268_269_270_271_273_274_275_276_277_278_279_280_281_282_283_284_285_286_287_288 Fe^56      1.35e+08     84.66     95.77   6065.23  -2984.68      0.00
0_1_2_3_4_5_6_7_8_9_10_11_12_13_14_15_16_17_18_19_20_21_22_23_24_25_26_27_28_29_30_31_32_33_34_35_36_37_38_39_40_41_42_43_44_45_46_47_48_49_50_51_52_53_54_55_56_57_58_59_60_61_62_63_64_65_66_67_68_69_70_71_72_73_74_75_76_77_78_79_80_81_82_83_84_85_86_87_88_89_90_91_92_93_94_95_96_97_98_99_100_101_102_103_104_105_106_107_108_109_110_111_112_113_114_115_116_117_118_119_120_121_122_123_124_125_126_127_128_129_130_131_132_133_134_135_136_137_138_139_140_141_142_143_144_145_146_147_148_149_150_151_152_153_154_155_156_157_158_159_160_161_162_163_164_165_166_167_168_169_170_171_172_173_174_175_176_177_178_179_180_181_182_183_184_185_186_187_188_189_190_191_192_193_194_195_196_197_198_199_200_201_202_203_204_205_206_207_208_209_210_211_212_213_214_215_216_217_218_219_220_221_222_223_224_225_226_227_228_229_230_231_232_233_234_235_236_237_238_239_240_241_242_243_244_246_247_248_249_250_251_253_254_255_256_257_260_261_262_263_266_267_268_272_273_277_278_279_280_281_282_283_284_285_286_287_288 Fe^56      1.38e+08     84.37    147.96   3209.79  -3598.28      0.00
8_13_14_19_20_25_26_27_33_34_41 Fe^56      1.30e+08     64.60    148.65  -1445.25  -4286.39      0.00
0_1_2_3_4_5_6_7_8_9_10_11_12_13_14_15_16_17_18_19_20_21_22_23_24_25_26_27_28_29_30_31_32_33_34_35_36_37_38_39_40_41_42_43_44_45_46_47_48_49_50_51_52_53_54_55_56_57_58_59_60_61_62_63_64_65_66_67_68_69_70_71_72_73_74_75_76_77_78_79_80_81_82_83_84_85_86_87_88_89_90_91_92_93_94_95_96_97_98_99_100_101_102_103_104_105_106_107_108_109_110_111_112_113_114_115_116_117_118_119_120_121_122_123_124_125_126_127_128_129_130_131_132_133_134_135_136_137_138_139_140_141_142_143_144_145_146_147_148_149_150_151_152_153_154_155_156_157_158_159_160_161_162_163_164_165_166_167_168_169_170_171_172_173_174_175_176_177_178_179_180_181_182_183_184_185_186_187_188_189_190_191_192_193_194_195_196_197_198_199_200_201_202_203_204_205_206_207_208_209_210_211_212_213_214_215_216_217_218_219_220_221_222_223_224_225_226_227_228_229_230_231_232_233_234_235_236_237_238_239_240_241_242_243_244_245_246_247_248_249_250_251_252_253_254_255_256_257_258_259_260_261_262_263_264_265_266_267_268_269_270_271_272_273_274_275_276_277_278_279_280_281_282_283_284_285_286_287_288 Fe^56      1.42e+08     86.03    212.35   3150.68   4150.57      0.00
162_172_173_182_183_188_193_194_202_203_204_211_215_216_220_226_234 Fe^56      1.43e+08     50.27    261.69   1214.65   1489.28      0.00
19_25_26_27_33_34_35_41_42_43_44_50_51_52_53_56_57_58_59_60_61_62_63_64_65_66_67_68_73_74_75_76_77_78_79_80_82_83_84_85_86_87_88_89_90_91_92_94_95_96_97_98_104_105_106_107_108_109_110_111_112_115_116_117_118_119_122_123_124_125_126_130_131_132_133_134_138_139_140_141_145_146_147_148_149_153_154_155_156_160_161_162_171_172_173_174_175_176_177_182_183_187_188_193_194_203_204_205_206_207_227_228_229_235_236_237_244_245_252_277_278_279_280_282_284_287 Fe^56      1.46e+08     75.57    214.47   3846.96    218.66      0.00
78_87_92_98_108_109_110_119_125_126_133_134_140_141_148_149_156 Fe^56      1.49e+08     48.93    345.49   2087.82   -593.67      0.00
0_5_6_11_12_13_17_18_19_20_24_25_26_27_28_31_32_33_34_35_36_39_40_41_42_43_44_45_48_49_50_51_52_53_54_56_57_58_59_60_61_62_63_64_65_66_67_68_71_72_73_74_75_76_77_78_79_80_82_83_84_85_86_87_88_89_90_91_92_93_94_95_96_97_98_102_103_104_105_106_107_108_109_110_111_112_114_115_116_117_118_119_120_121_122_123_124_125_126_127_128_129_130_131_132_133_134_135_136_137_138_139_140_141_142_143_144_145_146_147_148_149_150_151_152_153_154_155_156_157_158_159_160_161_162_167_168_169_170_171_172_173_174_175_176_177_178_179_180_181_182_183_184_185_186_187_188_189_190_191_192_193_194_199_200_201_202_203_204_205_206_207_208_209_210_211_213_214_215_216_218_219_220_226_227_228_229_235_236_237_244_245_277_278_279_280_281_282_283_284_285_286_287_288 Fe^56      1.49e+08     77.21    209.57  -4181.31  -4165.38      0.00
4_9_10_15_16_21_22_23_28_29_35_36_37_43_44_51_52_57_58_59_63 Fe^56      1.40e+08     69.95    317.54   4168.05  -5761.58      0.00
8_9_10_11_12_13_14_15_16_17_18_19_20_21_22_23_24_25_26_27_28_29_30_31_32_33_34_35_36_37_38_39_40_41_42_43_44_45_46_47_48_49_50_51_52_53_54_55_56_57_58_59_60_61_62_63_64_65_66_67_68_69_70_71_72_73_74_75_76_77_78_79_80_81_82_83_84_85_86_87_88_89_90_91_92_93_94_95_96_97_98_99_100_101_102_103_104_105_106_107_108_109_110_111_112_113_114_115_116_117_118_119_120_121_122_123_124_125_126_127_128_129_130_131_132_133_134_135_136_137_138_139_140_141_142_143_144_145_146_147_148_149_150_151_152_153_154_155_156_157_158_159_160_161_162_163_164_165_166_167_168_169_170_171_172_173_174_175_176_177_178_179_180_181_182_183_184_185_186_187_188_189_190_191_192_193_194_195_196_197_198_199_200_201_202_203_204_205_206_207_208_209_210_211_212_213_214_215_216_217_218_219_220_221_222_223_224_225_226_227_228_229_230_231_232_233_234_235_236_237_238_239_240_241_242_243_244_245_246_247_248_249_250_251_252_253_254_255_256_257_258_259_260_261_262_263_264_265_266_267_268_269_270_271_272_273_274_275_276_277_278_279_280_281_282_283_284_285_286_287_288 Fe^56      1.40e+08     84.32    172.74  -6448.46   2289.40      0.00
142_150_157_166_167_168_178_179_184_185_189_190_191_198_199_200_201_208_209_210_212_213_214_215_217_218_219_220_224_225_233_234_241_242_243_249_250_257_264_281_285 Fe^56      1.56e+08     66.67     41.32    498.41   3318.43      0.00
265_270_271_276 Fe^56      1.57e+08     58.66    116.82   3477.59   6977.69      0.00
97_98_107_108_109_110_111_116_117_118_119_121_122_123_124_125_126_128_129_130_131_132_133_134_135_136_137_138_139_140_141_142_143_144_145_146_147_148_149_150_151_152_153_154_155_156_157_158_159_160_161_162_166_167_168_169_170_171_172_173_174_175_178_179_180_181_182_183_184_185_186_187_188_189_190_191_192_193_194_197_198_199_200_201_202_203_204_205_208_209_210_211_212_213_214_215_216_217_218_219_220_222_223_224_225_226_230_231_232_233_234_238_239_240_241_242_246_247_248_249_253_254_260_277_278_279_281_283_285_286_288 Fe^56      1.59e+08     73.65    336.79  -1399.68   2252.51      0.00
1_2_3_4_6_7_8_9_10_11_12_13_14_15_16_17_18_19_20_21_22_23_24_25_26_27_28_29_30_31_32_33_34_35_36_37_38_39_40_41_42_43_44_45_47_48_49_50_51_52_53_56_57_58_59_60_61_62_63_64_65_66_67_68_69_70_71_72_73_74_75_76_77_82_83_84_85_86_87_88_89_90_91_93_94_95_96_99_100_101_102_103_104_105_114_115_120_127_163_164_165_195_280_282_287 Fe^56      1.61e+08     79.59    157.12   4493.86  -6178.99      0.00
4_9_10_13_14_15_16_18_19_20_21_22_23_24_25_26_27_28_29_30_31_32_33_34_35_36_37_38_39_40_41_42_43_44_45_46_47_48_49_50_51_52_53_54_55_56_57_58_59_60_61_62_63_64_65_66_67_68_69_70_71_72_73_74_75_76_77_78_79_80_81_82_83_84_85_86_87_88_89_90_91_92_93_94_95_96_97_98_99_100_101_102_103_104_105_106_107_108_109_110_111_112_113_114_115_116_117_118_119_120_121_122_123_124_125_126_127_128_129_130_131_132_133_134_135_136_137_138_139_140_141_142_143_144_145_146_147_148_149_150_151_152_153_154_155_156_157_158_159_160_161_162_163_164_165_166_167_168_169_170_171_172_173_174_175_176_177_178_179_180_181_182_183_184_185_186_187_188_189_190_191_192_193_194_195_196_197_198_199_200_201_202_203_204_205_206_207_208_209_210_211_212_213_214_215_216_217_218_219_220_221_222_223_224_225_226_227_228_229_230_231_232_233_234_235_236_237_238_239_240_241_242_243_244_245_246_247_248_249_250_251_252_253_254_255_256_257_258_259_260_261_262_263_264_265_266_267_268_269_270_271_272_273_274_275_276_277_278_279_280_281_282_283_284_285_286_287_288 Fe^56      1.61e+08     86.02    341.33   1335.61   3860.43      0.00
5_11_17_18_24_25_31_32_39_40_47_48_49_70_71_100_101_164_165_196_197_222_223_231 Fe^56      1.63e+08     71.60    258.87  -5375.56  -4480.29      0.00
0_1_2_3_4_5_6_7_8_9_10_11_12_13_14_15_16_17_18_19_20_21_22_23_24_25_26_27_28_29_30_31_32_33_34_35_36_37_38_39_40_41_42_43_44_45_46_48_49_50_51_52_53_54_55_56_57_58_59_60_61_62_63_64_65_66_67_68_70_71_72_73_74_75_76_77_78_79_80_81_82_83_84_85_86_87_88_89_90_91_92_93_94_95_96_97_98_101_102_103_104_105_106_107_108_109_110_111_112_113_114_115_116_117_118_119_120_121_122_123_124_125_126_127_128_129_130_131_132_133_134_135_136_137_138_139_140_141_142_143_144_145_146_147_148_149_150_151_152_153_154_155_156_157_158_159_160_161_162_165_166_167_168_169_170_171_172_173_174_175_176_177_178_179_180_181_182_183_184_185_186_187_188_189_190_191_192_193_194_196_197_198_199_200_201_202_203_204_205_206_207_208_209_210_211_212_213_214_215_216_217_218_219_220_222_223_224_225_226_227_228_229_231_232_233_234_235_236_237_239_240_241_242_243_244_245_246_247_248_249_250_251_252_253_254_255_256_257_258_259_260_261_262_263_264_265_266_267_268_269_270_271_272_273_274_275_276_277_278_279_280_281_282_283_284_285_286_287_288 Fe^56      1.63e+08     86.83     89.16   5833.72  -2003.63      0.00
0_1_5_6_11_12_17_18_24_25_31_32_39_47 Fe^56      1.64e+08     68.79    136.02  -4620.32  -5092.86      0.00
0_1_2_3_6_7_8_12_13_14_18_19_20_21_25_26_27_28_33_34_35_41_42_43_49_50_51_52_56_57_58_59_60_61_62_63_64_65_66_67_68_71_72_73_74_75_76_77_78_82_83_84_85_86_87_88_89_90_91_92_93_94_95_96_97_98_101_102_103_104_105_106_107_108_109_114_115_116_117_118_119_120_121_122_123_124_125_126_127_128_129_130_131_132_133_134_135_136_137_138_139_140_141_142_143_144_145_146_147_148_149_150_151_152_153_154_155_156_157_158_159_160_161_162_165_166_167_168_169_170_171_172_173_178_179_180_181_182_183_184_185_186_187_188_189_190_191_192_193_194_197_198_199_200_201_202_203_204_208_209_210_211_212_213_214_215_216_217_218_219_220_223_224_225_226_231_232_233_234_239_240_241_242_247_248_249_250_254_255_256_257_260_261_262_263_266_267_268_269_272_273_274_277_278_279_280_281_282_283_284_285_286_287_288 Fe^56      1.66e+08     77.82    271.51  -1106.36  -2677.51      0.00
24_31_32_39_40_41_47_48_49_69_70_71_72_73_82_88_93_94_99_100_101_102_103_104_105_114_115_116_120_121_122_123_127_128_129_130_135_136_137_138_142_143_144_145_146_150_151_152_153_154_157_158_159_160_161_163_164_165_166_167_168_169_170_171_178_179_180_181_182_184_185_186_187_188_189_190_191_192_193_194_195_196_197_198_199_200_201_202_203_208_209_210_211_212_213_214_215_216_217_218_219_220_221_222_223_224_225_226_230_231_232_233_234_235_238_239_240_241_242_243_246_247_248_249_250_251_254_255_256_257_258_259_260_261_262_263_264_265_267_268_269_270_271_272_273_274_275_276_277_281_283_284_285_286_287_288 Fe^56      1.66e+08     79.93    228.83   1053.55   6487.80      0.00
36_44_45_53_79_110_111_174_175_205_227_235_236_243_244_251 Fe^56      1.69e+08     66.68     85.86   3518.67   1060.42      0.00
0_1_2_3_5_6_7_8_11_12_13_14_17_18_19_20_24_25_26_31_32_33_39_40_47_48_69_99 Fe^56      1.69e+08     77.15    145.01  -5124.27  -4872.74      0.00
197_223_224_232 Fe^56      1.73e+08     53.28     23.36  -2468.67   1948.01      0.00
0_1_2_3_4_5_6_7_8_9_10_11_12_13_14_15_16_18_19_20_21_22_23_25_26_27_28_29_30_32_33_34_35_36_37_38_40_41_42_43_44_45_46_49_50_51_52_53_54_55_56_57_58_59_60_61_62_63_64_65_66_67_68_71_72_73_74_75_76_77_78_79_80_81_82_83_84_85_86_87_88_89_90_91_92_93_94_95_96_97_98_101_102_103_104_105_106_107_108_109_110_111_112_114_115_116_117_118_119_120_121_122_123_124_125_126_127_128_129_130_131_132_133_134_135_136_137_138_139_140_141_142_143_144_145_146_147_148_149_150_151_152_153_154_155_156_157_158_159_160_161_162_166_167_168_169_170_171_172_173_174_175_176_177_178_179_180_181_182_183_184_185_186_187_188_189_190_191_192_193_194_197_198_199_200_201_202_203_204_205_206_207_208_209_210_211_212_213_214_215_216_217_218_219_220_223_224_225_226_227_228_229_232_233_234_235_236_237_240_241_242_243_244_245_247_248_249_250_251_252_255_256_257_258_259_261_262_263_264_265_267_268_269_270_271_273_274_275_276_277_278_279_280_281_282_283_284_285_286_287_288 Fe^56      1.73e+08     82.84    257.56   1583.67   -288.69      0.00
230_238_239_240_246_247_248_253_254_255_256_260_261_262 Fe^56      1.74e+08     70.95      9.31  -5110.03   4460.70      0.00
0_1_2_3_4_5_6_7_8_9_10_11_12_13_14_15_16_17_18_19_20_21_22_23_24_25_26_27_28_29_30_31_32_33_34_35_36_37_38_39_40_41_42_43_44_45_46_47_48_49_50_51_52_53_54_55_56_57_58_59_60_61_62_63_64_65_66_67_68_69_70_71_72_73_74_75_76_77_78_79_80_81_82_83_84_85_86_87_88_89_90_91_92_93_94_95_96_97_98_99_100_101_102_103_104_105_106_107_108_109_110_111_112_113_114_115_116_117_118_119_120_121_122_123_124_125_126_127_128_129_130_131_132_133_134_135_136_137_138_139_140_141_142_143_144_145_146_147_148_149_150_151_152_153_154_155_156_157_158_159_160_161_162_163_164_165_166_167_168_169_170_171_172_173_174_175_176_177_178_179_180_181_182_183_184_185_186_187_188_189_190_191_192_193_194_195_196_197_198_199_200_201_202_203_204_205_206_207_208_209_210_211_212_213_214_215_216_217_218_219_220_221_222_223_224_225_226_227_228_229_230_231_232_233_234_235_236_237_238_239_240_241_242_243_244_245_246_247_248_249_250_251_252_253_254_255_256_257_258_259_260_261_262_263_264_265_266_267_268_269_270_271_272_273_274_275_276_277_278_279_280_281_282_283_284_285_286_287_288 Fe^56      1.74e+08     87.04    304.90  -4873.10   -505.03      0.00
18_19_20_21_24_25_26_27_28_29_31_32_33_34_35_36_39_40_41_42_43_44_47_48_49_50_51_52 Fe^56      1.75e+08     71.77    356.92   -916.18  -3391.25      0.00
0_1_2_3_4_5_6_7_8_9_10_11_12_13_14_15_16_17_18_19_20_21_22_23_24_25_26_27_28_29_30_31_32_33_34_35_36_37_38_39_40_41_42_43_44_45_46_47_48_49_50_51_52_53_54_55_56_57_58_59_60_61_62_63_64_65_66_67_68_69_70_71_72_73_74_75_76_77_78_79_80_81_82_83_84_85_86_87_88_89_90_91_92_93_94_95_96_97_98_99_100_101_102_103_104_105_106_107_108_109_110_111_112_113_114_115_116_117_118_119_120_121_122_123_124_125_126_127_128_129_130_131_132_133_134_135_136_137_138_139_140_141_142_143_144_145_146_147_148_149_150_151_152_153_154_155_156_157_158_159_160_161_162_163_164_165_166_167_168_169_170_171_172_173_174_175_176_177_178_179_180_181_182_183_184_185_186_187_188_189_190_191_192_193_194_195_196_197_198_199_200_201_202_203_204_205_206_207_208_209_210_211_212_213_214_215_216_217_218_219_220_221_222_223_224_225_226_227_228_229_230_231_232_233_234_235_236_237_238_239_240_241_242_243_244_245_246_247_248_249_250_251_252_253_254_255_256_257_258_259_260_261_262_263_264_265_266_267_268_269_270_272_273_274_275_276_277_278_279_280_281_282_283_284_285_286_287_288 Fe^56      1.76e+08     86.89    307.87  -2884.84  -4175.31      0.00
204_226_227_235_236_243_244_251_252_258_259_265_271 Fe^56      1.77e+08     65.92    242.15   3536.50   3513.85      0.00
3_4_8_9_10_14_15_16_20_21_22_27_28_29_34_35_36_42_43_44_50_51_52_56_57_58_59_60_61_62_63_64_65_66_67_68_72_73_74_75_76_77_78_82_83_84_85_86_87_88_89_90_91_92_93_94_95_96_97_98_102_103_104_105_106_107_108_109_114_115_116_117_118_119_120_121_122_123_124_125_126_127_128_129_130_131_132_133_134_135_136_137_138_139_140_141_142_143_144_145_146_147_148_150_151_152_153_154_155_157_158_159_160_161_162_166_167_168_169_170_171_172_178_179_180_181_182_184_185_186_187_189_190_191_192_193_197_198_199_200_201_202_208_209_210_212_213_214_217_218_219_223_224_231_232_239_240_247_277_278_279_280_281_282_283_284_285_286_287_288 Fe^56      1.77e+08     74.72    306.13   1848.86  -4550.69      0.00
0_1_2_5_6_7_8_11_12_13_14_17_18_19_20_21_24_25_26_27_28_31_32_33_34_35_36_39_40_41_42_43_44_45_47_48_49_50_51_52_53_54_56_57_58_59_60_61_62_63_64_65_66_67_68_69_70_71_72_73_74_75_76_77_78_79_80_82_83_84_85_86_87_88_89_90_91_92_93_94_95_96_97_98_99_100_101_102_103_104_105_106_107_108_109_110_111_112_114_115_116_117_118_119_120_121_122_123_124_125_126_127_128_129_130_131_132_133_134_135_136_137_138_139_140_141_142_143_144_145_146_147_148_149_150_151_152_153_154_155_156_157_158_159_160_161_162_163_164_165_166_167_168_169_170_171_172_173_174_175_176_177_178_179_180_181_182_183_184_185_186_187_188_189_190_191_192_193_194_195_196_197_198_199_200_201_202_203_204_205_206_207_208_209_210_211_212_213_214_215_216_217_218_219_220_221_222_223_224_225_226_227_228_229_230_231_232_233_234_235_236_237_238_239_240_241_242_243_244_245_246_247_248_249_250_251_252_253_254_255_256_257_258_259_260_261_262_263_264_265_266_267_268_269_270_271_272_273_274_275_276_277_278_279_280_281_282_283_284_285_286_287_288 Fe^56      1.78e+08     86.70     42.61  -6550.22   2404.93      0.00
72_73_82_83_88_93_94_102_103_104_105_114_115_116_120_121_122_127_128_129_130_135_136_137_138_142_143_144_145_146_150_151_152_153_157_158_159_160_166_167_168_169_170_171_178_179_180_181_184_185_186_187_189_190_191_192_193_198_199_200_201_202_208_209_210_211_212_213_214_215_216_217_218_219_220_224_225_233_234_241_242_248_249_250_256_257_262_263_269_270_275_281_283_284_285_286_287_288 Fe^56      1.82e+08     69.90     62.62     17.72   3533.00      0.00
5_11_12_17_18_24_25_26_31_32_33_34_39_40_41_42_47_48_49_50_51_56_57_58_59_60_61_62_63_64_65_66_67_68_70_71_72_73_74_75_76_77_82_83_84_85_86_87_88_89_90_91_92_93_94_95_96_97_98_100_101_102_103_104_105_106_107_108_109_114_115_116_117_118_119_120_121_122_123_124_125_126_127_128_129_130_131_132_133_134_135_136_137_138_139_140_141_142_143_144_145_146_147_148_149_150_151_152_153_154_155_156_157_158_159_160_161_162_165_166_167_168_169_170_171_172_173_178_179_180_181_182_183_184_185_186_187_188_189_190_191_192_193_194_197_198_199_200_201_202_203_204_208_209_210_211_212_213_214_215_216_217_218_219_220_224_225_226_232_233_234_235_241_242_243_249_250_251_257_258_264_277_278_279_280_281_282_283_284_285_286_287_288 Fe^56      1.82e+08     77.68     45.58  -4602.80  -3146.00      0.00
0_1_2_3_4_5_6_7_8_9_10_11_12_13_14_15_16_17_18_19_20_21_22_23_24_25_26_27_28_29_30_31_32_33_34_35_36_37_38_39_40_41_42_43_44_45_46_47_48_49_50_51_52_53_54_55_56_57_58_59_60_61_62_63_64_65_66_67_68_69_70_71_72_73_74_75_76_77_78_79_80_81_82_83_84_85_86_87_88_89_90_91_92_93_94_95_96_97_98_99_100_101_102_103_104_105_106_107_108_109_110_111_112_113_114_115_116_117_118_119_120_121_122_123_124_125_126_127_128_129_130_131_132_133_134_135_136_137_138_139_140_141_142_143_144_145_146_147_148_149_150_151_152_153_154_155_156_157_158_159_160_161_162_163_164_165_166_167_168_169_170_171_172_173_174_175_176_177_178_179_180_181_182_183_184_185_186_187_188_189_190_191_192_193_194_195_196_197_198_199_200_201_202_203_204_205_206_207_208_209_210_211_212_213_214_215_216_217_218_219_220_221_222_223_224_225_226_227_228_229_230_231_232_233_234_235_236_237_238_239_240_241_242_243_244_245_246_247_248_249_250_251_252_253_254_255_256_257_258_259_260_261_262_263_264_265_268_269_270_271_274_275_276_277_278_279_280_281_282_283_284_285_286_287_288 Fe^56      1.82e+08     85.07     22.22  -2690.33  -2840.99      0.00
0_1_5_6_7_11_12_13_18_19_20_25_26_27_33_34_35_41_42_43_44_50_51_52_56_57_58_59_60_61_62_63_64_65_66_67_68_72_73_74_75_76_77_78_79_82_83_84_85_86_87_88_89_90_91_92_93_94_95_96_97_98_103_104_105_106_107_108_109_110_111_114_115_116_117_118_119_120_121_122_123_124_125_126_127_128_129_130_131_132_133_134_135_136_137_138_139_140_141_142_143_144_145_146_147_148_149_150_151_152_153_154_155_156_157_158_159_160_161_162_167_168_169_170_171_172_173_174_175_178_179_180_181_182_183_184_185_186_187_188_189_190_191_192_193_194_199_200_201_202_203_204_205_206_208_209_210_211_213_214_215_216_217_218_219_220_225_226_227_228_234_235_236_237_243_244_245_251_252_258_259_265_277_278_279_280_281_282_283_284_285_286_287_288 Fe^56      1.83e+08     75.66    230.63   -462.95  -2484.63      0.00
0_1_2_3_4_5_6_7_8_9_10_11_12_13_14_15_16_17_18_19_20_21_22_23_24_25_26_27_28_29_30_31_32_33_34_35_36_37_38_39_40_41_42_43_44_45_46_47_48_49_50_51_52_53_54_55_56_57_58_59_60_61_62_63_64_65_66_67_68_69_70_71_72_73_74_75_76_77_78_79_80_81_82_83_84_85_86_87_88_89_90_91_92_93_94_95_96_97_98_99_100_101_102_103_104_105_106_107_108_109_110_111_112_113_114_115_116_117_118_119_120_121_122_123_124_125_126_127_128_129_130_131_132_133_134_135_136_137_138_139_140_141_142_143_144_145_146_147_148_149_150_151_152_153_154_155_156_157_158_159_160_161_162_163_164_165_166_167_168_169_170_171_172_173_174_175_176_177_178_179_180_181_182_183_184_185_186_187_188_189_190_191_192_193_194_195_196_197_198_199_200_201_202_203_204_205_206_207_208_209_210_211_212_213_214_215_216_217_218_219_220_221_222_223_224_225_226_227_228_229_230_231_232_233_234_235_236_237_238_239_240_241_242_243_244_245_246_247_248_249_250_251_252_253_254_255_256_257_258_259_260_261_262_263_264_265_266_267_268_269_270_271_272_273_274_275_276_277_278_279_280_281_282_283_284_285_286_287_288 Fe^56      1.84e+08     85.10    152.80  -4039.43   2142.12      0.00
46_54_55_80_81_111_112_113_175_176_177_205_206_207_227_228_229_235_236_237_242_243_244_245_250_251_252_256_257_258_259_263_264_265_268_269_270_271_274_275_276 Fe^56      1.88e+08     76.30    130.14   4757.05   2606.83      0.00
93_94_103_104_105_114_115_116_120_121_122_128_129_130_135_136_137_143_144_145_150_151_152_157_158_284_286_287 Fe^56      1.89e+08     35.43      0.96   -770.87   -131.53      0.00
0_5_11_17_18_24_31_32_39_47_48 Fe^56      1.89e+08     65.49    289.79  -5044.25  -5012.90      0.00
73_74_75_76_77_82_83_84_85_86_87_88_89_90_91_92_93_94_95_96_97_98_101_102_103_104_105_106_107_108_109_110_114_115_116_117_118_119_120_121_122_123_124_125_126_127_128_129_130_131_132_133_134_135_136_137_138_139_140_141_142_143_144_145_146_147_148_149_150_151_152_153_154_155_156_157_158_159_160_161_162_164_165_166_167_168_169_170_171_172_173_174_178_179_180_181_182_183_184_185_186_187_188_189_190_191_192_193_194_195_196_197_198_199_200_201_202_203_204_208_209_210_211_212_213_214_215_216_217_218_219_220_221_222_223_224_225_230_231_232_233_238_239_277_278_279_280_281_282_283_284_285_286_287_288 Fe^56      1.89e+08     72.17    349.03  -2142.14   1175.74      0.00
0_1_2_3_4_5_6_7_8_9_10_11_12_13_14_15_16_17_18_19_20_21_22_23_24_25_26_27_28_29_30_31_32_33_34_35_36_37_38_39_40_41_42_43_44_45_46_48_49_50_51_52_53_54_55_56_57_58_59_60_61_62_63_64_65_66_67_68_70_71_72_73_74_75_76_77_78_79_80_81_82_83_84_85_86_87_88_89_90_91_92_93_94_95_96_97_98_100_101_102_103_104_105_106_107_108_109_110_111_112_113_114_115_116_117_118_119_120_121_122_123_124_125_126_127_128_129_130_131_132_133_134_135_136_137_138_139_140_141_142_143_144_145_146_147_148_149_150_151_152_153_154_155_156_157_158_159_160_161_162_165_166_167_168_169_170_171_172_173_174_175_176_177_178_179_180_181_182_183_184_185_186_187_188_189_190_191_192_193_194_196_197_198_199_200_201_202_203_204_205_206_207_208_209_210_211_212_213_214_215_216_217_218_219_220_223_224_225_226_227_228_229_231_232_233_234_235_236_237_240_241_242_243_244_245_247_248_249_250_251_252_255_256_257_258_259_261_262_263_264_265_268_269_270_271_273_274_275_276_277_278_279_280_281_282_283_284_285_286_287_288 Fe^56      1.98e+08     84.98     63.53   5058.11   2811.60      0.00
0_1_2_3_4_5_6_7_8_9_10_11_12_13_14_15_16_17_18_19_20_21_22_23_24_25_26_27_28_29_30_31_32_33_34_35_36_37_38_39_40_41_42_43_44_45_46_47_48_49_50_51_52_53_54_55_56_57_58_59_60_61_62_63_64_65_66_67_68_69_70_71_72_73_74_75_76_77_78_79_80_81_82_83_84_85_86_87_88_89_90_91_92_93_94_95_96_97_98_99_100_101_102_103_104_105_106_107_108_109_110_111_112_113_114_115_116_117_118_119_120_121_122_123_124_125_126_127_128_129_130_131_132_133_134_135_136_137_138_139_140_141_142_143_144_145_146_147_148_149_150_151_152_153_154_155_156_157_158_159_160_161_162_163_164_165_166_167_168_169_170_171_172_173_174_175_176_177_178_179_180_181_182_183_184_185_186_187_188_189_190_191_192_193_194_195_196_197_198_199_200_201_202_203_204_205_206_207_208_209_210_211_212_213_214_215_216_217_218_219_220_221_222_223_224_225_226_227_228_229_230_231_232_233_234_235_236_237_238_239_240_241_242_243_244_245_246_247_248_249_250_251_252_253_254_255_256_257_258_259_260_261_262_263_264_265_266_267_268_269_270_271_272_273_274_275_276_277_278_279_280_281_282_283_284_285_286_287_288 Fe^56      1.99e+08     86.89    102.77   3481.16   1461.57      0.00
10_16_22_23_28_29_30_36_37_38_43_44_45_46_52_53_54_55_58_59_63_64_67_68_75_76_77_78_79_80_85_86_87_90_91_92_95_96_97_98_106_107_108_109_110_111_112_116_117_118_119_122_123_124_125_126_130_131_132_133_134_137_138_139_140_141_144_145_146_147_148_149_152_153_154_155_156_158_159_160_161_162_168_169_170_171_172_173_174_175_179_180_181_182_183_184_185_186_187_188_189_190_191_192_193_194_199_200_201_202_203_204_205_208_209_210_211_212_213_214_215_216_217_218_219_220_225_226_227_233_234_235_241_242_248_249_250_255_256_262_277_278_279_280_281_282_283_284_285_288 Fe^56      2.02e+08     76.36    126.06   3854.22  -2204.57      0.00
0_1_2_5_6_7_8_11_12_13_14_17_18_19_20_21_24_25_26_27_28_31_32_33_34_35_36_39_40_41_42_43_44_47_48_49_50_51_52_56_57_58_59_60_61_62_63_64_65_66_67_68_70_71_72_73_74_75_76_77_78_79_82_83_84_85_86_87_88_89_90_91_92_93_94_95_96_97_98_100_101_102_103_104_105_106_107_108_109_110_114_115_116_117_118_119_120_121_122_123_124_125_126_127_128_129_130_131_132_133_134_135_136_137_138_139_140_141_142_143_144_145_146_147_148_149_150_151_152_153_154_155_156_157_158_159_160_161_162_164_165_166_167_168_169_170_171_172_173_174_178_179_180_181_182_183_184_185_186_187_188_189_190_191_192_193_194_196_197_198_199_200_201_202_203_204_205_208_209_210_211_212_213_214_215_216_217_218_219_220_222_223_224_225_226_227_231_232_233_234_235_236_239_240_241_242_243_244_246_247_248_249_250_251_252_254_255_256_257_258_259_260_261_262_263_264_265_266_267_268_269_270_271_272_273_274_275_276_277_278_279_280_281_282_283_284_285_286_287_288 Fe^56      2.02e+08     81.47    253.45  -2843.21  -5098.25      0.00
205_227_235_236_244 Fe^56      2.11e+08     55.57    230.11   3443.72   2000.95      0.00
0_1_2_3_4_5_6_7_8_9_11_12_13_14_15_17_18_19_20_21_24_25_26_27_31_32_33_34_39_40_41_47_48_69 Fe^56      2.15e+08     74.70    147.85  -1885.79  -5500.56      0.00
232_240_241_248_255_261_262_267_268_273 Fe^56      2.18e+08     65.14     82.88  -1660.75   6467.49      0.00
0_1_2_3_4_5_6_7_8_9_10_11_12_13_14_15_16_17_18_19_20_21_22_24_25_26_27_28_31_32_33_34_35_36_39_40_41_42_43_47_48_49_50_51_52_56_57_58_59_60_61_62_63_64_65_66_67_68_69_70_71_72_73_74_75_76_77_82_83_84_85_86_87_88_89_90_91_92_93_94_95_96_97_98_99_100_101_102_103_104_105_106_107_108_114_115_116_117_118_120_121_122_123_124_125_127_128_129_130_131_132_135_136_137_138_139_142_143_144_145_146_150_151_152_153_154_157_158_159_160_163_164_165_166_167_168_169_170_178_179_180_181_184_185_186_189_190_191_195_196_197_198_199_200_208_209_212_213_217_221_222_223_224_230_231_232_238_239_240_246_247_253_254_260_266_278_279_280_281_282_283_284_285_286_287 Fe^56      2.18e+08     80.13    306.09    112.36  -6284.65      0.00
0_1_2_3_4_5_6_7_8_9_10_11_12_13_14_15_16_17_18_19_20_21_22_23_24_25_26_27_28_29_30_31_32_33_34_35_36_37_38_39_40_41_42_43_44_45_46_47_48_49_50_51_52_53_54_55_56_57_58_59_60_61_62_63_64_65_66_67_68_69_70_71_72_73_74_75_76_77_78_79_80_81_82_83_84_85_86_87_88_89_90_91_92_93_94_95_96_97_98_99_100_101_102_103_104_105_106_107_108_109_110_111_112_113_114_115_116_117_118_119_120_121_122_123_124_125_126_127_128_129_130_131_132_133_134_135_136_137_138_139_140_141_142_143_144_145_146_147_148_149_150_151_152_153_154_155_156_157_158_159_160_161_162_163_164_165_166_167_168_169_170_171_172_173_174_175_176_177_178_179_180_181_182_183_184_185_186_187_188_189_190_191_192_193_194_195_196_197_198_199_200_201_202_203_204_205_206_207_208_209_210_211_212_213_214_215_216_217_218_219_220_221_222_223_224_225_226_227_228_229_230_231_232_233_234_235_236_237_238_239_240_241_242_243_244_245_246_247_248_249_250_251_252_253_254_255_256_257_258_259_260_261_262_263_264_265_266_267_268_269_272_273_274_277_278_279_280_281_282_283_284_285_286_287_288 Fe^56      2.19e+08     85.53    341.03  -4317.29   -661.22      0.00
109_110_119_124_125_126_131_132_133_134_137_138_139_140_141_144_145_146_147_148_149_151_152_153_154_155_156_157_158_159_160_161_162_167_168_169_170_171_172_173_174_178_179_180_181_182_183_184_185_186_187_188_189_190_191_192_193_194_198_199_200_201_202_203_204_205_208_209_210_211_212_213_214_215_216_217_218_219_220_223_224_225_226_231_232_233_234_239_240_241_246_247_248_277_278_281_283_285_288 Fe^56      2.10e+08     69.78    335.74    166.95   1722.38      0.00
35_43_44_52 Fe^56      2.22e+08     53.90    226.32   1786.21  -2579.75      0.00
54_55_79_80_81_109_110_111_112_113_118_119_124_125_126_131_132_133_134_138_139_140_141_145_146_147_148_149_152_153_154_155_156_158_159_160_161_162_168_169_170_171_172_173_174_175_176_177_178_179_180_181_182_183_184_185_186_187_188_189_190_191_192_193_194_198_199_200_201_202_203_204_205_206_207_208_209_210_211_212_213_214_215_216_217_218_219_220_223_224_225_226_227_228_229_231_232_233_234_235_236_237_239_240_241_242_243_244_246_247_248_249_250_251_277_278_281_283_285_288 Fe^56      2.25e+08     76.31    161.82   3787.08   1181.51      0.00
0_1_2_3_4_5_6_7_8_9_10_11_12_13_14_15_16_17_18_19_20_21_22_23_24_25_26_27_28_29_30_31_32_33_34_35_36_37_38_39_40_41_42_43_44_45_46_47_48_49_50_51_52_53_54_55_56_57_58_59_60_61_62_63_64_65_66_67_68_69_70_71_72_73_74_75_76_77_78_79_80_81_82_83_84_85_86_87_88_89_90_91_92_93_94_95_96_97_98_99_100_101_102_103_104_105_106_107_108_109_110_111_112_113_114_115_116_117_118_119_120_121_122_123_124_125_126_127_128_129_130_131_132_133_134_135_136_137_138_139_140_141_142_143_144_145_146_147_148_149_150_151_152_153_154_155_156_157_158_159_160_161_162_163_164_165_166_167_168_169_170_171_172_173_174_175_176_177_178_179_180_181_182_183_184_185_186_187_188_189_190_191_192_193_194_195_196_197_198_199_200_201_202_203_204_205_206_207_208_209_210_211_212_213_214_215_216_217_218_219_220_221_222_223_224_225_226_227_228_229_230_231_232_233_234_235_236_237_238_239_240_241_242_243_244_245_246_247_248_249_250_251_252_253_254_255_256_257_258_259_260_261_262_263_264_265_266_267_268_269_270_271_272_273_274_275_276_277_278_279_280_281_282_283_284_285_286_287_288 Fe^56      2.32e+08     85.15    292.11  -2857.74   6576.97      0.00
0_1_5_6_7_11_12_13_14_18_19_20_21_25_26_27_28_33_34_35_36_41_42_43_44_45_50_51_52_53_54_56_57_58_59_60_61_62_63_64_65_66_67_68_72_73_74_75_76_77_78_79_80_82_83_84_85_86_87_88_89_90_91_92_93_94_95_96_97_98_103_104_105_106_107_108_109_110_111_112_114_115_116_117_118_119_120_121_122_123_124_125_126_128_129_130_131_132_133_134_136_137_138_139_140_141_144_145_146_147_148_149_151_152_153_154_155_156_158_159_160_161_162_169_170_171_172_173_174_175_176_179_180_181_182_183_185_186_187_188_191_192_193_194_201_202_203_204_205_206_207_210_211_214_215_216_219_220_226_227_228_229_235_236_237_243_244_245_251_252_259_265_277_278_279_280_281_282_283_284_286_287_288 Fe^56      2.33e+08     77.20     45.75   6145.07   3357.85      0.00
0_1_2_3_5_6_7_8_9_11_12_13_14_15_17_18_19_20_21_22_24_25_26_27_28_29_30_31_32_33_34_35_36_37_39_40_41_42_43_44_45_46_47_48_49_50_51_52_53_54_55_56_57_58_59_60_61_62_63_64_65_66_67_68_69_70_71_72_73_74_75_76_77_78_79_80_81_82_83_84_85_86_87_88_89_90_91_92_93_94_95_96_97_98_100_101_102_103_104_105_106_107_108_109_110_111_112_113_114_115_116_117_118_119_120_121_122_123_124_125_126_127_128_129_130_131_132_133_134_135_136_137_138_139_140_141_142_143_144_145_146_147_148_149_150_151_152_153_154_155_156_157_158_159_160_161_162_164_165_166_167_168_169_170_171_172_173_174_175_176_177_178_179_180_181_182_183_184_185_186_187_188_189_190_191_192_193_194_196_197_198_199_200_201_202_203_204_205_206_207_208_209_210_211_212_213_214_215_216_217_218_219_220_223_224_225_226_227_228_229_231_232_233_234_235_236_237_240_241_242_243_244_245_248_249_250_251_252_255_256_257_258_259_262_263_264_265_269_270_271_275_276_277_278_279_280_281_282_283_284_285_286_287_288 Fe^56      2.39e+08     82.72     44.63   5550.40   4324.58      0.00
0_1_2_3_4_5_6_7_8_9_10_11_12_13_14_15_16_17_18_19_20_21_22_23_24_25_26_27_28_29_30_31_32_33_34_35_36_37_38_39_40_41_42_43_44_45_46_47_48_49_50_51_52_53_54_55_56_57_58_59_60_61_62_63_64_65_66_67_68_69_70_71_72_73_74_75_76_77_78_79_80_81_82_83_84_85_86_87_88_89_90_91_92_93_94_95_96_97_98_99_100_101_102_103_104_105_106_107_108_109_110_111_112_113_114_115_116_117_118_119_120_121_122_123_124_125_126_127_128_129_130_131_132_133_134_135_136_137_138_139_140_141_142_143_144_145_146_147_148_149_150_151_152_153_154_155_156_157_158_159_160_161_162_163_164_165_166_167_168_169_170_171_172_173_174_175_176_177_178_179_180_181_182_183_184_185_186_187_188_189_190_191_192_193_194_195_196_197_198_199_200_201_202_203_204_205_206_207_208_209_210_211_212_213_214_215_216_217_218_219_220_221_222_223_224_225_226_227_228_229_230_231_232_233_234_235_236_237_238_239_240_241_242_243_244_245_246_247_248_249_250_251_252_253_254_255_256_257_258_259_260_261_262_263_264_265_266_267_268_269_270_271_272_273_274_275_276_277_278_279_280_281_282_283_284_285_286_287_288 Fe^56      2.43e+08     86.35    277.08  -2170.57  -3517.76      0.00
0_1_2_3_4_5_6_7_8_9_10_11_12_13_14_15_16_17_18_19_20_21_22_23_24_25_26_27_28_29_30_31_32_33_34_35_36_37_38_39_40_41_42_43_44_45_46_47_48_49_50_51_52_53_54_55_56_57_58_59_60_61_62_63_64_65_66_67_68_69_70_71_72_73_74_75_76_77_78_79_80_81_82_83_84_85_86_87_88_89_90_91_92_93_94_95_96_97_98_99_100_101_102_103_104_105_106_107_108_109_110_111_112_113_114_115_116_117_118_119_120_121_122_123_124_125_126_127_128_129_130_131_132_133_134_135_136_137_138_139_140_141_142_143_144_145_146_147_148_149_150_151_152_153_154_155_156_157_158_159_160_161_162_163_164_165_166_167_168_169_170_171_172_173_174_175_176_177_178_179_180_181_182_183_184_185_186_187_188_189_190_191_192_193_194_195_196_197_198_199_200_201_202_203_204_205_206_207_208_209_210_211_212_213_214_215_216_217_218_219_220_221_222_223_224_225_226_227_228_229_230_231_232_233_234_235_236_237_238_239_240_241_242_243_244_245_246_247_248_249_250_251_252_253_254_255_256_257_258_259_260_261_262_263_264_265_266_267_268_269_270_271_272_273_274_275_276_277_278_279_280_281_282_283_284_285_286_287_288 Fe^56      2.46e+08     87.25    123.56   1912.05  -2568.91      0.00
0_1_2_3_4_5_6_7_8_9_10_11_12_13_14_15_16_17_18_19_20_21_22_23_24_25_26_27_28_29_30_31_32_33_34_35_36_37_38_39_40_41_42_43_44_45_46_47_48_49_50_51_52_53_54_55_56_57_58_59_60_61_62_63_64_65_66_67_68_69_70_71_72_73_74_75_76_77_78_79_80_81_82_83_84_85_86_87_88_89_90_91_92_93_94_95_96_97_98_99_100_101_102_103_104_105_106_107_108_109_110_111_112_113_114_115_116_117_118_119_120_121_122_123_124_125_126_127_128_129_130_131_132_133_134_135_136_137_138_139_140_141_142_143_144_145_146_147_148_149_150_151_152_153_154_155_156_157_158_159_160_161_162_163_164_165_166_167_168_169_170_171_172_173_174_175_176_177_178_179_180_181_182_183_184_185_186_187_188_189_190_191_192_193_194_195_196_197_198_199_200_201_202_203_204_205_206_207_208_209_210_211_212_213_214_215_216_217_218_219_220_221_222_223_224_225_226_227_228_229_230_231_232_233_234_235_236_237_239_240_241_242_243_244_245_246_247_248_249_250_251_252_254_255_256_257_258_259_261_262_263_264_265_268_269_270_271_274_275_276_277_278_279_280_281_282_283_284_285_286_287_288 Fe^56      2.49e+08     84.78     42.81  -3653.74  -4702.66      0.00
0_1_2_5_6_7_11_12_13_17_18_19_24_25_26_31_32_33_39_40_41_47_48_49_69_70_71_99_100_101_163_164_165_195_196_221_222_230_238 Fe^56      2.51e+08     77.98    298.51  -3441.48  -6874.59      0.00
236_241_242_243_244_245_248_249_250_251_252_255_256_257_258_259_262_263_264_265_269_270_271_276 Fe^56      2.52e+08     74.02    182.55   4096.47   4822.74      0.00
15_21_28_29_35_36_43_44_51_52_53_57_58_59_61_62_63_64_66_67_68_74_75_76_77_78_79_84_85_86_87_89_90_91_92_94_95_96_97_98_105_106_107_108_109_110_115_116_117_118_119_122_123_124_125_126_129_130_131_132_133_134_137_138_139_140_141_144_145_146_147_148_149_152_153_154_155_156_158_159_160_161_162_169_170_171_172_173_174_179_180_181_182_183_184_185_186_187_188_190_191_192_193_194_199_200_201_202_203_204_205_208_209_210_211_212_213_214_215_216_217_218_219_220_225_226_227_233_234_235_241_242_243_249_250_251_256_257_262_263_264_268_269_270_274_275_277_278_279_280_281_282_283_284_288 Fe^56      2.55e+08     73.73    275.47   1541.21    580.08      0.00
98_108_109_119_125_126_133_134_140_141_148_149_155_156_162_172_173_174_183_194_204_226_235 Fe^56      2.50e+08     55.72    236.97   1978.94    626.35      0.00
0_1_2_3_4_5_6_7_8_9_10_11_12_13_14_15_16_17_18_19_20_21_22_23_24_25_26_27_28_29_30_31_32_33_34_35_36_37_38_39_40_41_42_43_44_45_46_47_48_49_50_51_52_53_54_55_56_57_58_59_60_61_62_63_64_65_66_67_68_69_70_71_72_73_74_75_76_77_78_79_80_81_82_83_84_85_86_87_88_89_90_91_92_93_94_95_96_97_98_99_100_101_102_103_104_105_106_107_108_109_110_111_112_113_114_115_116_117_118_119_120_121_122_123_124_125_126_127_128_129_130_131_132_133_134_135_136_137_138_139_140_141_142_143_144_145_146_147_148_149_150_151_152_153_154_155_156_157_158_159_160_161_162_163_164_165_166_167_168_169_170_171_172_173_174_175_176_177_178_179_180_181_182_183_184_185_186_187_188_189_190_191_192_193_194_195_196_197_198_199_200_201_202_203_204_205_206_207_208_209_210_211_212_213_214_215_216_217_218_219_220_221_222_223_224_225_226_227_228_229_230_231_232_233_234_235_236_237_238_239_240_241_242_243_244_245_246_247_248_249_250_251_252_253_254_255_256_257_258_259_260_261_262_263_264_265_266_267_268_269_270_272_273_274_275_277_278_279_280_281_282_283_284_285_286_287_288 Fe^56      2.61e+08     87.15    331.88  -5926.09  -3026.03      0.00
67_68_75_76_84_85_86_90_91_92_95_96_97_106_107_108_117_118_123_124_125_131_132_139_278_279_280_282 Fe^56      2.64e+08     32.59    231.19    348.52   -633.30      0.00
3_4_8_9_10_14_15_16_21_22_23_27_28_29_30_35_36_37_38_43_44_45_46_51_52_53_54_55_56_57_58_59_60_61_62_63_64_65_66_67_68_73_74_75_76_77_78_79_80_81_82_83_84_85_86_87_88_89_90_91_92_93_94_95_96_97_98_103_104_105_106_107_108_109_110_111_112_114_115_116_117_118_119_120_121_122_123_124_125_126_127_128_129_130_131_132_133_134_135_136_137_138_139_140_141_142_143_144_145_146_147_148_149_150_151_152_153_154_155_156_157_158_159_160_161_162_167_168_169_170_171_172_173_174_175_176_178_179_180_181_182_183_184_185_186_187_188_189_190_191_192_193_194_198_199_200_201_202_203_204_205_206_208_209_210_211_212_213_214_215_216_217_218_219_220_224_225_226_227_228_233_234_235_236_237_240_241_242_243_244_245_248_249_250_251_252_255_256_257_258_259_261_262_263_264_265_267_268_269_270_271_272_273_274_275_276_277_278_279_280_281_282_283_284_285_286_287_288 Fe^56      2.64e+08     80.81    283.64   1463.74   5006.44      0.00
99_100_163_164_195_196_222 Fe^56      2.67e+08     61.49     27.47  -6407.91    718.71      0.00
45_53_54_79_80_110_111_174_175_205_206_227_228_236_244 Fe^56      2.68e+08     65.03     84.04   4215.35   1057.28      0.00
163_195_196_221_222_230_231 Fe^56      2.60e+08     61.39     16.70  -5917.63   1969.28      0.00
255_261_262_266_267_268_272_273 Fe^56      2.73e+08     62.08    153.13  -3224.53   6549.12      0.00
38_45_46_53_54_55_64_68_76_77_78_79_80_81_86_87_91_92_96_97_98_106_107_108_109_110_111_112_113_116_117_118_119_122_123_124_125_126_129_130_131_132_133_134_136_137_138_139_140_141_143_144_145_146_147_148_149_150_151_152_153_154_155_156_157_158_159_160_161_162_167_168_169_170_171_172_173_174_175_176_177_178_179_180_181_182_183_184_185_186_187_188_189_190_191_192_193_194_198_199_200_201_202_203_204_205_206_207_208_209_210_211_212_213_214_215_216_217_218_219_220_224_225_226_227_232_233_234_235_241_277_278_279_280_281_283_284_285_286_288 Fe^56      2.75e+08     73.38    336.25   5802.63   -978.62      0.00
17_18_19_20_21_22_23_24_25_26_27_28_29_30_31_32_33_34_35_36_37_38_39_40_41_42_43_44_45_46_47_48_49_50_51_52_53_54_55_56_57_58_59_60_61_62_63_64_65_66_67_68_69_70_71_72_73_74_75_76_77_78_79_80_81_82_83_84_85_86_87_88_89_90_91_92_93_94_95_96_97_98_99_100_101_102_103_104_105_106_107_108_109_110_111_112_113_114_115_116_117_118_119_120_121_122_123_124_125_126_127_128_129_130_131_132_133_134_135_136_137_138_139_140_141_142_143_144_145_146_147_148_149_150_151_152_153_154_155_156_157_158_159_160_161_162_165_166_167_168_169_170_171_172_173_174_175_176_177_178_179_180_181_182_183_184_185_186_187_188_189_190_191_192_193_194_202_203_204_205_206_207_277_278_279_280_281_282_283_284_285_286_287_288 Fe^56      2.75e+08     77.82      1.68   6563.19  -2011.49      0.00
27_28_29_33_34_35_36_37_41_42_43_44_45_49_50_51_52_53_56_57_58_59_60_61_62_63_64_65_66_67_68_72_73_74_75_76_77_78_82_83_84_85_86_87_88_89_90_91_92_280_282 Fe^56      2.78e+08     67.68    173.35   -184.75  -2415.05      0.00
79_110_111_174_175_204_205_226 Fe^56      2.84e+08     56.41    131.28   2874.14    785.63      0.00
23_29_30_36_37_38_44_45_46_52_53_54_58_59_63_64_67_68_76_77_78_79_80_85_86_87_90_91_92_96_97_98_106_107_108_109_110_117_118_119_123_124_125_126_131_132_133_134_139_140_141_146_147_148_149_154_155_156_161_162_278_279_280 Fe^56      2.86e+08     69.29    327.56   5451.98  -3433.31      0.00
87_91_92_96_97_98_106_107_108_109_116_117_118_119_122_123_124_125_126_129_130_131_132_133_134_136_137_138_139_140_141_144_145_146_147_148_149_151_152_153_154_155_156_157_158_159_160_161_162_168_169_170_171_172_173_178_179_180_181_182_183_184_185_186_187_188_189_190_191_192_193_194_199_200_201_202_203_208_209_210_211_213_214_215_216_219_277_278_279_281_283_284_285_288 Fe^56      2.87e+08     53.23    343.15    748.66    187.86      0.00
46_54_55_80_81_112_176_206_207 Fe^56      2.95e+08     60.53    273.98   6149.54   -972.97      0.00
187_192_193_202_203_210_211_214_215_216_219_220_288 Fe^56      2.97e+08     35.38    242.90    604.08   1401.89      0.00
15_16_20_21_22_23_25_26_27_28_29_30_32_33_34_35_36_37_38_39_40_41_42_43_44_45_46_47_48_49_50_51_52_53_54_55_56_57_58_59_60_61_62_63_64_65_66_67_68_69_70_71_72_73_74_75_76_77_78_79_80_81_82_83_84_85_86_87_88_89_90_91_92_93_94_95_96_97_98_99_100_101_102_103_104_105_106_107_108_109_110_111_112_113_114_115_116_117_118_119_120_121_122_123_124_125_126_127_128_129_130_131_132_133_134_135_136_137_138_139_140_141_142_143_144_145_146_147_148_149_150_151_152_153_154_155_156_157_158_159_160_161_162_163_164_165_166_167_168_169_170_171_172_173_174_175_176_177_178_179_180_181_182_183_184_185_186_187_188_189_190_191_192_193_194_195_196_197_198_199_200_201_202_203_204_205_206_207_208_209_210_211_212_213_214_215_216_217_218_219_220_221_222_223_224_225_226_227_228_229_230_231_232_233_234_235_236_237_238_239_240_241_242_243_244_245_246_247_248_249_250_251_252_253_254_255_256_257_258_259_260_261_262_263_264_265_266_267_268_269_270_271_272_273_274_275_276_277_278_279_280_281_282_283_284_285_286_287_288 Fe^56      2.90e+08     85.03    166.33   1179.91   3263.92      0.00
0_1_2_3_4_5_6_7_8_9_10_11_12_13_14_15_16_17_18_19_20_21_22_23_24_25_26_27_28_29_30_31_32_33_34_35_36_37_38_39_40_41_42_43_44_45_46_47_48_49_50_51_52_53_54_55_56_57_58_59_60_61_62_63_64_65_66_67_68_69_70_71_72_73_74_75_76_77_78_79_80_81_82_83_84_85_86_87_88_89_90_91_92_93_94_95_96_97_98_99_100_101_102_103_104_105_106_107_108_109_110_111_112_113_114_115_116_117_118_119_120_121_122_123_124_125_126_127_128_129_130_131_132_133_134_135_136_137_138_139_140_141_142_143_144_145_146_147_148_149_150_151_152_153_154_155_156_157_158_159_160_161_162_164_165_166_167_168_169_170_171_172_173_174_175_176_177_178_179_180_181_182_183_184_185_186_187_188_189_190_191_192_193_194_198_199_200_201_202_203_204_205_206_207_208_209_210_211_213_214_215_216_219_220_229_277_278_279_280_281_282_283_284_285_286_287_288 Fe^56      2.00e+08     83.22     10.40   -910.05  -4975.58      0.00
43_52_58_59_63_64_68_76_77_86_87_92_97_98_108_280 Fe^56      3.03e+08     48.89    271.49   1015.27  -1939.29      0.00
54_79_80_111_174_175_205_206_226_227_228_235_236_243_244_250_251_257_258_263_264_269_270_275 Fe^56      3.05e+08     69.12    293.39   3706.80   1367.19      0.00
37_38_42_43_44_45_46_49_50_51_52_53_54_55_56_57_58_59_60_61_62_63_64_65_66_67_68_69_70_71_72_73_74_75_76_77_78_79_80_81_82_83_84_85_86_87_88_89_90_91_92_93_94_95_96_97_98_99_100_101_102_103_104_105_106_107_108_109_110_111_112_113_114_115_116_117_118_119_120_121_122_123_124_125_126_127_128_129_130_131_132_133_134_135_136_137_138_139_140_141_142_143_144_145_146_147_148_149_150_151_152_153_154_155_156_157_158_159_160_161_162_163_164_165_166_167_168_169_170_171_172_173_174_175_176_177_178_179_180_181_182_183_184_185_186_187_188_189_190_191_192_193_194_195_196_197_198_199_200_201_202_203_204_205_206_207_208_209_210_211_212_213_214_215_216_217_218_219_220_221_222_223_224_225_226_227_230_231_232_233_234_235_238_239_240_241_246_247_277_278_279_280_281_282_283_284_285_286_287_288 Fe^56      3.06e+08     77.57    167.10  -4464.46   1192.15      0.00
0_1_2_3_4_5_6_7_8_9_10_11_12_13_14_15_16_17_18_19_20_21_22_23_24_25_26_27_28_29_30_31_32_33_34_35_36_37_38_39_40_41_42_43_44_45_46_47_48_49_50_51_52_53_54_55_56_57_58_59_60_61_62_63_64_65_66_67_68_69_70_71_72_73_74_75_76_77_78_79_80_81_82_83_84_85_86_87_88_89_90_91_92_93_94_95_96_97_98_99_100_101_102_103_104_105_106_107_108_109_110_111_112_113_114_115_116_117_118_119_120_121_122_123_124_125_126_127_128_129_130_131_132_133_134_135_136_137_138_139_140_141_142_143_144_145_146_147_148_149_150_151_152_153_154_155_156_157_158_159_160_161_162_163_164_165_166_167_168_169_170_171_172_173_174_175_176_177_178_179_180_181_182_183_184_185_186_187_188_189_190_191_192_193_194_195_196_197_198_199_200_201_202_203_204_205_206_207_208_209_210_211_212_213_214_215_216_217_218_219_220_221_222_223_224_225_226_227_228_229_230_231_232_233_234_235_236_237_238_239_240_241_242_243_244_245_246_247_248_249_250_251_252_253_254_255_256_257_258_259_260_261_262_263_264_265_266_267_268_269_270_271_272_273_274_275_276_277_278_279_280_281_282_283_284_285_286_287_288 Fe^56      3.08e+08     86.30     79.67   1484.03  -2793.22      0.00
111_149_156_162_172_173_174_175_182_183_188_193_194_202_203_204_205_206_210_211_214_215_216_218_219_220_225_226_227_233_234_235_241_242_249_288 Fe^56      3.11e+08     66.00    329.99   2789.11   1271.85      0.00
0_1_2_3_6_7_8_11_12_13_14_18_19_20_24_25_26_27_32_33_34_39_40_41_42_47_48_49_50_56_60_69_70_71_72_73_82_99_100_101_102_103_127_163_164_165_166_195_196_197_221_222_223_230_231_238_246 Fe^56      3.15e+08     76.64    124.49  -4575.25   -641.79      0.00
252_259_265_270_271_276 Fe^56      3.16e+08     61.39    121.88   3918.25   6900.60      0.00
0_1_2_3_4_5_6_7_8_9_10_11_12_13_14_15_16_17_18_19_20_21_22_23_24_25_26_27_28_29_30_31_32_33_34_35_36_37_38_39_40_41_42_43_44_45_46_49_50_51_52_53_54_55_81 Fe^56      3.17e+08     80.06      6.76   3780.31  -5249.43      0.00
0_1_5_6_11_12_13_17_18_19_20_24_25_26_27_31_32_33_34_35_39_40_41_42_43_47_48_49_50_51_52_56_57_58_59_60_61_62_63_64_65_66_67_68_69_70_71_72_73_74_75_76_77_78_79_82_83_84_85_86_87_88_89_90_91_92_93_94_95_96_97_98_99_100_101_102_103_104_105_106_107_108_109_110_114_115_116_117_118_119_120_121_122_123_124_125_126_127_128_129_130_131_132_133_134_135_136_137_138_139_140_141_142_143_144_145_146_147_148_149_150_151_152_153_154_155_156_157_158_159_160_161_162_163_164_165_166_167_168_169_170_171_172_173_174_175_178_179_180_181_182_183_184_185_186_187_188_189_190_191_192_193_194_195_196_197_198_199_200_201_202_203_204_205_208_209_210_211_212_213_214_215_216_217_218_219_220_221_222_223_224_225_226_227_228_230_231_232_233_234_235_236_237_238_239_240_241_242_243_244_245_246_247_248_249_250_251_252_253_254_255_256_257_258_259_260_261_262_263_264_265_266_267_268_269_270_271_272_273_274_275_276_277_278_279_280_281_282_283_284_285_286_287_288 Fe^56      3.18e+08     85.29    232.62  -3379.39   4128.08      0.00
55_81_112_113_177_207 Fe^56      3.19e+08     55.80    247.49   6926.79   -984.52      0.00
5_6_7_8_9_10_11_12_13_14_15_16_17_18_19_20_21_22_23_24_25_26_27_28_29_30_31_32_33_34_35_36_37_38_39_40_41_42_43_44_45_46_47_48_49_50_51_52_53_54_55_56_57_58_59_60_61_62_63_64_65_66_67_68_69_70_71_72_73_74_75_76_77_78_79_80_81_82_83_84_85_86_87_88_89_90_91_92_93_94_95_96_97_98_99_100_101_102_103_104_105_106_107_108_109_110_111_112_113_114_115_116_117_118_119_120_121_122_123_124_125_126_127_128_129_130_131_132_133_134_135_136_137_138_139_140_141_142_143_144_145_146_147_148_149_150_151_152_153_154_155_156_157_158_159_160_161_162_163_164_165_166_167_168_169_170_171_172_173_174_175_176_177_178_179_180_181_182_183_184_185_186_187_188_189_190_191_192_193_194_195_196_197_198_199_200_201_202_203_204_205_206_207_208_209_210_211_212_213_214_215_216_217_218_219_220_221_222_223_224_225_226_227_228_229_230_231_232_233_234_235_236_237_238_239_240_241_242_243_244_245_246_247_248_249_250_251_252_253_254_255_256_257_258_259_260_261_262_263_264_265_266_267_268_269_270_271_272_273_274_275_276_277_278_279_280_281_282_283_284_285_286_287_288 Fe^56      3.28e+08     86.34    356.57  -1439.73   4064.70      0.00
0_1_2_3_4_5_6_7_8_9_10_11_12_13_14_15_16_17_18_19_20_21_22_23_24_25_26_27_28_29_30_31_32_33_34_35_36_37_38_39_40_41_42_43_44_45_46_47_48_49_50_51_52_53_54_55_56_57_58_59_60_61_62_63_64_65_66_67_68_69_70_71_72_73_74_75_76_77_78_79_80_81_82_83_84_85_86_87_88_89_90_91_92_93_94_95_96_97_98_99_100_101_102_103_104_105_106_107_108_109_110_111_112_113_114_115_116_117_118_119_120_121_122_123_124_125_126_127_128_129_130_131_132_133_134_135_136_137_138_139_140_141_142_143_144_145_146_147_148_149_150_151_152_153_154_155_156_157_158_159_160_161_162_163_164_165_166_167_168_169_170_171_172_173_174_175_176_177_178_179_180_181_182_183_184_185_186_187_188_189_190_191_192_193_194_195_196_197_198_199_200_201_202_203_204_205_206_207_208_209_210_211_212_213_214_215_216_217_218_219_220_221_222_223_224_225_226_227_228_229_230_231_232_233_234_235_236_237_238_239_240_241_242_243_244_245_246_247_248_249_250_251_252_253_254_255_256_257_258_259_260_261_262_263_264_265_266_267_268_269_270_271_272_273_274_275_276_277_278_279_280_281_282_283_284_285_286_287_288 Fe^56      3.32e+08     87.19     97.31   3752.33   4282.99      0.00
28_35_43_51 Fe^56      3.34e+08     49.03    134.02    636.96  -3023.02      0.00
225_233_240_241_248 Fe^56      3.36e+08     56.23    326.63   -930.92   3156.65      0.00
81_111_112_113_133_134_139_140_141_146_147_148_149_152_153_154_155_156_157_158_159_160_161_162_167_168_169_170_171_172_173_174_175_176_177_178_179_180_181_182_183_184_185_186_187_188_189_190_191_192_193_194_197_198_199_200_201_202_203_204_205_206_207_208_209_210_211_212_213_214_215_216_217_218_219_220_221_222_223_224_225_226_227_228_229_230_231_232_233_234_235_236_237_238_239_240_241_242_243_244_245_246_247_248_249_250_251_252_253_254_255_256_257_258_259_260_261_262_263_264_265_266_267_268_269_270_271_272_273_274_275_277_281_283_285_288 Fe^56      3.37e+08     79.61    172.66   5429.69   2924.44      0.00
56_60_61_65_66_73_74_75_83_84_88_89_90_94_95_104_105_106_115_116_122_282_284_287 Fe^56      3.30e+08     31.51    235.33   -471.30   -798.03      0.00
37_44_45_46_52_53_54_58_59_63_64_67_68_75_76_77_78_79_85_86_87_91_92_96_97_98_107_108_109_110_118_119_125_126_133_134_279_280 Fe^56      3.44e+08     63.15    157.90   2588.75  -1719.61      0.00
3_4_9_10_15_16_21_22_23_29_30_36_37_38_44_45_46_53_54_55_79_80_81_111_112_113_175_176_177_206_207_228_229_236_237_245_252 Fe^56      3.45e+08     74.11    250.79   4526.94  -3652.80      0.00
80_81_112_175_176_206_207_228_236_237_244_245_252 Fe^56      3.40e+08     62.80    281.56   5670.32    634.42      0.00
38_46_54_55_80_81_111_112_113_175_176_177_206_207_227_228_229_236_237_244_245_251_252_258_259_264_265_271_276 Fe^56      3.40e+08     74.88    116.67   6864.28   -300.65      0.00
4_10_15_16_22_23_28_29_30_36_37_38_44_45_46_52_53_54_59_64_68_77_78_79_80_86_87_91_92_97_98_107_108_109_110_111_112_118_119_124_125_126_132_133_134_139_140_141_146_147_148_149_154_155_156_160_161_162_171_172_173_174_175_176_181_182_183_186_187_188_192_193_194_201_202_203_204_205_206_210_211_214_215_216_219_220_225_226_227_228_234_235_236_242_243_244_249_250_251_252_256_257_258_259_262_263_264_265_268_269_270_271_274_275_276_277_278_279_288 Fe^56      3.51e+08     77.74    281.98   2855.57   2076.44      0.00
43_51_52_56_57_58_59_60_61_62_63_64_65_66_67_68_72_73_74_75_76_77_78_82_83_84_85_86_87_88_89_90_91_92_93_94_95_96_97_98_103_104_105_106_107_108_109_114_115_116_117_118_119_120_121_122_123_124_125_126_127_128_129_130_131_132_133_134_135_136_137_138_139_140_142_143_144_145_146_147_150_151_152_153_154_157_158_159_160_167_168_169_278_279_280_282_283_284_285_286_287 Fe^56      3.57e+08     60.28    336.14    744.17  -1219.73      0.00
126_133_134_140_141_148_149_155_156_162_172_173_183_188_194_204 Fe^56      3.50e+08     42.32     67.08   1526.57    639.54      0.00
3_4_8_9_10_14_15_16_21_22_23_28_29_30_35_36_37_38_43_44_45_46_52_53_54_55_59_64_68_77_78_79_80_81_86_87_92_97_98_108_109_110_111_112_113_118_119_125_126_132_133_134_140_141_147_148_149_155_156_161_162_172_173_174_175_176_177_182_183_188_193_194_203_204_205_206_207_211_216_220_226_227_228_229_234_235_236_237_242_243_244_245_250_251_252_257_258_259_264_265_270_271_275_276_277_279 Fe^56      3.65e+08     84.27     89.07   7725.68    370.46      0.00
0_1_2_3_4_5_6_7_8_9_10_11_12_13_14_15_16_17_18_19_20_21_22_23_24_25_26_27_28_29_30_31_32_33_34_35_36_37_38_39_40_41_42_43_44_45_46_47_48_49_50_51_52_53_54_55_56_57_58_59_60_61_62_63_64_65_66_67_68_69_70_71_72_73_74_75_76_77_78_79_80_81_82_83_84_85_86_87_88_89_90_91_92_93_94_95_96_97_98_99_100_101_102_103_104_105_106_107_108_109_110_111_112_113_114_115_116_117_118_119_120_121_122_123_124_125_126_127_128_129_130_131_132_133_134_135_136_137_138_139_140_141_142_143_144_145_146_147_148_149_150_151_152_153_154_155_156_157_158_159_160_161_162_163_164_165_166_167_168_169_170_171_172_173_174_175_176_177_178_179_180_181_182_183_184_185_186_187_188_189_190_191_192_193_194_195_196_197_198_199_200_201_202_203_204_205_206_207_208_209_210_211_212_213_214_215_216_217_218_219_220_221_222_223_224_225_226_227_228_229_230_231_232_233_234_235_236_237_238_239_240_241_242_243_244_245_246_247_248_249_250_251_252_253_254_255_256_257_258_259_260_261_262_263_264_265_266_267_268_269_270_271_272_273_274_275_276_277_278_279_280_281_282_283_284_285_286_287_288 Fe^56      3.66e+08     87.05    107.63   -915.02   6498.16      0.00
0_1_2_3_4_5_6_7_8_9_10_11_12_13_14_15_16_18_19_20_21_22_23_25_26_27_28_29_30_32_33_34_35_36_37_38_40_41_42_43_44_45_46_49_50_51_52_53_54_55_56_57_58_59_60_61_62_63_64_65_66_67_68_71_72_73_74_75_76_77_78_79_80_81_82_83_84_85_86_87_88_89_90_91_92_93_94_95_96_97_98_101_102_103_104_105_106_107_108_109_110_111_112_113_114_115_116_117_118_119_120_121_122_123_124_125_126_127_128_129_130_131_132_133_134_135_136_137_138_139_140_141_142_143_144_145_146_147_148_149_150_151_152_153_154_155_156_157_158_159_160_161_162_165_166_167_168_169_170_171_172_173_174_175_176_177_178_179_180_181_182_183_184_185_186_187_188_189_190_191_192_193_194_197_198_199_200_201_202_203_204_205_206_207_208_209_210_211_212_213_214_215_216_217_218_219_220_223_224_225_226_227_228_229_231_232_233_234_235_236_237_239_240_241_242_243_244_245_247_248_249_250_251_252_254_255_256_257_258_259_260_261_262_263_264_265_267_268_269_270_271_272_273_274_275_276_277_278_279_280_281_282_283_284_285_286_287_288 Fe^56      3.69e+08     86.22    264.77   5780.34    829.54      0.00
0_1_2_3_4_5_6_7_8_9_10_11_12_13_14_15_16_17_18_19_20_21_22_23_24_25_26_27_28_29_30_31_32_33_34_35_36_37_38_39_40_41_42_43_44_45_46_47_48_49_50_51_52_53_54_55_56_57_58_59_60_61_62_63_64_65_66_67_68_69_70_71_72_73_74_75_76_77_78_79_80_81_82_83_84_85_86_87_88_89_90_91_92_93_94_95_96_97_98_99_100_101_102_103_104_105_106_107_108_109_110_111_112_113_114_115_116_117_118_119_120_121_122_123_124_125_126_127_128_129_130_131_132_133_134_135_136_137_138_139_140_141_142_143_144_145_146_147_148_149_150_151_152_153_154_155_156_157_158_159_160_161_162_163_164_165_166_167_168_169_170_171_172_173_174_175_176_177_178_179_180_181_182_183_184_185_186_187_188_189_190_191_192_193_194_195_196_197_198_199_200_201_202_203_204_205_206_207_208_209_210_211_212_213_214_215_216_217_218_219_220_221_222_223_224_225_226_227_228_229_230_231_232_233_234_235_236_237_238_239_240_241_242_243_244_245_246_247_248_249_250_251_252_253_254_255_256_257_258_259_260_261_262_263_264_265_266_267_268_269_270_271_272_273_274_275_276_277_278_279_280_281_282_283_284_285_286_287_288 Fe^56      3.75e+08     86.43    325.70   3992.70  -3317.22      0.00
35_42_43_44_50_51_52_56_57_58_59_60_61_62_63_64_65_66_67_68_71_72_73_74_75_76_77_78_82_83_84_85_86_87_88_89_90_91_92_93_94_95_96_97_98_102_103_104_105_106_107_108_109_114_115_116_117_118_119_120_121_122_123_124_125_127_128_129_130_131_132_135_136_137_138_139_140_142_143_144_145_146_147_150_151_152_153_154_157_158_159_160_165_166_167_168_169_170_178_179_180_184_185_189_190_197_198_199_223_278_279_280_282_283_284_285_286_287 Fe^56      3.76e+08     67.05    146.88  -1830.72   -229.57      0.00
0_1_2_3_4_5_6_7_8_9_10_11_12_13_14_15_16_17_18_19_20_21_22_23_24_25_26_27_28_29_30_31_32_33_34_35_36_37_38_39_40_41_42_43_44_45_46_47_48_49_50_51_52_53_54_55_56_57_58_59_60_61_62_63_64_65_66_67_68_69_70_71_72_73_74_75_76_77_78_79_80_81_82_83_84_85_86_87_88_89_90_91_92_93_94_95_96_97_98_100_101_102_103_104_105_106_107_108_109_110_111_112_113_114_115_116_117_118_119_120_121_122_123_124_125_126_127_128_129_130_131_132_133_134_135_136_137_138_139_140_141_142_143_144_145_146_147_148_149_150_151_152_153_154_155_156_157_158_159_160_161_162_164_165_166_167_168_169_170_171_172_173_174_175_176_177_178_179_180_181_182_183_184_185_186_187_188_189_190_191_192_193_194_195_196_197_198_199_200_201_202_203_204_205_206_207_208_209_210_211_212_213_214_215_216_217_218_219_220_222_223_224_225_226_227_228_229_230_231_232_233_234_235_236_237_238_239_240_241_242_243_244_245_246_247_248_249_250_251_252_253_254_255_256_257_258_259_260_261_262_263_264_265_266_267_268_269_270_271_272_273_274_275_276_277_278_279_280_281_282_283_284_285_286_287_288 Fe^56      3.76e+08     85.94     88.62   2501.78  -4286.56      0.00
0_1_2_3_4_5_6_7_8_9_11_12_13_14_17_18_19_20_24_25_26_31_32_33_39_47 Fe^56      3.84e+08     77.39    152.98  -4140.90  -5926.71      0.00
13_14_19_20_21_26_27_28_29_30_34_35_36_37_38_42_43_44_45_46_51_52_53_54_55_78_79_80_81_111_112_113_176_177 Fe^56      3.92e+08     71.63    202.01   2707.73  -2916.54      0.00
0_1_2_3_4_5_6_7_8_9_10_11_12_13_14_15_16_17_18_19_20_21_22_23_24_25_26_27_28_29_30_31_32_33_34_35_36_37_38_39_40_41_42_43_44_45_46_47_48_49_50_51_52_53_54_55_56_57_58_59_60_61_62_63_64_65_66_67_68_69_70_71_72_73_74_75_76_77_78_79_80_81_82_83_84_85_86_87_88_89_90_91_92_93_94_95_96_97_98_99_100_101_102_103_104_105_106_107_108_109_110_111_112_113_114_115_116_117_118_119_120_121_122_123_124_125_126_127_128_129_130_131_132_133_134_135_136_137_138_139_140_141_142_143_144_145_146_147_148_149_150_151_152_153_154_155_156_157_158_159_160_161_162_163_164_165_166_167_168_169_170_171_172_173_174_175_176_177_178_179_180_181_182_183_184_185_186_187_188_189_190_191_192_193_194_195_196_197_198_199_200_201_202_203_204_205_206_207_208_209_210_211_212_213_214_215_216_217_218_219_220_221_222_223_224_225_226_227_228_229_230_231_232_233_234_235_236_237_238_239_240_241_242_243_244_245_246_247_248_249_250_251_252_253_254_255_256_257_258_259_260_261_262_263_264_265_266_267_268_269_270_271_272_273_274_275_276_277_278_279_280_281_282_283_284_285_286_287_288 Fe^56      3.95e+08     86.57    217.72    793.78   -993.22      0.00
2_3_8_14 Fe^56      3.97e+08     54.61     72.58    890.41  -7001.81      0.00
0_1_2_6_7_8_12_13_14_19_20_21_26_27_28_34_35_36_43_44_51_52_59_64_78_110 Fe^56      3.90e+08     68.99    233.65   -866.43  -5935.23      0.00
56_57_58_60_61_62_63_64_65_66_67_68_69_70_71_72_73_74_75_76_77_78_79_82_83_84_85_86_87_88_89_90_91_92_93_94_95_96_97_98_99_100_101_102_103_104_105_106_107_108_109_110_111_112_114_115_116_117_118_119_120_121_122_123_124_125_126_127_128_129_130_131_132_133_134_135_136_137_138_139_140_141_142_143_144_145_146_147_148_149_150_151_152_153_154_155_156_157_158_159_160_161_162_163_164_165_166_167_168_169_170_171_172_173_174_175_176_177_178_179_180_181_182_183_184_185_186_187_188_189_190_191_192_193_194_195_196_197_198_199_200_201_202_203_204_205_206_207_208_209_210_211_212_213_214_215_216_217_218_219_220_221_222_223_224_225_226_227_228_229_230_231_232_233_234_235_236_237_238_239_240_241_242_243_244_245_246_247_248_249_250_251_252_253_254_255_256_257_258_259_261_262_263_264_265_269_270_271_276_277_278_279_280_281_282_283_284_285_286_287_288 Fe^56      4.01e+08     80.13    190.56   3372.05   3118.81      0.00
0_1_2_3_4_5_6_7_8_9_10_11_12_13_14_15_16_17_18_19_20_21_22_23_24_25_26_27_28_29_30_31_32_33_34_35_36_37_38_39_40_41_42_43_44_45_46_47_48_49_50_51_52_53_54_55_56_57_58_59_60_61_62_63_64_65_66_67_68_69_70_71_72_73_74_75_76_77_78_79_80_81_82_83_84_85_86_87_88_89_90_91_92_93_94_95_96_97_98_99_100_101_102_103_104_105_106_107_108_109_110_111_112_113_114_115_116_117_118_119_120_121_122_123_124_125_126_127_128_129_130_131_132_133_134_135_136_137_138_139_140_141_142_143_144_145_146_147_148_149_150_151_152_153_154_155_156_157_158_159_160_161_162_163_164_165_166_167_168_169_170_171_172_173_174_175_176_177_178_179_180_181_182_183_184_185_186_187_188_189_190_191_192_193_194_195_196_197_198_199_200_201_202_203_204_205_206_207_208_209_210_211_212_213_214_215_216_217_218_219_220_221_222_223_224_225_226_227_228_229_230_231_232_233_234_235_236_237_238_239_240_241_242_243_244_245_246_247_248_249_250_251_252_253_254_255_256_257_258_259_260_261_262_263_264_265_266_267_268_269_270_271_272_273_274_275_276_277_278_279_280_281_282_283_284_285_286_287_288 Fe^56      4.01e+08     85.95    117.89    185.91   -486.26      0.00
144_145_151_152_153_157_158_159_160_167_168_169_170_178_179_180_181_184_185_186_187_189_190_191_192_199_200_201_202_208_209_210_212_213_214_217_218_281_283_285_288 Fe^56      4.06e+08     40.43    357.93   -429.78    821.65      0.00
0_1_2_3_4_5_6_7_8_9_10_11_12_13_14_15_16_17_18_19_20_21_22_23_24_25_26_27_28_29_30_31_32_33_34_35_36_37_38_39_40_41_42_43_44_45_46_47_48_49_50_51_52_53_54_55_56_57_58_59_60_61_62_63_64_65_66_67_68_69_70_71_72_73_74_75_76_77_78_79_80_81_82_83_84_85_86_87_88_89_90_91_92_93_94_95_96_97_98_99_100_101_102_103_104_105_106_107_108_109_110_111_112_113_114_115_116_117_118_119_120_121_122_123_124_125_126_127_128_129_130_131_132_133_134_135_136_137_138_139_140_141_142_143_144_145_146_147_148_149_150_151_152_153_154_155_156_157_158_159_160_161_162_163_164_165_166_167_168_169_170_171_172_173_174_175_176_177_178_179_180_181_182_183_184_185_186_187_188_189_190_191_192_193_194_195_196_197_198_199_200_201_202_203_204_205_206_207_208_209_210_211_212_213_214_215_216_217_218_219_220_221_222_223_224_225_226_227_228_229_230_231_232_233_234_235_236_237_238_239_240_241_242_243_244_245_246_247_248_249_250_251_252_253_254_255_256_257_258_259_260_261_262_263_264_265_266_267_268_269_270_271_272_273_274_275_276_277_278_279_280_281_282_283_284_285_286_287_288 Fe^56      4.08e+08     86.23    339.09  -6945.09   1854.42      0.00
221_222_230_238_239_246_247_253_254_260_261_266_267_272 Fe^56      4.17e+08     67.49    242.60  -4594.70   5244.31      0.00
142_166_167_198 Fe^56      4.26e+08     43.49     74.87  -1955.99    750.10      0.00
9_14_15_21_22_27_28_34_35_36_42_43_44_50_51_52_56_57_58_59_60_61_62_63_64_65_66_67_68_72_73_74_75_76_77_78_82_83_84_85_86_87_88_89_90_91_92_93_94_95_96_97_98_102_103_104_105_106_107_108_109_114_115_116_117_118_119_120_121_122_123_124_125_126_127_128_129_130_131_132_133_134_135_136_137_138_139_140_141_142_143_144_145_146_147_148_150_151_152_153_154_155_156_157_158_159_160_161_162_166_167_168_169_170_171_172_178_179_180_181_182_183_184_185_186_187_188_189_190_191_192_193_197_198_199_200_201_202_208_209_210_211_212_213_214_215_217_218_219_223_224_225_231_232_233_239_240_246_247_248_253_254_260_277_278_279_280_281_282_283_284_285_286_287_288 Fe^56      4.32e+08     71.69    123.91  -1792.28    909.40      0.00
38_45_46_54_55_79_80_81_110_111_112_113_149_173_174_175_176_177_183_188_194_203_204_205_206_207_211_215_216_220_225_226_227_228_229_234_235_236_237_241_242_243_244_245_248_249_250_251_252_255_256_257_258_261_262_263_264_267_268_269_270_272_273_274_275 Fe^56      4.35e+08     77.21    137.44   3905.36   1940.92      0.00
0_1_2_3_4_5_6_7_8_9_10_11_12_13_14_15_16_17_18_19_20_21_22_23_24_25_26_27_28_29_30_31_32_33_34_35_36_37_38_39_40_41_42_43_44_45_46_47_48_49_50_51_52_53_54_55_56_57_58_59_60_61_62_63_64_65_66_67_68_69_70_71_72_73_74_75_76_77_78_79_80_81_82_83_84_85_86_87_88_89_90_91_92_93_94_95_96_97_98_99_100_101_102_103_104_105_106_107_108_109_110_111_112_113_114_115_116_117_118_119_120_121_122_123_124_125_126_127_128_129_130_131_132_133_134_135_136_137_138_139_140_141_142_143_144_145_146_147_148_149_150_151_152_153_154_155_156_157_158_159_160_161_162_163_164_165_166_167_168_169_170_171_172_173_174_175_176_177_178_179_180_181_182_183_184_185_186_187_188_189_190_191_192_193_194_195_196_197_198_199_200_201_202_203_204_205_206_207_208_209_210_211_212_213_214_215_216_217_218_219_220_221_222_223_224_225_226_227_228_229_230_231_232_233_234_235_236_237_238_239_240_241_242_243_244_245_246_247_248_249_250_251_252_253_254_255_256_257_258_259_260_261_262_263_264_265_266_267_268_269_270_271_272_273_274_275_276_277_278_279_280_281_282_283_284_285_286_287_288 Fe^56      4.36e+08     86.52     68.88   2981.42   3187.36      0.00
28_29_30_34_35_36_37_38_39_40_41_42_43_44_45_46_47_48_49_50_51_52_53_54_55_56_57_58_59_60_61_62_63_64_65_66_67_68_69_70_71_72_73_74_75_76_77_78_79_80_81_82_83_84_85_86_87_88_89_90_91_92_93_94_95_96_97_98_99_100_101_102_103_104_105_106_107_108_109_110_111_112_113_114_115_116_117_118_119_120_121_122_123_124_125_126_127_128_129_130_131_132_133_134_135_136_137_138_139_140_141_142_143_144_145_146_147_148_149_150_151_152_153_154_155_156_157_158_159_160_161_162_163_164_165_166_167_168_169_170_171_172_173_174_175_176_177_178_179_180_181_182_183_184_185_186_187_188_189_190_191_192_193_194_195_196_197_198_199_200_201_202_203_204_205_206_207_208_209_210_211_212_213_214_215_216_217_218_219_220_221_222_223_224_225_226_227_228_229_230_231_232_233_234_235_236_237_238_239_240_241_242_243_244_245_246_247_248_249_250_251_252_253_254_255_256_257_258_259_260_261_262_263_264_265_266_267_268_269_270_271_272_273_277_278_279_280_281_282_283_284_285_286_287_288 Fe^56      4.37e+08     82.17    173.41  -2906.50   1881.60      0.00
234_235_236_237_238_239_240_241_242_243_244_245_246_247_248_249_250_251_252_253_254_255_256_257_258_259_260_261_262_263_264_265_266_267_268_269_270_271_272_273_274_275_276 Fe^56      4.39e+08     78.49    354.47   3239.15   5693.01      0.00
242_249_250_256_257_262_263_268 Fe^56      4.61e+08     59.15    310.01    693.26   4711.24      0.00
0_1_2_3_4_5_6_7_8_9_10_11_12_13_14_15_16_17_18_19_20_21_22_23_24_25_26_27_28_29_30_31_32_33_34_35_36_37_38_39_40_41_42_43_44_45_46_47_48_49_50_51_52_53_54_55_56_57_58_59_60_61_62_63_64_65_66_67_68_69_70_71_72_73_74_75_76_77_78_79_80_81_82_83_84_85_86_87_88_89_90_91_92_93_94_95_96_97_98_99_100_101_102_103_104_105_106_107_108_109_110_111_112_113_114_115_116_117_118_119_120_121_122_123_124_125_126_127_128_129_130_131_132_133_134_135_136_137_138_139_140_141_142_143_144_145_146_147_148_149_150_151_152_153_154_155_156_157_158_159_160_161_162_163_164_165_166_167_168_169_170_171_172_173_174_175_176_177_178_179_180_181_182_183_184_185_186_187_188_189_190_191_192_193_194_195_196_197_198_199_200_201_202_203_204_205_206_207_208_209_210_211_212_213_214_215_216_217_218_219_220_221_222_223_224_225_226_227_228_229_230_231_232_233_234_235_236_237_238_239_240_241_242_243_244_245_246_247_248_249_250_251_252_253_254_255_256_257_258_259_260_261_262_263_264_265_266_267_268_269_270_271_273_274_275_276_277_278_279_280_281_282_283_284_285_286_287_288 Fe^56      4.61e+08     85.50     11.97   1005.69  -1489.51      0.00
0_1_2_3_4_5_6_7_8_9_10_11_12_13_14_15_16_17_18_19_20_21_22_23_24_25_26_27_28_29_30_31_32_33_34_35_36_37_38_39_40_41_42_43_44_45_46_47_48_49_50_51_52_53_54_55_56_57_58_59_60_61_62_63_64_65_66_67_68_69_70_71_72_73_74_75_76_77_78_79_80_81_82_83_84_85_86_87_88_89_90_91_92_93_94_95_96_97_98_99_100_101_102_103_104_105_106_107_108_109_110_111_112_113_114_115_116_117_118_119_120_121_122_123_124_125_126_127_128_129_130_131_132_133_134_135_136_137_138_139_140_141_142_143_144_145_146_147_148_149_150_151_152_153_154_155_156_157_158_159_160_161_162_164_165_166_167_168_169_170_171_172_173_174_175_176_177_178_179_180_181_182_183_184_185_186_187_188_189_190_191_192_193_194_196_197_198_199_200_201_202_203_204_205_206_207_208_209_210_211_212_213_214_215_216_217_218_219_220_222_223_224_225_226_227_228_229_231_232_233_234_235_236_237_239_240_241_242_243_244_245_247_248_249_250_251_252_254_255_256_257_258_259_261_262_263_264_265_268_269_270_271_273_274_275_276_277_278_279_280_281_282_283_284_285_286_287_288 Fe^56      4.61e+08     87.18     53.16   3230.04  -6906.34      0.00
69_99_163_164_195 Fe^56      4.60e+08     53.33     51.22  -7068.10    296.11      0.00
14_20_21_28 Fe^56      4.72e+08     48.07     37.91   1110.05  -4760.65      0.00
0_1_2_3_4_5_6_7_8_9_10_11_12_13_14_15_16_17_18_19_20_21_22_23_24_25_26_27_28_29_30_31_32_33_34_35_36_37_38_39_40_41_42_43_44_45_46_47_48_49_50_51_52_53_54_55_56_57_58_59_60_61_62_63_64_65_66_67_68_69_70_71_72_73_74_75_76_77_78_79_80_81_82_83_84_85_86_87_88_89_90_91_92_93_94_95_96_97_98_100_101_102_103_104_105_106_107_108_109_110_111_112_113_114_115_116_117_118_119_120_121_122_123_124_125_126_127_128_129_130_131_132_133_134_135_136_137_138_139_140_141_142_143_144_145_146_147_148_149_150_151_152_153_154_155_156_157_158_159_160_161_162_164_165_166_167_168_169_170_171_172_173_174_175_176_177_178_179_180_181_182_183_184_185_186_187_188_189_190_191_192_193_194_195_196_197_198_199_200_201_202_203_204_205_206_207_208_209_210_211_212_213_214_215_216_217_218_219_220_222_223_224_225_226_227_228_229_230_231_232_233_234_235_236_237_238_239_240_241_242_243_244_245_246_247_248_249_250_251_252_253_254_255_256_257_258_259_260_261_262_263_264_265_266_267_268_269_270_271_272_273_274_275_276_277_278_279_280_281_282_283_284_285_286_287_288 Fe^56      4.75e+08     85.37     81.55   2649.76   4017.32      0.00
0_1_2_3_4_5_6_7_8_9_10_11_12_13_14_15_16_17_18_19_20_21_22_23_24_25_26_27_28_29_30_31_32_33_34_35_36_37_38_39_40_41_42_43_44_45_46_47_48_49_50_51_52_53_54_55_56_57_58_59_60_61_62_63_64_65_66_67_68_69_70_71_72_73_74_75_76_77_78_79_80_81_82_83_84_85_86_87_88_89_90_91_92_93_94_95_96_97_98_99_100_101_102_103_104_105_106_107_108_109_110_111_112_113_114_115_116_117_118_119_120_121_122_123_124_125_126_127_128_129_130_131_132_133_134_279_280_282_284_287 Fe^56      4.78e+08     81.47      1.56   3913.51  -4858.97      0.00
70_101_165_196_197_222_223_231_239 Fe^56      4.93e+08     60.61     82.81  -4439.48   1838.15      0.00
0_1_2_3_4_5_6_7_8_9_10_11_12_13_14_15_16_17_18_19_20_21_22_23_24_25_26_27_28_29_30_31_32_33_34_35_36_37_38_39_40_41_42_43_44_45_46_47_48_49_50_51_52_53_54_55_56_57_58_59_60_61_62_63_64_65_66_67_68_69_70_71_72_73_74_75_76_77_78_79_80_81_82_83_84_85_86_87_88_89_90_91_92_93_94_95_96_97_98_99_100_101_102_103_104_105_106_107_108_109_110_111_112_113_114_115_116_117_118_119_120_121_122_123_124_125_126_127_128_129_130_131_132_133_134_135_136_137_138_139_140_141_142_143_144_145_146_147_148_149_150_151_152_153_154_155_156_157_158_159_160_161_162_163_164_165_166_167_168_169_170_171_172_173_174_175_176_177_178_179_180_181_182_183_184_185_186_187_188_189_190_191_192_193_194_195_196_197_198_199_200_201_202_203_204_205_206_207_208_209_210_211_212_213_214_215_216_217_218_219_220_221_222_223_224_225_226_227_228_229_230_231_232_233_234_235_236_237_238_239_240_241_242_243_244_245_246_247_248_249_250_251_252_253_254_255_256_257_258_259_260_261_262_263_264_265_266_267_268_269_270_271_272_273_274_275_276_277_278_279_280_281_282_283_284_285_286_287_288 Fe^56      4.96e+08     85.94    111.47    268.28   1680.82      0.00
0_1_2_3_4_5_6_7_8_9_10_11_12_13_14_15_16_17_18_19_20_21_22_24_25_26_27_28_31_32_33_34_35_36_39_40_41_42_43_47_48_49_50_51_56_57_60_61_62_65_66_69_70_71_72_73_74_82_83_88_93_99_100_101_102_103_104_114_120_127_163_164_165_166_195_196_197_221_222_230_231_238_287 Fe^56      5.01e+08     83.18    136.18  -4026.24  -5708.50      0.00
243_244_250_251_252_257_258 Fe^56      5.06e+08     58.54    345.55   3530.70   3839.42      0.00
7_13_19_20_25_26_27_33_34_41_42_49_50_51_56_57_58_60_61_62_65_66_71_72_73_74_75_82_83_84_88_89_90_93_94_95_101_102_103_104_105_106_114_115_116_120_121_122_123_127_128_129_130_135_136_137_138_142_143_144_145_150_151_152_157_158_159_165_166_167_168_169_178_179_180_184_185_189_190_191_196_197_198_199_200_208_209_212_213_217_222_223_224_231_232_233_239_240_241_246_247_248_253_254_255_260_261_266_267_272_282_283_284_285_286_287 Fe^56      5.06e+08     73.74    285.56  -2606.26    350.18      0.00
0_1_2_3_4_5_6_7_8_9_10_11_12_13_14_15_16_17_18_19_20_21_22_23_24_25_26_27_28_29_30_31_32_33_34_35_36_37_38_39_40_41_42_43_44_45_46_47_48_49_50_51_52_53_54_55_56_57_58_59_60_61_62_63_64_65_66_67_68_69_70_71_72_73_74_75_76_77_78_79_80_81_82_83_84_85_86_87_88_89_90_91_92_93_94_95_96_97_98_99_100_101_102_103_104_105_106_107_108_109_110_111_112_113_114_115_116_117_118_119_120_121_122_123_124_125_126_127_128_129_130_131_132_133_134_135_136_137_138_139_140_141_142_143_144_145_146_147_148_149_150_151_152_153_154_155_156_157_158_159_160_161_162_163_164_165_166_167_168_169_170_171_172_173_174_175_176_177_178_179_180_181_182_183_184_185_186_187_188_189_190_191_192_193_194_195_196_197_198_199_200_201_202_203_204_205_206_207_208_209_210_211_212_213_214_215_216_217_218_219_220_221_222_223_224_225_226_227_228_229_230_231_232_233_234_235_236_237_238_239_240_241_242_243_244_245_246_247_248_249_250_251_252_253_254_255_256_257_258_259_260_261_262_263_264_265_266_267_268_269_270_271_272_273_274_275_276_277_278_279_280_281_282_283_284_285_286_287_288 Fe^56      5.10e+08     87.20    340.03   3610.09   1303.56      0.00
256_257_262_263_264_267_268_269_270_272_273_274_275 Fe^56      5.20e+08     67.99    329.42   -474.93   6952.13      0.00
0_1_2_3_4_5_6_7_8_9_10_11_12_13_14_15_16_17_18_19_20_21_22_23_24_25_26_27_28_29_30_31_32_33_34_35_36_37_38_39_40_41_42_43_44_45_46_48_49_50_51_52_53_54_55_56_57_58_59_60_61_62_63_64_65_66_67_68_70_71_72_73_74_75_76_77_78_79_80_81_82_83_84_85_86_87_88_89_90_91_92_93_94_95_96_97_98_100_101_102_103_104_105_106_107_108_109_110_111_112_113_114_115_116_117_118_119_120_121_122_123_124_125_126_127_128_129_130_131_132_133_134_135_136_137_138_139_140_141_142_143_144_145_146_147_148_149_150_151_152_153_154_155_156_157_158_159_160_161_162_164_165_166_167_168_169_170_171_172_173_174_175_176_177_178_179_180_181_182_183_184_185_186_187_188_189_190_191_192_193_194_196_197_198_199_200_201_202_203_204_205_206_207_208_209_210_211_212_213_214_215_216_217_218_219_220_222_223_224_225_226_227_228_229_230_231_232_233_234_235_236_237_238_239_240_241_242_243_244_245_246_247_248_249_250_251_252_253_254_255_256_257_258_259_260_261_262_263_264_265_266_267_268_269_270_271_272_273_274_275_276_277_278_279_280_281_282_283_284_285_286_287_288 Fe^56      5.30e+08     84.70    269.56   1232.39  -2122.60      0.00
0_1_2_3_4_5_6_7_8_9_10_11_12_13_14_15_16_17_18_19_20_21_22_23_24_25_26_27_28_29_30_32_33_34_35_36_37_38_41_42_43_44_45_46_50_51_52_53_54_55_56_57_58_59_61_62_63_64_66_67_68_75_76_77_78_79_80_81_85_86_87_91_92_98_109_110_111_112_113_175_176_177_206_207_280 Fe^56      5.43e+08     80.90    199.95   1857.99  -4910.96      0.00
164_196_222_230_231_238_239_246 Fe^56      5.45e+08     59.00     70.34  -5281.77   2774.88      0.00
0_1_2_3_4_5_6_7_8_9_10_11_12_13_14_15_16_17_18_19_20_21_22_23_24_25_26_27_28_29_30_31_32_33_34_35_36_37_38_39_40_41_42_43_44_45_46_47_48_49_50_51_52_53_54_55_56_57_58_59_60_61_62_63_64_65_66_67_68_69_70_71_72_73_74_75_76_77_78_79_80_81_82_83_84_85_86_87_88_89_90_91_92_93_94_95_96_97_98_99_100_101_102_103_104_105_106_107_108_109_110_111_112_113_114_115_116_117_118_119_120_121_122_123_124_125_126_127_128_129_130_131_132_133_134_135_136_137_138_139_140_141_142_143_144_145_146_147_148_149_150_151_152_153_154_155_156_157_158_159_160_161_162_163_164_165_166_167_168_169_170_171_172_173_174_175_176_177_178_179_180_181_182_183_184_185_186_187_188_189_190_191_192_193_194_195_196_197_198_199_200_201_202_203_204_205_206_207_208_209_210_211_212_213_214_215_216_217_218_219_220_221_222_223_224_225_226_227_228_229_230_231_232_233_234_235_236_237_238_239_240_241_242_243_244_245_246_247_248_249_250_251_252_253_254_255_256_257_258_259_260_261_262_263_264_265_266_267_268_269_270_271_272_273_274_275_276_277_278_279_280_281_282_283_284_285_286_287_288 Fe^56      5.45e+08     85.66    125.18  -4053.55   4550.27      0.00
1_2_3_4_7_8_9_10_13_14_15_16_20_21_22_23_27_28_29_30_34_35_36_37_38_42_43_44_45_46_51_52_53_54_55_57_58_59_61_62_63_64_66_67_68_74_75_76_77_78_79_80_81_84_85_86_87_90_91_92_95_96_97_98_106_107_108_109_110_111_112_113_116_117_118_119_123_124_125_126_131_132_133_134_138_139_140_141_146_147_148_149_153_154_155_156_160_161_162_171_172_173_174_175_176_177_181_182_183_187_188_192_193_194_202_203_204_205_206_207_210_211_215_216_220_226_227_228_229_234_235_236_237_243_244_245_250_251_252_257_258_259_264_265_270_271_276_277_278_279_280_282_288 Fe^56      5.46e+08     82.17     75.96   5151.93   -673.16      0.00
0_1_2_3_4_5_6_7_8_9_10_11_12_13_14_15_16_17_18_19_20_21_22_23_24_25_26_27_28_29_30_32_33_34_35_36_37_38_40_41_42_43_44_45_46_49_50_51_52_53_54_55_56_57_58_59_60_61_62_63_64_65_66_67_68_71_72_73_74_75_76_77_78_79_80_81_82_83_84_85_86_87_88_89_90_91_92_93_94_95_96_97_98_102_103_104_105_106_107_108_109_110_111_112_113_114_115_116_117_118_119_120_121_122_123_124_125_126_127_128_129_130_131_132_133_134_135_136_137_138_139_140_141_142_143_144_145_146_147_148_149_150_151_152_153_154_155_156_157_158_159_160_161_162_166_167_168_169_170_171_172_173_174_175_176_177_178_179_180_181_182_183_184_185_186_187_188_189_190_191_192_193_194_198_199_200_201_202_203_204_205_206_207_208_209_210_211_212_213_214_215_216_217_218_219_220_224_225_226_227_228_229_233_234_235_236_237_241_242_243_244_245_249_250_251_252_256_257_258_259_263_264_265_269_270_271_275_276_277_278_279_280_281_282_283_284_285_286_287_288 Fe^56      5.46e+08     85.39    235.64   6090.40  -1412.21      0.00
31_32_33_34_35_39_40_41_42_43_44_45_46_47_48_49_50_51_52_53_54_55_56_57_58_59_60_61_62_63_64_65_66_67_68_69_70_71_72_73_74_75_76_77_78_79_80_81_82_83_84_85_86_87_88_89_90_91_92_93_94_95_96_97_98_99_100_101_102_103_104_105_106_107_108_109_110_111_112_113_114_115_116_117_118_119_120_121_122_123_124_125_126_127_128_129_130_131_132_133_134_135_136_137_138_139_140_141_142_143_144_145_146_147_148_149_150_151_152_153_154_155_156_157_158_159_160_161_162_163_164_165_166_167_168_169_170_171_172_173_174_175_176_177_178_179_180_181_182_183_184_185_186_187_188_189_190_191_192_193_194_195_196_197_198_199_200_201_202_203_204_205_206_207_208_209_210_211_212_213_214_215_216_217_218_219_220_221_222_223_224_225_226_227_228_229_230_231_232_233_234_235_236_237_239_240_241_242_243_244_245_248_249_250_251_252_277_278_279_280_281_282_283_284_285_286_287_288 Fe^56      5.47e+08     79.59    185.38  -3830.81    -95.40      0.00
99_163_164_195_196_221_222_223_230_231_232_238_239_240_241_246_247_248_249_253_254_255_256_260_261_262_263_266_267_268_269_270_272_273_274_275 Fe^56      5.40e+08     77.57     30.98  -5543.80   3777.75      0.00
1_2_3_4_7_8_9_10_13_14_15_16_20_21_22_23_27_28_29_30_35_36_37_38_43_44_45_46_52_53_54_55_78_79_80_81_110_111_112_113_174_175_176_177_205_206_207_228_229_236_237_245 Fe^56      5.63e+08     79.62     54.48   6595.16   -388.75      0.00
0_1_2_3_4_5_6_7_8_9_10_11_12_13_14_15_16_17_18_19_20_21_22_23_24_25_26_27_28_29_30_31_32_33_34_35_36_37_38_39_40_41_42_43_44_45_46_47_48_49_50_51_52_53_54_55_56_57_58_59_60_61_62_63_64_65_66_67_68_69_70_71_72_73_74_75_76_77_78_79_80_81_82_83_84_85_86_87_88_89_90_91_92_93_94_95_96_97_98_99_100_101_102_103_104_105_106_107_108_109_110_111_112_113_114_115_116_117_118_119_120_121_122_123_124_125_126_127_128_129_130_131_132_133_134_135_136_137_138_139_140_141_142_143_144_145_146_147_148_149_150_151_152_153_154_155_156_157_158_159_160_161_162_163_164_165_166_167_168_169_170_171_172_173_174_175_176_177_178_179_180_181_182_183_184_185_186_187_188_189_190_191_192_193_194_195_196_197_198_199_200_201_202_203_204_205_206_207_208_209_210_211_212_213_214_215_216_217_218_219_220_221_222_223_224_225_226_227_228_229_230_231_232_233_234_235_236_237_238_239_240_241_242_243_244_245_246_247_248_249_250_251_252_253_254_255_256_257_258_259_260_261_262_263_264_265_266_267_268_269_270_271_272_273_274_275_276_277_278_279_280_281_282_283_284_285_286_287_288 Fe^56      5.65e+08     87.20     40.69  -4621.85   -971.08      0.00
0_5_6_11_12_17_18_19_24_25_26_31_32_33_39_40_41_47_48_49_50_69_70_71_72_82_93_99_100_101_102_103_114_120_127_128_135_142_143_150_157_163_164_165_166_167_178_189_195_196_197_198_199_212_221_222_223_224_230_231_232_233_238_239_240_241_246_247_248_253_254_255_260_261_262_266_267_268_272_273_286 Fe^56      5.72e+08     79.93    266.80  -4848.16   1298.03      0.00
2_3_7_8_9_13_14_15_20_21_26_27_28_34_35_36_42_43_44_50_51_52_53_56_57_58_59_60_61_62_63_64_65_66_67_68_72_73_74_75_76_77_78_79_82_83_84_85_86_87_88_89_90_91_92_93_94_95_96_97_98_103_104_105_106_107_108_109_110_114_115_116_117_118_119_120_121_122_123_124_125_126_127_128_129_130_131_132_133_134_135_136_137_138_139_140_141_142_143_144_145_146_147_148_149_150_151_152_153_154_155_156_157_158_159_160_161_162_167_168_169_170_171_172_173_174_178_179_180_181_182_183_184_185_186_187_188_189_190_191_192_193_194_198_199_200_201_202_203_204_205_208_209_210_211_212_213_214_215_216_217_218_219_220_224_225_226_227_233_234_235_241_242_243_248_249_250_251_255_256_257_258_262_263_264_268_269_270_273_274_275_276_277_278_279_280_281_282_283_284_285_286_287_288 Fe^56      5.86e+08     76.97    268.61    916.63    615.79      0.00
258_259_264_265_270_271_275_276 Fe^56      5.80e+08     57.15    317.39   3628.53   5540.15      0.00
49_50_51_56_57_58_59_60_61_62_63_64_65_66_67_68_71_72_73_74_75_76_77_78_82_83_84_85_86_87_88_89_90_91_92_93_94_95_96_97_98_101_102_103_104_105_106_107_108_109_114_115_116_117_118_119_120_121_122_123_124_125_126_127_128_129_130_131_132_133_134_135_136_137_138_139_140_141_142_143_144_145_146_147_148_149_150_151_152_153_154_155_156_157_158_159_160_161_162_166_167_168_169_170_171_172_178_179_180_181_182_184_185_186_189_190_277_278_279_280_282_283_284_285_286_287 Fe^56      5.96e+08     64.27      0.60   -917.26   -684.60      0.00
148_149_155_156_160_161_162_169_170_171_172_173_174_175_176_177_179_180_181_182_183_184_185_186_187_188_189_190_191_192_193_194_198_199_200_201_202_203_204_205_206_207_208_209_210_211_212_213_214_215_216_217_218_219_220_223_224_225_226_227_228_229_231_232_233_234_235_236_237_239_240_241_242_243_244_245_246_247_248_249_250_251_252_254_255_256_277_281_288 Fe^56      5.96e+08     71.95    168.65    357.04   2708.32      0.00
2_3_8_13_14_20_26_27_34 Fe^56      5.98e+08     59.36    129.84   -237.48  -4957.12      0.00
0_1_2_3_5_6_7_8_11_12_13_14_18_19_20_21_25_26_27_28_33_34_35_41_42_43_44_49_50_51_52_56_57_58_59_60_61_62_63_64_65_66_67_68_71_72_73_74_75_76_77_78_82_83_84_85_86_87_88_89_90_91_92_93_94_95_96_97_98_102_103_104_105_106_107_108_109_110_114_115_116_117_118_119_120_121_122_123_124_125_126_127_128_129_130_131_132_133_134_135_136_137_138_139_140_141_142_143_144_145_146_147_148_149_150_151_152_153_154_155_156_157_158_159_160_161_162_166_167_168_169_170_171_172_173_174_178_179_180_181_182_183_184_185_186_187_188_189_190_191_192_193_194_198_199_200_201_202_203_204_208_209_210_211_212_213_214_215_216_217_218_219_220_224_225_226_232_233_234_235_241_242_243_248_249_250_255_256_257_258_262_263_264_268_269_270_274_275_276_277_278_279_280_281_282_283_284_285_286_287_288 Fe^56      5.90e+08     77.31     78.78   -155.12    -39.10      0.00
0_1_2_3_4_5_6_7_8_9_10_11_12_13_14_15_16_17_18_19_20_21_22_23_24_25_26_27_28_29_30_31_32_33_34_35_36_37_38_39_40_41_42_43_44_45_46_47_48_49_50_51_52_53_54_55_56_57_58_59_60_61_62_63_64_65_66_67_68_69_70_71_72_73_74_75_76_77_78_79_80_81_82_83_84_85_86_87_88_89_90_91_92_93_94_95_96_97_98_99_100_101_102_103_104_105_106_107_108_109_110_111_112_113_114_115_116_117_118_119_120_121_122_123_124_125_126_127_128_129_130_131_132_133_134_135_136_137_138_139_140_141_142_143_144_145_146_147_148_149_150_151_152_153_154_155_156_157_158_159_160_161_162_163_164_165_166_167_168_169_170_171_172_173_174_175_176_177_178_179_180_181_182_183_184_185_186_187_188_189_190_191_192_193_194_195_196_197_198_199_200_201_202_203_204_205_206_207_208_209_210_211_212_213_214_215_216_217_218_219_220_221_222_223_224_225_226_227_228_229_230_231_232_233_234_235_236_237_238_239_240_241_242_243_244_245_246_247_248_249_250_251_252_253_254_255_256_257_258_259_260_261_262_263_264_265_266_267_268_269_270_271_272_273_274_275_276_277_278_279_280_281_282_283_284_285_286_287_288 Fe^56      6.05e+08     87.16    234.77   3681.96   4627.75      0.00
3_4_9_14_15_21_22_27_28_29_35_36_37_43_44_45_51_52_53_56_57_58_59_61_62_63_64_65_66_67_68_73_74_75_76_77_78_79_83_84_85_86_87_88_89_90_91_92_94_95_96_97_98_104_105_106_107_108_109_110_111_115_116_117_118_119_121_122_123_124_125_126_128_129_130_131_132_133_134_136_137_138_139_140_141_143_144_145_146_147_148_149_151_152_153_154_155_156_157_158_159_160_161_162_168_169_170_171_172_173_174_175_178_179_180_181_182_183_184_185_186_187_188_189_190_191_192_193_194_199_200_201_202_203_204_205_208_209_210_211_212_213_214_215_216_217_218_219_220_225_226_227_233_234_235_236_241_242_243_244_248_249_250_251_255_256_257_258_262_263_264_268_269_270_273_274_275_276_277_278_279_280_281_282_283_284_285_286_287_288 Fe^56      6.06e+08     76.11    277.03   1609.87   1427.38      0.00
44_52_53_64_77_78_79_86_87_92_97_98_107_108_109_110_118_119_124_125_126_131_132_133_134_139_140_141_146_147_148_149_153_154_155_156_160_161_162_170_171_172_173_174_181_182_183_186_187_188_191_192_193_194_201_202_203_204_209_210_211_214_215_216_218_219_220_225_226_234_277_278_279_281_288 Fe^56      6.09e+08     62.71    304.17   2199.31   -490.17      0.00
264_270_271_276 Fe^56      6.11e+08     47.34     51.24   3397.93   6335.35      0.00
80_111_112_175_176_205_206_227_228_236 Fe^56      6.14e+08     58.38    119.19   4296.93   1505.69      0.00
164_195_196_221_222_230_231_238_239_246 Fe^56      6.18e+08     59.30    233.73  -5612.88   2368.82      0.00
16_22_23_28_29_35_36_37_42_43_44_51_52_53_56_57_58_59_60_61_62_63_64_65_66_67_68_72_73_74_75_76_77_78_82_83_84_85_86_87_88_89_90_91_92_93_94_95_96_97_98_103_104_105_106_107_108_109_114_115_116_117_118_119_120_121_122_123_124_125_126_127_128_129_130_131_132_133_134_135_136_137_138_139_140_141_142_143_144_145_146_147_148_149_150_151_152_153_154_155_156_157_158_159_160_161_162_167_168_169_170_171_172_178_179_180_181_182_184_185_186_187_189_190_191_192_198_199_200_201_208_212_277_278_279_280_281_282_283_284_285_286_287 Fe^56      6.23e+08     67.65    317.87   2049.59  -2801.00      0.00
194_203_204_216 Fe^56      6.29e+08     30.63     69.44   1345.51   1380.42      0.00
36_43_44_52_58_59_62_63_64_67_68_75_76_77_78_85_86_87_90_91_92_95_96_97_98_106_107_108_109_110_116_117_118_119_123_124_125_126_130_131_132_133_134_138_139_140_141_145_146_147_148_149_153_154_155_156_159_160_161_162_170_171_172_173_180_181_182_183_186_187_188_192_193_194_201_202_203_204_210_211_214_215_216_219_220_277_278_279_280_281_282_288 Fe^56      6.37e+08     61.36    290.23   1632.78  -1659.07      0.00
0_1_2_3_4_6_7_8_9_10_12_13_14_15_16_18_19_20_21_22_23_25_26_27_28_29_30_33_34_35_36_37_38_41_42_43_44_45_46_50_51_52_53_54_55_56_57_58_59_60_61_62_63_64_65_66_67_68_72_73_74_75_76_77_78_79_80_81_82_83_84_85_86_87_88_89_90_91_92_93_94_95_96_97_98_102_103_104_105_106_107_108_109_110_111_112_113_114_115_116_117_118_119_120_121_122_123_124_125_126_127_128_129_130_131_132_133_134_135_136_137_138_139_140_141_142_143_144_145_146_147_148_149_150_151_152_153_154_155_156_157_158_159_160_161_162_166_167_168_169_170_171_172_173_174_175_176_177_178_179_180_181_182_183_184_185_186_187_188_189_190_191_192_193_194_198_199_200_201_202_203_204_205_206_207_208_209_210_211_212_213_214_215_216_217_218_219_220_224_225_226_227_228_229_233_234_235_236_237_241_242_243_244_245_248_249_250_251_252_255_256_257_258_259_262_263_264_265_268_269_270_271_274_275_276_277_278_279_280_281_282_283_284_285_286_287_288 Fe^56      6.30e+08     84.78    256.32   5082.39    197.31      0.00
72_73_82_88_93_102_103_104_114_120_121_127_128_135_287 Fe^56      6.41e+08     44.53     10.51  -1681.59   -720.51      0.00
175_205_206_227_228_236 Fe^56      6.45e+08     52.26    347.20   4458.06   1404.13      0.00
0_1_2_3_4_5_6_7_8_9_10_11_12_13_14_15_16_17_18_19_20_21_22_23_24_25_26_27_28_29_30_31_32_33_34_35_36_37_38_39_40_41_42_43_44_45_46_47_48_49_50_51_52_53_54_55_56_57_58_59_60_61_62_63_64_65_66_67_68_69_70_71_72_73_74_75_76_77_78_79_80_81_82_83_84_85_86_87_88_89_90_91_92_93_94_95_96_97_98_99_100_101_102_103_104_105_106_107_108_109_110_111_112_113_114_115_116_117_118_119_120_121_122_123_124_125_126_127_128_129_130_131_132_133_134_135_136_137_138_139_140_141_142_143_144_145_146_147_148_149_150_151_152_153_154_155_156_157_158_159_160_161_162_163_164_165_166_167_168_169_170_171_172_173_174_175_176_177_178_179_180_181_182_183_184_185_186_187_188_189_190_191_192_193_194_195_196_197_198_199_200_201_202_203_204_205_206_207_208_209_210_211_212_213_214_215_216_217_218_219_220_221_222_223_224_225_226_227_228_229_230_231_232_233_234_235_236_237_238_239_240_241_242_243_244_245_246_247_248_249_250_251_252_253_254_255_256_257_258_259_260_261_262_263_264_265_266_267_268_269_270_271_272_273_274_275_276_277_278_279_280_281_282_283_284_285_286_287_288 Fe^56      6.58e+08     84.78    125.98  -1696.59   3818.02      0.00
239_246_253_254_260 Fe^56      6.62e+08     51.48    248.18  -4333.10   4645.20      0.00
3_4_9_10_15_16_22_23_30_38 Fe^56      6.88e+08     64.12    212.39   4170.44  -6007.70      0.00
227_228_229_235_236_237_240_241_242_243_244_245_247_248_249_250_251_252_253_254_255_256_257_258_259_260_261_262_263_264_265_266_267_268_269_270_271_272_273_274_275_276 Fe^56      6.00e+08     78.99    167.88   -815.64   6561.82      0.00
214_215_218_219_220_225_234 Fe^56      7.17e+08     35.97    208.78    315.58   1914.55      0.00
47_69_70_99_100_101_163_164_165_166_195_196_197_198_221_222_223_224_230_231_232_233_238_239_240_241_242_246_247_248_249_250_253_254_255_256_257_260_261_262_263_264_266_267_268_269_270_271_272_273_274_275_276 Fe^56      7.21e+08     77.23     38.81    127.55   6601.57      0.00
0_1_2_3_4_5_6_7_8_9_10_11_12_13_14_15_16_18_19_20_21_22_23_25_26_27_28_29_30_33_34_35_36_37_38_41_42_43_44_45_46_50_51_52_53_54_55_56_57_58_59_60_61_62_63_64_65_66_67_68_72_73_74_75_76_77_78_79_80_81_82_83_84_85_86_87_88_89_90_91_92_93_94_95_96_97_98_103_104_105_106_107_108_109_110_111_112_113_114_115_116_117_118_119_120_121_122_123_124_125_126_127_128_129_130_131_132_133_134_135_136_137_138_139_140_141_142_143_144_145_146_147_148_149_150_151_152_153_154_155_156_157_158_159_160_161_162_167_168_169_170_171_172_173_174_175_176_177_178_179_180_181_182_183_184_185_186_187_188_189_190_191_192_193_194_199_200_201_202_203_204_205_206_207_208_209_210_211_212_213_214_215_216_217_218_219_220_225_226_227_228_229_234_235_236_237_242_243_244_245_250_251_252_257_258_259_264_265_270_271_276_277_278_279_280_281_282_283_284_285_286_287_288 Fe^56      7.21e+08     83.05    239.27   5542.44   1503.26      0.00
254_255_260_261_262_266_267_268_272_273 Fe^56      7.32e+08     62.99    175.29  -3219.95   6325.03      0.00
71_72_82_93_101_102_103_114_120_127_128_135_142_150_165_166_197 Fe^56      7.30e+08     54.61    163.52  -3132.59    -46.88      0.00
26_27_34_35_42_43_51_52_56_57_58_59_60_61_62_63_64_65_66_67_68_73_74_75_76_77_78_82_83_84_85_86_87_88_89_90_91_92_94_95_96_97_98_104_105_106_107_108_109_110_115_116_117_118_119_122_123_124_125_126_129_130_131_132_133_134_137_138_139_140_141_145_146_147_148_149_152_153_154_155_156_159_160_161_162_170_171_172_173_174_180_181_182_183_186_187_188_192_193_194_201_202_203_204_205_210_211_215_216_219_220_226_227_235_236_243_244_251_277_278_279_280_281_282_283_284_287_288 Fe^56      7.30e+08     67.90     56.81   2077.68    665.01      0.00
30_38_46_54_55_80_81_111_112_113_175_176_177_205_206_207_227_228_229_235_236_237_243_244_245_251_252_257_258_259_264_265_270_271_275_276 Fe^56      7.53e+08     78.60    290.28   7531.78   -855.23      0.00
14_15_16_19_20_21_22_23_24_25_26_27_28_29_30_31_32_33_34_35_36_37_38_39_40_41_42_43_44_45_46_47_48_49_50_51_52_53_54_56_57_58_59_60_61_62_63_64_65_66_67_68_69_70_71_72_73_74_75_76_77_78_79_82_83_84_85_86_87_88_89_90_91_92_93_94_95_96_97_98_99_100_101_102_103_104_105_106_107_108_109_114_115_116_117_118_119_120_121_122_123_124_127_128_129_130_131_135_136_142_164_279_280_282_284_286_287 Fe^56      7.58e+08     74.21    167.97  -1876.38  -2457.88      0.00
52_59_64_68_77_78_87 Fe^56      7.60e+08     36.11    157.48   1342.26  -1397.52      0.00
2_3_4_8_9_10_14_15_16_20_21_22_23_28_29_30_35_36_37_38_43_44_45_46_52_53_54_55_64_78_79_80_81_87_98_109_110_111_112_113_126_134_141_149_156_174_175_176_177_204_205_206_207_226_227_228_229_235_236_237_243_244_245_251_252_258_259_265_271_276 Fe^56      7.78e+08     80.61    254.30   4161.52  -5558.43      0.00
3_4_9_10_15_16_21_22_23_28_29_30_35_36_37_43_44_45_52_53_59_63_64_68_76_77_78_79_86_87_91_92_97_98_107_108_109_110_111_118_119_124_125_126_132_133_134_139_140_141_147_148_149_154_155_156_161_162_171_172_173_174_175_182_183_187_188_193_194_203_204_205_211_216_220_226_227_234_235_243_277_278_279_280 Fe^56      7.84e+08     71.90    278.80   3247.82  -5397.85      0.00
23_30_37_38_45_46_54_55_80_81_111_112_113_175_176_177_205_206_207_227_228_229_236_237_243_244_245_251_252_258_259_264_265_270_271_276 Fe^56      7.87e+08     76.16    284.12   6796.80  -1469.45      0.00
0_1_2_3_4_5_6_7_8_9_10_11_12_13_14_15_16_17_18_19_20_21_22_23_24_25_26_27_28_29_30_31_32_33_34_35_36_37_38_39_40_41_42_43_44_45_46_47_48_49_50_51_52_53_54_55_56_57_58_59_60_61_62_63_64_65_66_67_68_69_70_71_72_73_74_75_76_77_78_79_80_81_82_83_84_85_86_87_88_89_90_91_92_93_94_95_96_97_98_99_100_101_102_103_104_105_106_107_108_109_110_111_112_113_114_115_116_117_118_119_120_121_122_123_124_125_126_127_128_129_130_131_132_133_134_135_136_137_138_139_140_141_142_143_144_145_146_147_148_149_150_151_152_153_154_155_156_157_158_159_160_161_162_163_164_165_166_167_168_169_170_171_172_173_174_175_176_177_178_179_180_181_182_183_184_185_186_187_188_189_190_191_192_193_194_195_196_197_198_199_200_201_202_203_204_205_206_207_208_209_210_211_212_213_214_215_216_217_218_219_220_221_222_223_224_225_226_227_228_229_230_231_232_233_234_235_236_237_238_239_240_241_242_243_244_245_246_247_248_249_250_251_252_253_254_255_256_257_258_259_260_261_262_263_264_265_266_267_268_269_270_271_272_273_274_275_276_277_278_279_280_281_282_283_284_285_286_287_288 Fe^56      7.87e+08     87.15     18.77    255.16   1573.17      0.00
215_216_219_220_225_234 Fe^56      7.91e+08     43.64    121.62    431.91   2319.23      0.00
70_100_164_165_196_222_230_231_238_239_246 Fe^56      7.98e+08     61.87    263.96  -5398.75   1399.67      0.00
23_29_30_36_37_38_44_45_46_52_53_54_58_59_62_63_64_67_68_75_76_77_78_79_85_86_87_90_91_92_95_96_97_98_106_107_108_109_110_116_117_118_119_123_124_125_126_130_131_132_133_134_138_139_140_141_146_147_148_149_153_154_155_156_160_161_162_171_172_173_277_278_279_280_282 Fe^56      7.98e+08     67.90    326.13   5014.60  -3275.14      0.00
0_1_5_6_7_11_12_13_18_19_20_25_26_27_28_32_33_34_35_40_41_42_43_44_49_50_51_52_56_57_58_59_60_61_62_63_64_65_66_67_68_71_72_73_74_75_76_77_78_79_82_83_84_85_86_87_88_89_90_91_92_93_94_95_96_97_98_102_103_104_105_106_107_108_109_110_114_115_116_117_118_119_120_121_122_123_124_125_126_127_128_129_130_131_132_133_134_135_136_137_138_139_140_141_142_143_144_145_146_147_148_149_150_151_152_153_154_155_156_157_158_159_160_161_162_166_167_168_169_170_171_172_173_174_175_178_179_180_181_182_183_184_185_186_187_188_189_190_191_192_193_194_198_199_200_201_202_203_204_205_208_209_210_211_212_213_214_215_216_217_218_219_220_224_225_226_227_228_233_234_235_236_241_242_243_244_245_248_249_250_251_252_256_257_258_259_262_263_264_265_269_270_271_274_275_276_277_278_279_280_281_282_283_284_285_286_287_288 Fe^56      7.98e+08     79.18    244.00   1397.44   2391.49      0.00
3_4_8_9_10_13_14_15_16_20_21_22_23_26_27_28_29_30_34_35_36_37_41_42_43_44_45_49_50_51_52_53_56_57_58_59_60_61_62_63_64_65_66_67_68_71_72_73_74_75_76_77_78_79_82_83_84_85_86_87_88_89_90_91_92_93_94_95_96_97_98_101_102_103_104_105_106_107_108_109_110_114_115_116_117_118_119_120_121_122_123_124_125_126_127_128_129_130_131_132_133_134_135_136_137_138_139_140_141_142_143_144_145_146_147_148_149_150_151_152_153_154_155_156_157_158_159_160_161_162_165_166_167_168_169_170_171_172_173_174_178_179_180_181_182_183_184_185_186_187_188_189_190_191_192_193_194_196_197_198_199_200_201_202_203_204_205_208_209_210_211_212_213_214_215_216_217_218_219_220_222_223_224_225_226_230_231_232_233_234_235_238_239_240_241_242_246_247_248_249_250_253_254_255_256_257_260_261_262_263_266_267_268_269_272_273_274_277_278_279_280_281_282_283_284_285_286_287_288 Fe^56      7.00e+08     80.62    299.40  -2835.39   4768.32      0.00
0_1_5_6_7_11_12_13_17_18_19_20_24_25_26_27_31_32_33_34_39_40_41_42_43_47_48_49_50_51_56_57_58_59_60_61_62_63_64_65_66_67_68_69_70_71_72_73_74_75_76_77_82_83_84_85_86_87_88_89_90_91_92_93_94_95_96_97_98_99_100_101_102_103_104_105_106_107_108_109_114_115_116_117_118_119_120_121_122_123_124_125_126_127_128_129_130_131_132_133_134_135_136_137_138_139_140_141_142_143_144_145_146_147_148_149_150_151_152_153_154_155_156_157_158_159_160_161_162_163_164_165_166_167_168_169_170_171_172_173_178_179_180_181_182_183_184_185_186_187_188_189_190_191_192_193_194_195_196_197_198_199_200_201_202_203_204_208_209_210_211_212_213_214_215_216_217_218_219_220_221_222_223_224_225_226_230_231_232_233_234_235_238_239_240_241_242_243_246_247_248_249_250_253_254_255_256_257_258_260_261_262_263_264_266_267_268_269_270_272_273_274_275_276_277_278_279_280_281_282_283_284_285_286_287_288 Fe^56      8.05e+08     82.88    253.99  -3443.30   2137.31      0.00
81_112_113_174_175_176_177_204_205_206_207_216_220_225_226_227_228_229_233_234_235_236_237_240_241_242_243_244_245_247_248_249_250_251_252_253_254_255_256_257_258_259_260_261_262_263_264_265_266_267_268_269_270_271_272_273_274_275_276 Fe^56      8.18e+08     77.58    337.31   6411.39   2416.65      0.00
10_16_22_23_29_30_37_38_45_46_54_80_112 Fe^56      8.21e+08     62.87     68.97   5162.48  -2875.25      0.00
24_25_32_39_40_48_49_69_70_71_100_101_164_165_195_196_221_222_230 Fe^56      8.22e+08     65.10    287.26  -5029.48  -1443.52      0.00
235_243_244_251 Fe^56      8.26e+08     47.10    211.93   3241.68   3445.87      0.00
166_197_198_223_224_232_240_248 Fe^56      8.29e+08     54.86     83.74  -2419.87   2423.92      0.00
10_12_13_14_15_16_17_18_19_20_21_22_23_24_25_26_27_28_29_30_31_32_33_34_35_36_37_38_39_40_41_42_43_44_45_46_47_48_49_50_51_52_53_54_55_56_57_58_59_60_61_62_63_64_65_66_67_68_69_70_71_72_73_74_75_76_77_78_79_80_81_82_83_84_85_86_87_88_89_90_91_92_93_94_95_96_97_98_99_100_101_102_103_104_105_106_107_108_109_110_111_112_113_114_115_116_117_118_119_120_121_122_123_124_125_126_127_128_129_130_131_132_133_134_135_136_137_138_139_140_141_142_143_144_145_146_147_148_149_150_151_152_153_154_155_156_157_158_159_160_161_162_163_164_165_166_167_168_169_170_171_172_173_174_175_176_177_178_179_180_181_182_183_184_185_186_187_188_189_190_191_192_193_194_195_196_197_198_199_200_201_202_203_204_205_206_207_208_209_210_211_212_213_214_215_216_217_218_219_220_221_222_223_224_225_226_227_228_229_230_231_232_233_234_235_236_237_238_239_240_241_242_243_244_245_246_247_248_249_250_251_252_253_254_255_256_257_258_259_260_261_262_263_264_265_266_267_268_269_270_271_272_273_274_275_276_277_278_279_280_281_282_283_284_285_286_287_288 Fe^56      8.31e+08     84.39    348.29   -519.52   1448.25      0.00
0_1_2_6_7_8_12_13_14_18_19_20_25_26_27_33_34_35_41_42_43_49_50_51_56_57_58_59_60_61_62_63_64_65_66_67_68_71_72_73_74_75_76_77_82_83_84_85_86_87_88_89_90_91_92_93_94_95_96_97_98_102_103_104_105_106_107_108_109_114_115_116_117_118_119_120_121_122_123_124_125_126_127_128_129_130_131_132_133_134_135_136_137_138_139_140_141_142_143_144_145_146_147_148_149_150_151_152_153_154_155_156_157_158_159_160_161_162_166_167_168_169_170_171_172_173_178_179_180_181_182_183_184_185_186_187_188_189_190_191_192_193_194_197_198_199_200_201_202_203_208_209_210_211_212_213_214_215_216_217_218_219_220_223_224_225_232_233_234_240_241_242_247_248_249_255_256_261_262_263_267_268_273_274_277_278_279_280_281_282_283_284_285_286_287_288 Fe^56      8.32e+08     74.21     89.66  -1209.94    958.72      0.00
270_271_275_276 Fe^56      8.38e+08     53.79    353.97   3341.92   6607.29      0.00
24_31_32_40 Fe^56      8.39e+08     49.40    223.27  -5044.72  -3380.33      0.00
10_16_22_23_29_30_36_37_38_44_45_46_52_53_54_55_59_63_64_68_76_77_78_79_80_81_85_86_87_91_92_96_97_98_106_107_108_109_110_111_112_113_117_118_119_123_124_125_126_130_131_132_133_134_137_138_139_140_141_145_146_147_148_149_152_153_154_155_156_158_159_160_161_162_169_170_171_172_173_174_175_176_177_179_180_181_182_183_184_185_186_187_188_189_190_191_192_193_194_199_200_201_202_203_204_205_206_207_208_209_210_211_212_213_214_215_216_217_218_219_220_224_225_226_227_228_229_233_234_235_236_237_240_241_242_243_244_245_248_249_250_251_252_254_255_256_257_258_259_261_262_263_264_265_266_267_268_269_270_271_272_273_274_275_276_277_278_279_280_281_283_288 Fe^56      8.41e+08     81.88    127.96   2604.81   4296.86      0.00
227_228_236_244_245_251_252_259 Fe^56      8.43e+08     61.61    241.60   4701.02   3292.00      0.00
17_24_31_32_39_40_48_49 Fe^56      8.47e+08     60.35    232.53  -5679.33  -3871.55      0.00
11_17_24_25_32 Fe^56      8.51e+08     52.26     79.21  -4353.37  -4120.43      0.00
11_12_18_25_26_32_33_41_49_50_72 Fe^56      8.53e+08     60.02     66.43  -2725.35  -3054.21      0.00
256_257_258_262_263_264_267_268_269_270_272_273_274_275 Fe^56      8.82e+08     65.41    152.12   -858.73   6984.48      0.00
0_1_2_3_4_5_6_7_8_9_10_11_12_13_14_15_16_17_18_19_20_21_22_23_24_25_26_27_28_29_30_31_32_33_34_35_36_37_38_39_40_41_42_43_44_45_46_47_48_49_50_51_52_53_54_55_56_57_58_59_60_61_62_63_64_65_66_67_68_69_70_71_72_73_74_75_76_77_78_79_80_81_82_83_84_85_86_87_88_89_90_91_92_93_94_95_96_97_98_99_100_101_102_103_104_105_106_107_108_109_110_111_112_113_114_115_116_117_118_119_120_121_122_123_124_125_126_127_128_129_130_131_132_133_134_135_136_137_138_139_140_141_142_143_144_145_146_147_148_149_150_151_152_153_154_155_156_157_158_159_160_161_162_163_164_165_166_167_168_169_170_171_172_173_174_175_176_177_178_179_180_181_182_183_184_185_186_187_188_189_190_191_192_193_194_195_196_197_198_199_200_201_202_203_204_205_206_207_208_209_210_211_212_213_214_215_216_217_218_219_220_221_222_223_224_225_226_227_228_229_230_231_232_233_234_235_236_237_238_239_240_241_242_243_244_246_247_248_249_250_253_254_255_260_261_277_278_279_280_281_282_283_284_285_286_287_288 Fe^56      8.89e+08     83.37    345.99   -597.74  -1441.13      0.00
56_57_60_61_62_65_66_67_72_73_74_75_76_82_83_84_85_86_88_89_90_91_92_93_94_95_96_97_98_102_103_104_105_106_107_108_109_114_115_116_117_118_119_120_121_122_123_124_125_126_127_128_129_130_131_132_133_134_135_136_137_138_139_140_141_142_143_144_145_146_147_148_149_150_151_152_153_154_155_156_157_158_159_160_161_162_167_168_169_170_171_172_173_178_179_180_181_182_183_184_185_186_187_188_189_190_191_192_193_194_199_200_201_202_203_204_208_209_210_211_212_213_214_215_216_218_219_220_277_278_279_280_281_282_283_284_285_286_287_288 Fe^56      8.91e+08     59.45     21.59   -115.53     55.27      0.00
10_12_13_14_15_16_17_18_19_20_21_22_23_24_25_26_27_28_29_30_31_32_33_34_35_36_37_38_39_40_41_42_43_44_45_47_48_49_50_51_52_53_56_57_58_59_60_61_62_63_64_65_66_67_68_69_70_71_72_73_74_75_76_77_78_82_83_84_85_86_87_88_89_90_91_92_93_94_95_96_97_99_100_101_102_103_104_105_106_114_115_116_120_121_127_128_163_164_165_195_280_282_284_287 Fe^56      8.94e+08     75.41    167.75  -6449.50  -1958.12      0.00
10_16_22_23_28_29_30_36_37_38_43_44_45_46_51_52_53_54_55_56_57_58_59_60_61_62_63_64_65_66_67_68_73_74_75_76_77_78_79_80_81_82_83_84_85_86_87_88_89_90_91_92_93_94_95_96_97_98_103_104_105_106_107_108_109_110_111_112_114_115_116_117_118_119_120_121_122_123_124_125_126_127_128_129_130_131_132_133_134_135_136_137_138_139_140_141_142_143_144_145_146_147_148_149_150_151_152_153_154_155_156_157_158_159_160_161_162_167_168_169_170_171_172_173_174_175_176_178_179_180_181_182_183_184_185_186_187_188_189_190_191_192_193_194_198_199_200_201_202_203_204_205_206_208_209_210_211_212_213_214_215_216_217_218_219_220_223_224_225_226_227_228_232_233_234_235_236_239_240_241_242_243_244_246_247_248_249_250_251_253_254_255_256_257_260_261_262_263_264_266_267_268_269_272_273_274_277_278_279_280_281_282_283_284_285_286_287_288 Fe^56      9.05e+08     78.60    308.49   1899.75    874.51      0.00
10_14_15_16_19_20_21_22_23_24_25_26_27_28_29_30_31_32_33_34_35_36_37_38_39_40_41_42_43_44_45_46_47_48_49_50_51_52_53_54_55_56_57_58_59_60_61_62_63_64_65_66_67_68_69_70_71_72_73_74_75_76_77_78_79_80_81_82_83_84_85_86_87_88_89_90_91_92_93_94_95_96_97_98_99_100_101_102_103_104_105_106_107_108_109_110_111_112_113_114_115_116_117_118_119_120_121_122_123_124_125_126_127_128_129_130_131_132_133_134_135_136_137_138_139_140_141_142_143_144_145_146_147_148_149_150_151_152_153_154_155_156_157_158_159_160_161_162_163_164_165_166_167_168_169_170_171_172_173_174_175_176_177_178_179_180_181_182_183_184_185_186_187_188_189_190_191_192_193_194_195_196_197_198_199_200_201_202_203_204_205_206_207_208_209_210_211_212_213_214_215_216_217_218_219_220_221_222_223_224_225_226_227_228_229_230_231_232_233_234_235_236_237_238_239_240_241_242_243_244_245_246_247_248_249_250_251_252_253_254_255_256_257_258_259_260_261_262_263_264_266_267_272_277_278_279_280_281_282_283_284_285_286_287_288 Fe^56      9.28e+08     82.51    164.90  -5834.20   1919.48      0.00
113_175_176_177_204_205_206_207_216_219_220_224_225_226_227_228_229_232_233_234_235_236_237_238_239_240_241_242_243_244_245_246_247_248_249_250_251_252_253_254_255_256_257_258_259_260_261_262_263_264_265_266_267_268_269_270_271_272_273_274_275_276 Fe^56      9.20e+08     81.06    340.97   1079.46   5771.56      0.00
206_228_236_237_244_251_252_258 Fe^56      9.42e+08     58.78    301.07   4836.18   2809.54      0.00
71_101_102_165 Fe^56      9.46e+08     45.47    126.16  -3629.58   -264.07      0.00
53_79_110_111_174_175_205_227_236 Fe^56      9.46e+08     57.59    260.35   3667.82   -125.18      0.00
227_228_235_236_243_244_250_251 Fe^56      1.01e+09     55.79    318.77   3700.50   2507.97      0.00
0_1_2_3_4_5_6_7_8_9_10_11_12_13_14_15_16_17_18_19_20_21_22_23_24_25_26_27_28_29_30_31_32_33_34_35_36_37_38_39_40_41_42_43_44_45_46_47_48_49_50_51_52_53_54_55_56_57_58_59_60_61_62_63_64_65_66_67_68_69_70_71_72_73_74_75_76_77_78_79_80_81_82_83_84_85_86_87_88_89_90_91_92_93_94_95_96_97_98_99_100_101_102_103_104_105_106_107_108_109_110_111_112_113_114_115_116_117_118_119_120_121_122_123_124_125_126_127_128_129_130_131_132_133_134_135_136_137_138_139_140_141_142_143_144_145_146_147_148_149_150_151_152_153_154_155_156_157_158_159_160_161_162_163_164_165_166_167_168_169_170_171_172_173_174_175_176_177_178_179_180_181_182_183_184_185_186_187_188_189_190_191_192_193_194_195_196_197_198_199_200_201_202_203_204_205_206_207_208_209_210_211_212_213_214_215_216_217_218_219_220_221_222_223_224_225_226_227_228_230_231_232_233_234_235_236_238_239_240_241_242_243_246_247_248_249_250_253_254_255_256_257_260_261_262_263_266_267_268_272_273_277_278_279_280_281_282_283_284_285_286_287_288 Fe^56      1.02e+09     84.93    329.95    231.74  -3554.84      0.00
0_1_2_3_4_5_6_7_8_9_10_11_12_13_14_15_16_17_18_19_20_21_22_23_24_25_26_27_28_29_30_31_32_33_34_35_36_37_38_39_40_41_42_43_44_45_46_47_48_49_50_51_52_53_54_55_56_57_58_59_60_61_62_63_64_65_66_67_68_69_70_71_72_73_74_75_76_77_78_79_80_81_82_83_84_85_86_87_88_89_90_91_92_93_94_95_96_97_98_99_100_101_102_103_104_105_106_107_108_109_110_111_112_113_114_115_116_117_118_119_120_121_122_123_124_125_126_127_128_129_130_131_132_133_134_135_136_137_138_139_140_141_142_143_144_145_146_147_148_149_150_151_152_153_154_155_156_157_158_159_160_161_162_163_164_165_166_167_168_169_170_171_172_173_174_175_176_177_178_179_180_181_182_183_184_185_186_187_188_189_190_191_192_193_194_195_196_197_198_199_200_201_202_203_204_205_206_207_208_209_210_211_212_213_214_215_216_217_218_219_220_221_222_223_224_225_226_227_228_229_230_231_232_233_234_235_236_237_238_239_240_241_242_243_244_245_246_247_248_249_250_251_252_253_254_255_256_257_258_259_260_261_262_263_264_265_266_267_268_269_270_271_272_273_274_275_276_277_278_279_280_281_282_283_284_285_286_287_288 Fe^56      1.02e+09     86.10    240.03   -508.60    878.91      0.00
1_2_6_7_8_13_14_20_21 Fe^56      1.03e+09     58.31    198.76   -795.73  -6498.48      0.00
41_49_70_71_101_102_164_165_166_196_197_221_222_223_230_231_232_238_239_240_246_247_253_254_260_266_272 Fe^56      1.05e+09     72.73    286.73  -4996.34   3932.59      0.00
43_51_52_58_59_63_64_67_68_76_77_78_86_87_92_98_109 Fe^56      1.06e+09     48.40    222.76   1027.90  -1678.19      0.00
223_224_232_233_240_241_247_248_249_255_256_257_261_262_263_267_268_269_270_273_274_275 Fe^56      1.06e+09     72.06    242.42     75.23   6900.63      0.00
2_3_4_7_8_9_10_14_15_16_21_22_23_28_29_30_36_37_38_44_45_46_53_54_55_79_80_81_111_112_113_176_177_207_229 Fe^56      1.00e+09     76.50     56.26   3229.21  -5964.22      0.00
44_52_64_77_78_79_87_92_98_108_109_110_111_119_125_126_133_134_140_141_148_149_155_156_162_172_173_174_175_183_188_194_203_204_205_206_216_226_227_228_235_236_237_243_244_245_250_251_252_257_258_259_264_265_270_271_276 Fe^56      1.13e+09     73.95    249.80   4310.17   4650.75      0.00
0_1_2_3_4_5_6_7_8_9_10_11_12_13_14_15_16_17_18_19_20_21_22_23_24_25_26_27_28_29_30_31_32_33_34_35_36_37_38_39_40_41_42_43_44_45_46_47_48_49_50_51_52_53_54_55_56_57_58_59_60_61_62_63_64_65_66_67_68_69_70_71_72_73_74_75_76_77_78_79_80_81_82_83_84_85_86_87_88_89_90_91_92_93_94_95_96_97_98_99_100_101_102_103_104_105_106_107_108_109_110_111_112_113_114_115_116_117_118_119_120_121_122_123_124_125_126_127_128_129_130_131_132_133_134_135_136_137_138_139_140_141_142_143_144_145_146_147_148_149_150_151_152_153_154_155_156_157_158_159_160_161_162_163_164_165_166_167_168_169_170_171_172_173_174_175_176_177_178_179_180_181_182_183_184_185_186_187_188_189_190_191_192_193_194_195_196_197_198_199_200_201_202_203_204_205_206_207_208_209_210_211_212_213_214_215_216_217_218_219_220_221_222_223_224_225_226_227_228_229_230_231_232_233_234_235_236_237_238_239_240_241_242_246_247_248_249_253_277_278_279_280_281_282_283_284_285_286_287_288 Fe^56      1.13e+09     83.29    349.48   1208.44  -2470.68      0.00
5_6_7_8_9_11_12_13_14_15_16_17_18_19_20_21_22_23_24_25_26_27_28_29_30_32_33_34_35_36_37_38_41_42_43_44_45_46_50_51_52_53_54_55_57_58_59_62_63_64_68_78_79_80_81_111_112_113 Fe^56      1.15e+09     74.59      9.86   5873.44  -3037.87      0.00
0_1_2_3_4_5_6_7_8_9_10_11_12_13_14_15_16_17_18_19_20_21_22_23_24_25_26_27_28_29_30_31_32_33_34_35_36_37_38_39_40_41_42_43_44_45_46_47_48_49_50_51_52_53_54_55_56_57_58_59_60_61_62_63_64_65_66_67_68_69_70_71_72_73_74_75_76_77_78_79_80_81_82_83_84_85_86_87_88_89_90_91_92_93_94_95_96_97_98_99_100_101_102_103_104_105_106_107_108_109_110_111_112_113_114_115_116_117_118_119_120_121_122_123_124_125_126_127_128_129_130_131_132_133_134_135_136_137_138_139_140_141_142_143_144_145_146_147_148_149_150_151_152_153_154_155_156_157_158_159_160_161_162_163_164_165_166_167_168_169_170_171_172_173_174_175_176_177_178_179_180_181_182_183_184_185_186_187_188_189_190_191_192_193_194_195_196_197_198_199_200_201_202_203_204_205_206_208_209_210_211_212_213_214_215_216_217_218_219_220_221_222_223_224_230_277_278_279_280_281_282_283_284_285_286_287_288 Fe^56      1.16e+09     82.15    355.20   -861.23  -3264.37      0.00
225_234_241_249 Fe^56      1.18e+09     43.74    299.36     64.24   2888.12      0.00
4_9_10_14_15_16_21_22_23_27_28_29_30_34_35_36_37_38_42_43_44_45_46_50_51_52_53_54_55_56_57_58_59_60_61_62_63_64_65_66_67_68_71_72_73_74_75_76_77_78_79_80_81_82_83_84_85_86_87_88_89_90_91_92_93_94_95_96_97_98_102_103_104_105_106_107_108_109_110_111_112_113_114_115_116_117_118_119_120_121_122_123_124_125_126_127_128_129_130_131_132_133_134_135_136_137_138_139_140_141_142_143_144_145_146_147_148_149_150_151_152_153_154_155_156_157_158_159_160_161_162_165_166_167_168_169_170_171_172_173_174_175_176_177_178_179_180_181_182_183_184_185_186_187_188_189_190_191_192_193_194_196_197_198_199_200_201_202_203_204_205_206_207_208_209_210_211_212_213_214_215_216_217_218_219_220_222_223_224_225_226_227_228_229_230_231_232_233_234_235_236_237_238_239_240_241_242_243_244_245_246_247_248_249_250_251_252_253_254_255_256_257_258_259_260_261_262_263_264_265_266_267_268_269_270_271_272_273_274_275_276_277_278_279_280_281_282_283_284_285_286_287_288 Fe^56      1.19e+09     84.60    136.57   -491.12   6667.27      0.00
228_236_237_245_252 Fe^56      1.10e+09     54.31     71.41   5586.56   3418.14      0.00
77_78_85_86_87_90_91_92_95_96_97_98_105_106_107_108_109_110_111_115_116_117_118_119_121_122_123_124_125_126_129_130_131_132_133_134_136_137_138_139_140_141_144_145_146_147_148_149_151_152_153_154_155_156_158_159_160_161_162_168_169_170_171_172_173_174_175_176_179_180_181_182_183_185_186_187_188_190_191_192_193_194_200_201_202_203_204_205_206_207_209_210_211_214_215_216_218_219_220_226_227_228_229_235_236_237_277_278_279_280_281_282_283_284_285_288 Fe^56      1.21e+09     65.93    196.72   2687.24    959.78      0.00
0_1_2_3_4_5_6_7_8_9_10_11_12_13_14_15_16_17_18_19_20_21_22_23_24_25_26_27_28_29_30_31_32_33_34_35_36_37_38_40_41_42_43_44_45_46_49_50_51_52_53_54_55_56_57_58_59_60_61_62_63_64_65_66_67_68_71_72_73_74_75_76_77_78_79_80_81_82_83_84_85_86_87_88_89_90_91_92_93_94_95_96_97_98_102_103_104_105_106_107_108_109_110_111_112_113_114_115_116_117_118_119_120_121_122_123_124_125_126_127_128_129_130_131_132_133_134_135_136_137_138_139_140_141_142_143_144_145_146_147_148_149_150_151_152_153_154_155_156_157_158_159_160_161_162_167_168_169_170_171_172_173_174_175_176_177_178_179_180_181_182_183_184_185_186_187_188_189_190_191_192_193_194_199_200_201_202_203_204_205_206_207_208_209_210_211_212_213_214_215_216_217_218_219_220_225_226_227_228_229_234_235_236_237_243_244_245_251_252_258_259_265_277_278_279_280_281_282_283_284_285_286_287_288 Fe^56      1.22e+09     83.23     45.44  -1477.10  -6807.65      0.00
2_3_4_8_9_14_15_20_21_22_27_28_29_35_36_37_43_44_45_52_53_59_64_68_77_78_79_87_92_98_108_109_110_111_119_126_133_134_141_148_149_156_173_174_204_205 Fe^56      1.24e+09     70.09     81.67   2236.75  -3527.75      0.00
0_1_2_3_4_5_6_7_8_9_11_12_13_14_15_17_18_19_20_21_24_25_26_27_28_31_32_33_34_35_39_40_41_42_43_47_48_49_50_51_56_57_58_60_61_62_63_65_66_67_69_70_71_72_73_74_75_82_83_84_85_88_89_90_93_94_95_99_100_101_102_103_104_105_114_115_116_120_121_122_127_128_129_135_136_137_142_143_144_150_151_157_158_163_164_165_166_167_168_178_189_195_196_197_198_221_222_223_230_231_232_238_239_246_247_253_282_284_285_286_287 Fe^56      1.25e+09     81.23    309.02  -6131.64    501.19      0.00
2_3_7_8_9_13_14_15_20_21_27_28_34_35_42_43_51_56_57_58_59_60_61_62_63_65_66_67_68_73_74_75_76_83_84_85_89_90_95_280_282 Fe^56      1.26e+09     67.55    285.58   1141.77  -6876.75      0.00
0_1_2_3_4_5_6_7_8_9_10_11_12_13_14_15_16_17_18_19_20_21_22_23_24_25_26_27_28_29_30_31_32_33_34_35_36_37_38_39_40_41_42_43_44_45_47_48_49_50_51_52_53_56_57_58_59_60_61_62_63_64_65_66_67_68_69_70_71_72_73_74_75_76_77_78_79_82_83_84_85_86_87_88_89_90_91_92_93_94_95_96_97_98_99_100_101_102_103_104_105_106_107_108_109_110_114_115_116_117_118_119_120_121_122_123_124_125_126_127_128_129_130_131_132_133_134_135_136_137_138_139_140_141_142_143_144_145_146_147_148_149_150_151_152_153_154_155_156_157_158_159_160_161_162_163_164_165_166_167_168_169_170_171_172_173_178_179_180_181_182_183_184_185_186_187_188_189_190_191_192_193_194_195_196_197_198_199_200_201_202_203_208_209_210_211_212_213_214_215_216_217_218_219_220_221_222_223_224_225_230_231_232_233_238_239_240_246_247_253_277_278_279_280_281_282_283_284_285_286_287_288 Fe^56      1.26e+09     83.50    325.15  -6784.58   -721.32      0.00
173_174_175_182_183_188_193_194_202_203_204_205_210_211_214_215_216_218_219_220_225_226_227_233_234_235_240_241_242_243_247_248_249_250_254_255_256_257_260_261_262_263_266_267_268_272_273_288 Fe^56      1.29e+09     70.51    319.50    516.74   3425.72      0.00
11_12_13_14_15_16_17_18_19_20_21_22_23_24_25_26_27_28_29_30_31_32_33_34_35_36_37_38_39_40_41_42_43_44_45_46_47_48_49_50_51_52_53_54_55_56_57_58_59_60_61_62_63_64_65_66_67_68_69_70_71_72_73_74_75_76_77_78_79_80_81_82_83_84_85_86_87_88_89_90_91_92_93_94_95_96_97_98_99_100_101_102_103_104_105_106_107_108_109_110_111_112_113_114_115_116_117_118_119_120_121_122_123_124_125_126_127_128_129_130_131_132_133_134_135_136_137_138_139_140_141_142_143_144_145_146_147_148_149_150_151_152_153_154_155_156_157_158_159_160_161_162_163_164_165_166_167_168_169_170_171_172_173_174_175_176_177_178_179_180_181_182_183_184_185_186_187_188_189_190_191_192_193_194_195_196_197_198_199_200_201_202_203_204_205_206_207_208_209_210_211_212_213_214_215_216_217_218_219_220_221_222_223_224_225_226_227_228_229_230_231_232_233_234_235_236_237_238_239_240_241_242_243_244_245_246_247_248_249_250_251_252_253_254_255_256_257_258_259_260_261_262_263_264_265_266_267_268_269_270_271_272_273_274_275_276_277_278_279_280_281_282_283_284_285_286_287_288 Fe^56      1.29e+09     85.04    356.12  -6258.50   2099.71      0.00
2_3_4_7_8_9_10_13_14_15_16_20_21_22_23_27_28_29_30_35_36_37_38_43_44_45_46_52_53_54_55_64_78_79_80_81_87_109_110_111_112_113_134_149_174_175_176_177_205_206_207_227_228_229_236_237_244_245_252_259 Fe^56      1.31e+09     78.00     68.89   3851.69  -3185.19      0.00
168_169_178_179_180_184_185_186_189_190_191_199_200_201_208_209_212_213_214_217_218_281 Fe^56      1.33e+09     36.24    351.20   -586.02   1100.01      0.00
243_251_258_264 Fe^56      1.33e+09     44.17     73.17   2947.76   4851.37      0.00
0_1_2_3_4_5_6_7_8_9_10_11_12_13_14_15_16_17_18_19_20_21_22_23_24_25_26_27_28_29_30_31_32_33_34_35_36_37_38_39_40_41_42_43_44_45_46_47_48_49_50_51_52_53_54_55_56_57_58_59_60_61_62_63_64_65_66_67_68_69_70_71_72_73_74_75_76_77_78_79_80_81_82_83_84_85_86_87_88_89_90_91_92_93_94_95_96_97_98_99_100_101_102_103_104_105_106_107_108_109_110_111_112_113_114_115_116_117_118_119_120_121_122_123_124_125_126_127_128_129_130_131_132_133_134_135_136_137_138_139_140_141_142_143_144_145_146_147_148_149_150_151_152_153_154_155_156_157_158_159_160_161_162_163_164_165_166_167_168_169_170_171_172_173_174_175_176_177_178_179_180_181_182_183_184_185_186_187_188_189_190_191_192_193_194_195_196_197_198_199_200_201_202_203_204_205_206_207_208_209_210_211_212_213_214_215_216_217_218_219_220_221_222_223_224_225_226_227_228_229_230_231_232_233_234_235_236_237_238_239_240_241_242_243_244_245_246_247_248_249_250_251_252_253_254_255_256_257_258_259_260_261_262_263_264_265_266_267_268_269_270_271_272_273_274_275_276_277_278_279_280_281_282_283_284_285_286_287_288 Fe^56      1.33e+09     85.53    192.23  -5593.02  -2070.04      0.00
0_1_2_3_4_5_6_7_8_9_10_11_12_13_14_15_16_17_18_19_20_21_22_23_24_25_26_27_28_29_30_31_32_33_34_35_36_37_38_39_40_41_42_43_44_45_46_47_48_49_50_51_52_53_54_55_56_57_58_59_60_61_62_63_64_65_66_67_68_69_70_71_72_73_74_75_76_77_78_79_80_81_82_83_84_85_86_87_88_89_90_91_92_93_94_95_96_97_98_99_100_101_102_103_104_105_106_107_108_109_110_111_112_113_114_115_116_117_118_119_120_121_122_123_124_125_126_127_128_129_130_131_132_133_134_135_136_137_138_139_140_141_142_143_144_145_146_147_148_149_150_151_152_153_154_155_156_157_158_159_160_161_162_163_164_165_166_167_168_169_170_171_172_173_174_175_176_177_178_179_180_181_182_183_184_185_186_187_188_189_190_191_192_193_194_195_196_197_198_199_200_201_202_203_204_205_206_207_208_209_210_211_212_213_214_215_216_217_218_219_220_221_222_223_224_225_226_227_228_230_231_232_233_234_235_238_239_240_241_242_246_247_248_249_253_254_260_277_278_279_280_281_282_283_284_285_286_287_288 Fe^56      1.33e+09     86.45    154.03  -1417.98  -6743.07      0.00
2_3_4_7_8_9_10_12_13_14_15_16_18_19_20_21_22_23_25_26_27_28_29_30_32_33_34_35_36_37_39_40_41_42_43_44_47_48_49_50_51_52_56_57_58_60_61_62_65_66_69_70_71_72_73_82_100_101_102 Fe^56      1.34e+09     73.66    154.94    280.51  -4208.72      0.00
54_55_64_67_68_74_75_76_77_78_79_80_81_82_83_84_85_86_87_88_89_90_91_92_93_94_95_96_97_98_102_103_104_105_106_107_108_109_110_111_112_113_114_115_116_117_118_119_120_121_122_123_124_125_126_127_128_129_130_131_132_133_134_135_136_137_138_139_140_141_142_143_144_145_146_147_148_149_150_151_152_153_154_155_156_157_158_159_160_161_162_165_166_167_168_169_170_171_172_173_174_175_176_177_178_179_180_181_182_183_184_185_186_187_188_189_190_191_192_193_194_195_196_197_198_199_200_201_202_203_204_205_206_207_208_209_210_211_212_213_214_215_216_217_218_219_220_221_222_223_224_225_226_227_228_229_230_231_232_233_234_235_236_237_238_239_240_241_242_243_244_245_246_247_248_249_250_251_252_255_256_277_278_279_280_281_282_283_284_285_286_287_288 Fe^56      1.34e+09     76.35    173.03   2003.27   1730.98      0.00
0_5_6_11_12_17_18_19_24_25_26_31_32_33_39_40_41_42_47_48_49_50_56_60_61_65_69_70_71_72_73_74_82_83_88_89_93_94_100_101_102_103_104_105_114_115_120_121_122_127_128_129_130_135_136_137_142_143_144_145_150_151_152_157_158_159_164_165_166_167_168_169_178_179_180_184_185_189_190_191_195_196_197_198_199_200_201_208_209_212_213_214_217_218_221_222_223_224_225_230_231_232_233_238_239_240_241_246_247_248_249_253_254_255_256_260_261_262_266_267_268_272_273_274_281_283_284_285_286_287 Fe^56      1.34e+09     77.91    260.34  -4099.39  -1918.51      0.00
136_137_143_144_145_151_152_153_157_158_159_167_168_169_170_178_179_180_181_184_185_186_189_190_191_192_199_200_201_208_209_210_212_213_214_217_218_219_225_233_281_283_285 Fe^56      1.35e+09     45.27     91.80   -586.61   1385.96      0.00
71_101_102_120_127_142_164_165_166_196_197 Fe^56      1.35e+09     58.47    169.20  -4195.30    185.32      0.00
100_164_195_196_221_222_230_238_246_253 Fe^56      1.35e+09     66.27    267.65  -6278.96   2786.01      0.00
50_51_52_53_54_56_57_58_59_60_61_62_63_64_65_66_67_68_70_71_72_73_74_75_76_77_78_79_80_81_82_83_84_85_86_87_88_89_90_91_92_93_94_95_96_97_98_100_101_102_103_104_105_106_107_108_109_110_111_112_113_114_115_116_117_118_119_120_121_122_123_124_125_126_127_128_129_130_131_132_133_134_135_136_137_138_139_140_141_142_143_144_145_146_147_148_149_150_151_152_153_154_155_156_157_158_159_160_161_162_165_166_167_168_169_170_171_172_173_174_175_176_177_178_179_180_181_182_183_184_185_186_187_188_189_190_191_192_193_194_197_198_199_200_201_202_203_204_205_206_207_208_209_210_211_212_213_214_215_216_217_218_219_220_224_225_226_227_228_229_233_234_235_236_237_277_278_279_280_281_282_283_284_285_286_287_288 Fe^56      1.35e+09     72.65    184.47   1152.51    245.43      0.00
25_32_33_40_41_48_49_71 Fe^56      1.37e+09     54.83    121.77  -3833.97  -2302.23      0.00
0_1_2_3_4_5_6_7_8_9_10_11_12_13_14_15_16_17_18_19_20_21_22_23_24_25_26_27_28_29_30_31_32_33_34_35_36_37_38_39_40_41_42_43_44_45_46_47_48_49_50_51_52_53_54_55_56_57_58_59_60_61_62_63_64_65_66_67_68_69_70_71_72_73_74_75_76_77_78_79_80_81_82_83_84_85_86_87_88_89_90_91_92_93_94_95_96_97_98_99_100_101_102_103_104_105_106_107_108_109_110_111_112_113_114_115_116_117_118_119_120_121_122_123_124_125_126_127_128_129_130_131_132_133_134_135_136_137_138_139_140_141_142_143_144_145_146_147_148_149_150_151_152_153_154_155_156_157_158_159_160_161_162_163_164_165_166_167_168_169_170_171_172_173_174_175_176_177_178_179_180_181_182_183_184_185_186_187_188_189_190_191_192_193_194_195_196_197_198_199_200_201_202_203_204_205_206_207_208_209_210_211_212_213_214_215_216_217_218_219_220_221_222_223_224_225_226_227_228_229_230_231_232_233_234_235_236_237_238_239_240_241_242_243_244_245_246_247_248_249_250_251_252_253_254_255_256_257_258_259_260_261_262_263_264_265_266_267_268_269_272_273_274_277_278_279_280_281_282_283_284_285_286_287_288 Fe^56      1.38e+09     85.04    160.69  -5849.02    529.55      0.00
0_1_2_5_6_7_11_12_13_14_17_18_19_20_24_25_26_27_31_32_33_34_35_39_40_41_42_43_47_48_49_50_51_52_56_57_58_59_60_61_62_63_64_65_66_67_68_69_70_71_72_73_74_75_76_77_78_82_83_84_85_86_87_88_89_90_91_92_93_94_95_96_97_98_99_100_101_102_103_104_105_106_107_108_109_110_114_115_116_117_118_119_120_121_122_123_124_125_126_127_128_129_130_131_132_133_134_135_136_137_138_139_140_141_142_143_144_145_146_147_148_149_150_151_152_153_154_155_156_157_158_159_160_161_162_163_164_165_166_167_168_169_170_171_172_173_174_178_179_180_181_182_183_184_185_186_187_188_189_190_191_192_193_194_195_196_197_198_199_200_201_202_203_204_205_208_209_210_211_212_213_214_215_216_217_218_219_220_221_222_223_224_225_226_227_230_231_232_233_234_235_236_238_239_240_241_242_243_244_246_247_248_249_250_251_252_253_254_255_256_257_258_259_260_261_262_263_264_265_266_267_268_269_270_271_272_273_274_275_276_277_278_279_280_281_282_283_284_285_286_287_288 Fe^56      1.38e+09     85.99     60.88  -4987.52   4571.85      0.00
163_164_195_221_230 Fe^56      1.39e+09     50.86     56.24  -6771.41   1267.69      0.00
243_244_249_250_251_252_255_256_257_258_259_261_262_263_264_265_266_267_268_269_270_271_272_273_274_275_276 Fe^56      1.39e+09     71.55    341.14    462.60   6318.50      0.00
1_2_7_8_13_14_19_20_21_26_27_28_34_35_36_42_43_44_50_51_52_56_57_58_59_60_61_62_63_64_65_66_67_68_72_73_74_75_76_77_78_79_82_83_84_85_86_87_88_89_90_91_92_93_94_95_96_97_98_103_104_105_106_107_108_109_110_114_115_116_117_118_119_120_121_122_123_124_125_126_127_128_129_130_131_132_133_134_135_136_137_138_139_140_141_142_143_144_145_146_147_148_149_150_151_152_153_154_155_156_157_158_159_160_161_162_167_168_169_170_171_172_173_174_178_179_180_181_182_183_184_185_186_187_188_189_190_191_192_193_194_198_199_200_201_202_203_204_205_208_209_210_211_212_213_214_215_216_217_218_219_220_224_225_226_227_233_234_235_236_241_242_243_244_249_250_251_252_256_257_258_259_262_263_264_265_268_269_270_271_274_275_276_277_278_279_280_281_282_283_284_285_286_287_288 Fe^56      1.39e+09     76.95    256.24   1471.39   2607.06      0.00
5_11_17_18_24_25_31_32_33_39_40_41_47_48_49_50_69_70_71_72_93_100_101_102_103_114_120_127_128_135_136_142_143_150_151_157_164_165_166_167_168_178_184_189_190_195_196_197_198_199_208_212_217_221_222_223_224_230_231_232_233_238_239_240_241_246_247_248_249_253_254_255_256_260_261_262_266_267_268_272_273_274_285_286 Fe^56      1.30e+09     76.41    254.28  -4635.32  -1324.63      0.00
226_227_228_229_234_235_236_237_240_241_242_243_244_245_247_248_249_250_251_252_253_254_255_256_257_258_259_260_261_262_263_264_265_266_267_268_269_270_271_272_273_274_275 Fe^56      1.41e+09     72.57    348.15   3998.23   4097.24      0.00
72_73_82_88_93_102_103_104_114_120_121_127_128_135_142_143_150_166_286_287 Fe^56      1.44e+09     43.70    127.45  -1827.30   -237.93      0.00
45_46_54_80 Fe^56      1.45e+09     51.18    222.04   4831.53  -2169.71      0.00
39_40_41_42_43_44_45_47_48_49_50_51_52_53_54_56_57_58_59_60_61_62_63_64_65_66_67_68_69_70_71_72_73_74_75_76_77_78_79_80_81_82_83_84_85_86_87_88_89_90_91_92_93_94_95_96_97_98_100_101_102_103_104_105_106_107_108_109_110_111_112_114_115_116_117_118_119_120_121_122_123_124_125_126_127_128_129_130_131_132_133_134_135_136_137_138_139_140_141_142_143_144_145_146_147_148_149_150_151_152_153_154_155_156_157_158_159_160_161_162_165_166_167_168_169_170_171_172_173_174_175_176_178_179_180_181_182_183_184_185_186_187_188_189_190_191_192_193_194_197_198_199_200_201_202_203_204_205_208_209_210_211_212_213_214_215_216_217_218_219_220_277_278_279_280_281_282_283_284_285_286_287_288 Fe^56      1.45e+09     70.59    183.02  -1931.18  -1080.20      0.00
223_224_231_232_233_239_240_241_242_247_248_249_254_255_256_257_261_262_263_264_268_269_270_271_273_274_275_276 Fe^56      1.45e+09     70.86    222.03    193.18   5882.77      0.00
0_1_2_3_4_6_7_8_9_10_12_13_14_15_16_19_20_21_22_23_26_27_28_29_30_33_34_35_36_37_38_42_43_44_45_46_50_51_52_53_54_55_56_57_58_59_60_61_62_63_64_65_66_67_68_72_73_74_75_76_77_78_79_80_81_82_83_84_85_86_87_88_89_90_91_92_93_94_95_96_97_98_103_104_105_106_107_108_109_110_111_112_113_114_115_116_117_118_119_120_121_122_123_124_125_126_127_128_129_130_131_132_133_134_135_136_137_138_139_140_141_142_143_144_145_146_147_148_149_150_151_152_153_154_155_156_157_158_159_160_161_162_167_168_169_170_171_172_173_174_175_176_177_178_179_180_181_182_183_184_185_186_187_188_189_190_191_192_193_194_199_200_201_202_203_204_205_206_207_208_209_210_211_212_213_214_215_216_217_218_219_220_225_226_227_228_229_233_234_235_236_237_241_242_243_244_245_249_250_251_252_256_257_258_259_263_264_265_269_270_271_274_275_276_277_278_279_280_281_282_283_284_285_286_287_288 Fe^56      1.45e+09     82.43     78.28   4352.07   3084.66      0.00
0_1_2_3_4_5_6_7_8_9_10_11_12_13_14_15_16_17_18_19_20_21_22_24_25_26_27_28_29_31_32_33_34_35_36_39_40_41_42_43_47_48_49_50_51_52_56_57_58_59_60_61_62_63_64_65_66_67_68_69_70_71_72_73_74_75_76_77_82_83_84_85_86_88_89_90_91_92_93_94_95_96_97_99_100_101_102_103_104_105_106_107_114_115_116_117_120_121_122_123_124_127_128_129_130_131_135_136_137_138_142_143_144_145_150_151_152_157_158_159_163_164_165_166_167_168_169_178_179_184_189_195_196_197_198_199_221_222_223_230_231_232_238_239_246_253_279_280_282_283_284_285_286_287 Fe^56      1.49e+09     80.81    318.52  -5056.14   -864.86      0.00
27_28_29_35_36_37_43_44_45_52_53_54_79_80_111_112 Fe^56      1.40e+09     63.94     31.53   3895.47  -1895.54      0.00
0_5_6_11_12_13_17_18_19_20_21_24_25_26_27_28_29_31_32_33_34_35_36_37_38_39_40_41_42_43_44_45_46_47_48_49_50_51_52_53_54_55_56_57_58_59_60_61_62_63_64_65_66_67_68_69_70_71_72_73_74_75_76_77_78_79_80_81_82_83_84_85_86_87_88_89_90_91_92_93_94_95_96_97_98_99_100_101_102_103_104_105_106_107_108_109_110_111_112_113_114_115_116_117_118_119_120_121_122_123_124_125_126_127_128_129_130_131_132_133_134_135_136_137_138_139_140_141_142_143_144_145_146_147_148_149_150_151_152_153_154_155_156_157_158_159_160_161_162_163_164_165_166_167_168_169_170_171_172_173_174_175_176_177_178_179_180_181_182_183_184_185_186_187_188_189_190_191_192_193_194_195_196_197_198_199_200_201_202_203_204_205_206_207_208_209_210_211_212_213_214_215_216_217_218_219_220_221_222_223_224_225_226_227_228_229_230_231_232_233_234_235_236_237_238_239_240_241_242_243_244_245_246_247_248_249_250_251_252_253_254_255_256_257_258_259_260_261_262_263_264_265_266_267_268_269_270_271_272_273_274_275_276_277_278_279_280_281_282_283_284_285_286_287_288 Fe^56      1.40e+09     85.42    202.27   1658.61   4118.54      0.00
109_110_119_126_133_134_141_148_149_156_173_174 Fe^56      1.52e+09     45.81     11.79   2404.61     10.11      0.00
81_113_176_177_206_207_228_229_237_245 Fe^56      1.53e+09     60.41    123.80   6697.77   1348.33      0.00
2_3_4_8_9_10_14_15_16_21_22_23_29_30_38 Fe^56      1.53e+09     70.10     33.91   2927.23  -6655.69      0.00
2_3_4_7_8_9_10_13_14_15_16_19_20_21_22_23_25_26_27_28_29_30_33_34_35_36_37_40_41_42_43_44_45_48_49_50_51_52_53_56_57_58_59_60_61_62_63_64_65_66_67_68_70_71_72_73_74_75_76_77_78_82_83_84_85_86_87_88_89_90_91_92_93_94_95_96_97_98_100_101_102_103_104_105_106_107_108_109_110_114_115_116_117_118_119_120_121_122_123_124_125_126_127_128_129_130_131_132_133_134_135_136_137_138_139_140_141_142_143_144_145_146_147_148_149_150_151_152_153_154_155_156_157_158_159_160_161_162_164_165_166_167_168_169_170_171_172_173_178_179_180_181_182_183_184_185_186_187_188_189_190_191_192_193_194_195_196_197_198_199_200_201_202_203_208_209_210_211_212_213_214_215_216_217_218_219_220_221_222_223_224_225_230_231_232_233_238_239_240_241_246_247_248_253_254_255_260_261_266_277_278_279_280_281_282_283_284_285_286_287_288 Fe^56      1.55e+09     78.20    309.46    817.44  -3822.88      0.00
178_179_184_185_189_190_198_199_200_208_212_213_217 Fe^56      1.50e+09     33.25    169.45  -1154.58   1190.75      0.00
223_224_225_231_232_233_234_235_239_240_241_242_243_244_246_247_248_249_250_251_252_254_255_256_257_258_259_261_262_263_264_265_269_270_271 Fe^56      1.50e+09     69.67      9.12   2068.61   4544.69      0.00
4_8_9_10_11_12_13_14_15_16_17_18_19_20_21_22_23_24_25_26_27_28_29_30_31_32_33_34_35_36_37_38_39_40_41_42_43_44_45_46_47_48_49_50_51_52_53_54_55_56_57_58_59_60_61_62_63_64_65_66_67_68_69_70_71_72_73_74_75_76_77_78_79_80_82_83_84_85_86_87_88_89_90_91_92_93_94_95_96_97_98_99_100_101_102_103_104_105_106_107_108_109_110_114_115_116_117_118_119_120_121_122_123_124_125_126_127_128_129_130_131_132_133_134_135_136_137_138_139_140_141_142_143_144_145_146_147_150_151_152_153_157_158_159_163_164_165_166_167_168_195_196_278_279_280_282_284_285_286_287 Fe^56      1.61e+09     76.60    167.53  -4157.14  -2221.25      0.00
196_221_222_230 Fe^56      1.64e+09     45.85    154.31  -6256.47   1667.26      0.00
38_45_46_54_55_79_80_81_110_111_112_113_134_141_148_149_155_156_161_162_172_173_174_175_176_177_182_183_187_188_192_193_194_201_202_203_204_205_206_207_210_211_214_215_216_218_219_220_225_226_227_228_229_233_234_235_236_237_241_242_243_244_245_248_249_250_251_252_255_256_257_261_262_263_277_288 Fe^56      1.64e+09     75.03    146.59   4857.41    789.32      0.00
0_1_2_3_4_5_6_7_8_9_10_11_12_13_14_15_16_17_18_19_20_21_22_23_24_25_26_27_28_29_30_31_32_33_34_35_36_37_38_39_40_41_42_43_44_45_46_47_48_49_50_51_52_53_54_55_56_57_58_59_60_61_62_63_64_65_66_67_68_69_70_71_72_73_74_75_76_77_78_79_80_81_82_83_84_85_86_87_88_89_90_91_92_93_94_95_96_97_98_100_101_102_103_104_105_106_107_108_109_110_111_112_113_114_115_116_117_118_119_120_121_122_123_124_125_126_127_128_129_130_131_132_133_134_135_136_137_138_139_140_141_142_143_144_145_146_147_148_149_150_151_152_153_154_155_156_157_158_159_160_161_162_166_167_168_169_170_171_172_173_174_175_176_177_178_179_180_181_182_183_184_185_186_187_188_189_190_191_192_193_194_198_199_200_201_202_203_204_205_206_207_208_209_210_211_212_213_214_215_216_217_218_219_220_226_227_228_229_236_237_277_278_279_280_281_282_283_284_285_286_287_288 Fe^56      1.60e+09     83.75     19.11    -52.80  -5201.20      0.00
95_96_97_105_106_107_108_116_117_118_119_122_123_124_125_126_129_130_131_132_133_134_137_138_139_140_141_144_145_146_147_148_149_152_153_154_155_156_158_159_160_161_162_169_170_171_172_173_179_180_181_182_183_185_186_187_188_191_192_193_194_200_201_202_203_204_209_210_211_213_214_215_216_218_219_220_226_234_235_277_278_279_281_283_284_288 Fe^56      1.71e+09     56.89     42.77   1579.00   1567.28      0.00
36_44_45_53_54_79_80_111_112_175_176_206_207 Fe^56      1.71e+09     61.72    229.43   3918.50  -1647.80      0.00
5_11_17_18_24_25_31_32_33_39_40_41_48_49_50_70_71_72_82_88_93_101_102_103_104_114_120_121_127_128_135_136_142_143_150_151_157_158_165_166_167_168_178_179_184_189_190_197_198_199_208_212_224_285_286_287 Fe^56      1.71e+09     70.06     58.50  -4028.27  -2651.90      0.00
6_12_18_25_33 Fe^56      1.75e+09     54.95     83.39  -2985.61  -4526.26      0.00
99_100_163_164_165_195_196_197_221_222_223_230_231_232_238_239_240_241_246_247_248_253_254_255_256_260_261_262_263_266_267_268_269_272_273_274_275 Fe^56      1.75e+09     70.67    227.57  -3656.72   3898.54      0.00
0_5_11_12_17_18_24_25_26_31_32_33_39_40_41_42_47_48_49_50_56_57_60_61_62_65_66_67_69_70_71_72_73_74_75_82_83_84_85_88_89_90_91_93_94_95_96_99_100_101_102_103_104_105_106_107_114_115_116_117_118_120_121_122_123_124_127_128_129_130_131_132_135_136_137_138_139_140_142_143_144_145_146_147_150_151_152_153_154_155_157_158_159_160_161_162_163_164_165_166_167_168_169_170_171_172_178_179_180_181_182_183_184_185_186_187_188_189_190_191_192_193_194_195_196_197_198_199_200_201_202_203_208_209_210_211_212_213_214_215_216_217_218_219_220_221_222_223_224_225_226_230_231_232_233_234_238_239_240_241_242_243_246_247_248_249_250_253_254_255_256_257_258_260_261_262_263_264_266_267_268_269_270_272_273_274_275_276_277_278_279_280_281_282_283_284_285_286_287_288 Fe^56      1.85e+09     80.86    242.40  -6020.78  -3416.61      0.00
0_1_2_3_4_5_6_7_8_9_10_11_12_13_14_15_16_17_18_19_20_21_22_23_24_25_26_27_28_29_30_31_32_33_34_35_36_37_38_39_40_41_42_43_44_45_46_47_48_49_50_51_52_53_54_55_56_57_58_59_60_61_62_63_64_65_66_67_68_69_70_71_72_73_74_75_76_77_78_79_80_81_82_83_84_85_86_87_88_89_90_91_92_93_94_95_96_97_98_99_100_101_102_103_104_105_106_107_108_109_110_111_112_113_114_115_116_117_118_119_120_121_122_123_124_125_126_127_128_129_130_131_132_133_134_135_136_137_138_139_140_141_142_143_144_145_146_147_148_149_150_151_152_153_154_155_156_157_158_159_160_161_162_163_164_165_166_167_168_169_170_171_172_173_174_175_176_177_178_179_180_181_182_183_184_185_186_187_188_189_190_191_192_193_194_195_196_197_198_199_200_201_202_203_204_205_206_207_208_209_210_211_212_213_214_215_216_217_218_219_220_221_222_223_224_225_226_227_228_229_230_231_232_233_234_235_236_237_238_239_240_241_242_243_244_245_246_247_248_249_250_251_252_253_254_255_256_257_258_259_260_261_262_263_264_265_266_267_268_269_270_271_272_273_274_275_276_277_278_279_280_281_282_283_284_285_286_287_288 Fe^56      1.88e+09     86.11    122.54  -2715.03   4715.60      0.00
244_245_252_259 Fe^56      1.91e+09     51.76    181.65   4981.59   4336.18      0.00
18_19_24_25_26_32_33_34 Fe^56      1.99e+09     57.13    352.22  -2466.17  -4006.77      0.00
0_1_2_5_6_7_11_12_13_18_19_20_25_26_32_33_34_40_41_49_50_71_101 Fe^56      2.01e+09     72.12    109.50  -2015.05  -6177.32      0.00
0_1_2_3_5_6_7_8_11_12_13_14_15_17_18_19_20_21_22_24_25_26_27_28_29_31_32_33_34_35_36_37_39_40_41_42_43_44_45_46_47_48_49_50_51_52_53_54_56_57_58_59_60_61_62_63_64_65_66_67_68_69_70_71_72_73_74_75_76_77_78_79_80_81_82_83_84_85_86_87_88_89_90_91_92_93_94_95_96_97_98_99_100_101_102_103_104_105_106_107_108_109_110_111_112_113_114_115_116_117_118_119_120_121_122_123_124_125_126_127_128_129_130_131_132_133_134_135_136_137_138_139_140_141_142_143_144_145_146_147_148_149_150_151_152_153_154_155_156_157_158_159_160_161_162_163_164_165_166_167_168_169_170_171_172_173_174_175_176_177_178_179_180_181_182_183_184_185_186_187_188_189_190_191_192_193_194_195_196_197_198_199_200_201_202_203_204_205_206_207_208_209_210_211_212_213_214_215_216_217_218_219_220_221_222_223_224_225_226_227_228_229_230_231_232_233_234_235_236_237_238_239_240_241_242_243_244_245_246_247_248_249_250_251_252_253_254_255_256_257_258_259_260_261_262_263_264_265_266_267_268_269_270_271_272_273_274_275_276_277_278_279_280_281_282_283_284_285_286_287_288 Fe^56      2.03e+09     86.52     44.44  -5189.84   1330.93      0.00
0_1_2_3_4_6_7_8_9_10_13_14_15_16_19_20_21_22_23_27_28_29_30_35_36_37_38_43_44_45_46_52_53_54_55_79_80_81_111_112_113_175_176_177_206_207_229 Fe^56      2.05e+09     74.58    221.40   1380.63  -5817.19      0.00
17_18_24_25_26_31_32_33_39_40_41_42_47_48_49_50_51_56_57_58_59_60_61_62_63_64_65_66_67_68_69_70_71_72_73_74_75_76_77_78_82_83_84_85_86_87_88_89_90_91_92_93_94_95_96_97_98_100_101_102_103_104_105_106_107_108_109_114_115_116_117_118_119_120_121_122_123_124_125_126_127_128_129_130_131_132_133_134_135_136_137_138_139_140_141_142_143_144_145_146_147_148_149_150_151_152_153_154_155_156_157_158_159_160_161_162_166_167_168_169_170_171_172_173_174_178_179_180_181_182_183_184_185_186_187_188_189_190_191_192_193_194_198_199_200_201_202_203_204_208_209_210_211_212_213_214_215_216_217_218_219_220_226_277_278_279_280_281_282_283_284_285_286_287_288 Fe^56      2.08e+09     71.90     28.91  -3032.14  -1788.94      0.00
0_1_2_3_5_6_7_8_9_11_12_13_14_15_17_18_19_20_21_22_25_26_27_28_29_32_33_34_35_36_37_41_42_43_44_45_49_50_51_52_53_54_56_57_58_59_60_61_62_63_64_65_66_67_68_72_73_74_75_76_77_78_79_80_82_83_84_85_86_87_88_89_90_91_92_93_94_95_96_97_98_102_103_104_105_106_107_108_109_110_111_112_114_115_116_117_118_119_120_121_122_123_124_125_126_127_128_129_130_131_132_133_134_135_136_137_138_139_140_141_142_143_144_145_146_147_148_149_150_151_152_153_154_155_156_157_158_159_160_161_162_167_168_169_170_171_172_173_174_175_176_178_179_180_181_182_183_184_185_186_187_188_189_190_191_192_193_194_198_199_200_201_202_203_204_205_206_207_208_209_210_211_212_213_214_215_216_217_218_219_220_225_226_227_228_229_233_234_235_236_237_242_243_244_245_249_250_251_252_257_258_259_263_264_265_270_271_275_276_277_278_279_280_281_282_283_284_285_286_287_288 Fe^56      2.15e+09     79.93    237.71    853.38  -2118.70      0.00
23_30_37_38_46_54 Fe^56      2.16e+09     54.86    251.06   5315.59  -3815.64      0.00
159_160_161_162_166_167_168_169_170_171_172_173_174_175_176_177_178_179_180_181_182_183_184_185_186_187_188_189_190_191_192_193_194_195_196_197_198_199_200_201_202_203_204_205_206_207_208_209_210_211_212_213_214_215_216_217_218_219_220_221_222_223_224_225_226_227_228_229_230_231_232_233_234_235_236_237_238_239_240_241_242_243_244_245_246_247_248_249_250_251_252_253_254_255_256_257_258_259_260_261_262_263_264_265_266_267_268_269_270_271_272_273_274_275_276_277_281_283_285_288 Fe^56      2.16e+09     80.12    180.03   -548.23   4597.31      0.00
51_56_57_58_59_60_61_62_63_65_66_67_68_72_73_74_75_76_82_83_84_85_86_88_89_90_91_93_94_95_96_102_103_104_105_106_107_114_115_116_117_120_121_122_123_124_127_128_129_130_131_135_136_137_138_139_142_143_144_145_146_150_151_152_153_157_158_159_160_166_167_168_169_170_178_179_180_184_185_186_189_190_191_198_199_200_208_209_212_213_217_223_224_232_278_279_280_281_282_283_284_285_286_287 Fe^56      2.24e+09     59.96    121.62  -1698.04    840.79      0.00
69_99_100_163_164_165_195_196_197_221_222_223_230_231 Fe^56      2.24e+09     66.06     21.55  -6487.39    641.08      0.00
50_51_52_56_57_58_59_60_61_62_63_64_65_66_67_68_69_70_71_72_73_74_75_76_77_78_79_82_83_84_85_86_87_88_89_90_91_92_93_94_95_96_97_98_99_100_101_102_103_104_105_106_107_108_109_110_111_114_115_116_117_118_119_120_121_122_123_124_125_126_127_128_129_130_131_132_133_134_135_136_137_138_139_140_141_142_143_144_145_146_147_148_149_150_151_152_153_154_155_156_157_158_159_160_161_162_163_164_165_166_167_168_169_170_171_172_173_174_175_178_179_180_181_182_183_184_185_186_187_188_189_190_191_192_193_194_195_196_197_198_199_200_201_202_203_204_205_208_209_210_211_212_213_214_215_216_217_218_219_220_221_222_223_224_225_226_230_231_232_233_277_278_279_280_281_282_283_284_285_286_287_288 Fe^56      2.33e+09     70.89    353.60   -839.35    256.57      0.00
69_99_100_163_164_195_196_221_222_223_230_231_238_239_240_246_247_253_254_255_260_261_266_267_272_273 Fe^56      2.33e+09     72.46     45.33  -6420.30   2469.53      0.00
23_30_37_38_44_45_46_52_53_54_55_77_78_79_80_81_86_87_92_97_98_107_108_109_110_111_112_113_117_118_119_124_125_126_131_132_133_134_138_139_140_141_145_146_147_148_149_153_154_155_156_159_160_161_162_169_170_171_172_173_174_175_176_177_179_180_181_182_183_185_186_187_188_190_191_192_193_194_199_200_201_202_203_204_205_206_207_208_209_210_211_212_213_214_215_216_217_218_219_220_224_225_226_227_228_233_234_235_236_237_240_241_242_243_244_248_249_250_251_252_254_255_256_257_258_261_262_263_264_266_267_268_269_270_272_273_274_275_277_278_279_281_283_288 Fe^56      2.38e+09     75.88    311.12   4857.63   -651.89      0.00
4_10_16_22_23_29_30_37_38_45_46_53_54_55_79_80_81_111_112_175_176_206_207_228_229_237 Fe^56      2.30e+09     70.37     86.26   5420.68  -2331.23      0.00
4_10_15_16_22_23_28_29_30_36_37_38_44_45_46_52_53_54_55_59_63_64_68_76_77_78_79_80_81_86_87_91_92_96_97_98_107_108_109_110_111_112_113_117_118_119_123_124_125_126_131_132_133_134_138_139_140_141_146_147_148_149_153_154_155_156_159_160_161_162_170_171_172_173_174_175_176_177_180_181_182_183_185_186_187_188_191_192_193_194_200_201_202_203_204_205_206_207_209_210_211_213_214_215_216_217_218_219_220_225_226_227_228_229_233_234_235_236_237_241_242_243_244_245_248_249_250_251_252_255_256_257_258_259_262_263_264_265_267_268_269_270_271_273_274_275_276_277_278_279_280_281_288 Fe^56      2.30e+09     80.75    291.12   5047.32   -833.58      0.00
140_147_148_154_155_156_160_161_162_170_171_172_173_181_182_183_186_187_188_192_193_194_202_203_204_210_211_215_216_220_277_288 Fe^56      2.43e+09     40.15     14.83   1032.20    767.81      0.00
0_1_2_3_4_5_6_7_8_9_10_11_12_13_14_15_16_17_18_19_20_21_22_23_24_25_26_27_28_29_30_31_32_33_34_35_36_37_38_39_40_41_42_43_44_45_46_47_48_49_50_51_52_53_54_55_56_57_58_59_60_61_62_63_64_65_66_67_68_69_70_71_72_73_74_75_76_77_78_79_80_81_82_83_84_85_86_87_88_89_90_91_92_93_94_95_96_97_98_99_100_101_102_103_104_105_106_107_108_109_110_111_112_113_114_115_116_117_118_119_120_121_122_123_124_125_126_127_128_129_130_131_132_133_134_135_136_137_138_139_140_141_142_143_144_145_146_147_148_149_150_151_152_153_154_155_156_157_158_159_160_161_162_163_164_165_166_167_168_169_170_171_172_173_174_175_176_177_178_179_180_181_182_183_184_185_186_187_188_189_190_191_192_193_194_195_196_197_198_199_200_201_202_203_204_205_206_207_208_209_210_211_212_213_214_215_216_217_218_219_220_221_222_223_224_225_226_227_228_229_230_231_232_233_234_235_236_237_238_239_240_241_242_243_244_245_246_247_248_249_250_251_252_253_254_255_256_257_258_259_260_261_262_263_264_265_266_267_268_269_270_271_272_273_274_275_276_277_278_279_280_281_282_283_284_285_286_287_288 Fe^56      2.43e+09     86.73    179.33  -2028.18  -3035.70      0.00
23_29_30_36_37_38_44_45_46_52_53_54_55_58_59_62_63_64_66_67_68_74_75_76_77_78_79_80_81_83_84_85_86_87_89_90_91_92_94_95_96_97_98_104_105_106_107_108_109_110_111_112_113_114_115_116_117_118_119_120_121_122_123_124_125_126_127_128_129_130_131_132_133_134_135_136_137_138_139_140_141_142_143_144_145_146_147_148_149_150_151_152_153_154_155_156_157_158_159_160_161_162_167_168_169_170_171_172_173_174_175_176_177_178_179_180_181_182_183_184_185_186_187_188_189_190_191_192_193_194_198_199_200_201_202_203_204_205_206_207_208_209_210_211_212_213_214_215_216_217_218_219_220_223_224_225_226_227_228_229_231_232_233_234_235_236_237_239_240_241_242_243_244_245_246_247_248_249_250_251_252_253_254_255_256_257_258_259_260_261_262_263_264_265_266_267_268_269_270_271_272_273_274_275_276_277_278_279_280_281_282_283_284_285_286_287_288 Fe^56      2.47e+09     84.22    317.76   4531.14   4018.37      0.00
2_3_4_7_8_9_10_13_14_15_16_19_20_21_22_23_26_27_28_29_30_33_34_35_36_37_38_40_41_42_43_44_45_46_49_50_51_52_53_54_55_56_57_58_59_60_61_62_63_64_65_66_67_68_70_71_72_73_74_75_76_77_78_79_80_81_82_83_84_85_86_87_88_89_90_91_92_93_94_95_96_97_98_101_102_103_104_105_106_107_108_109_110_111_112_113_114_115_116_117_118_119_120_121_122_123_124_125_126_127_128_129_130_131_132_133_134_135_136_137_138_139_140_141_142_143_144_145_146_147_148_149_150_151_152_153_154_155_156_157_158_159_160_161_162_164_165_166_167_168_169_170_171_172_173_174_175_176_177_178_179_180_181_182_183_184_185_186_187_188_189_190_191_192_193_194_195_196_197_198_199_200_201_202_203_204_205_206_207_208_209_210_211_212_213_214_215_216_217_218_219_220_221_222_223_224_225_226_227_228_229_230_231_232_233_234_235_236_237_238_239_240_241_242_243_244_245_246_247_248_249_250_251_252_253_254_255_256_257_258_259_260_261_262_263_264_265_266_267_268_269_270_271_272_273_274_275_276_277_278_279_280_281_282_283_284_285_286_287_288 Fe^56      2.49e+09     86.67    304.91   6047.62   2380.31      0.00
69_99_100_163_164_195_221_230 Fe^56      2.51e+09     57.43    272.46  -6721.52    795.47      0.00
0_5_11_12_17_18_24_25_26_31_32_33_39_40_41_42_47_48_49_50_56_57_60_61_62_65_66_67_69_70_71_72_73_74_75_82_83_84_85_88_89_90_91_93_94_95_96_99_100_101_102_103_104_105_106_107_114_115_116_117_118_120_121_122_123_124_127_128_129_130_131_132_135_136_137_138_139_140_142_143_144_145_146_147_150_151_152_153_154_155_157_158_159_160_161_162_163_164_165_166_167_168_169_170_171_172_178_179_180_181_182_183_184_185_186_187_188_189_190_191_192_193_194_195_196_197_198_199_200_201_202_203_208_209_210_211_212_213_214_215_216_217_218_219_220_221_222_223_224_225_226_230_231_232_233_234_238_239_240_241_242_243_246_247_248_249_250_253_254_255_256_257_258_260_261_262_263_264_266_267_268_269_270_271_272_273_274_275_276_277_278_279_280_281_282_283_284_285_286_287_288 Fe^56      2.52e+09     83.73    241.07  -5827.21   1201.80      0.00
240_241_248_255 Fe^56      2.56e+09     47.51    320.84  -1827.55   3970.95      0.00
0_5_11_12_17_18_19_24_25_26_31_32_33_34_39_40_41_42_47_48_49_50_51_56_57_58_59_60_61_62_63_64_65_66_67_68_69_70_71_72_73_74_75_76_77_82_83_84_85_86_87_88_89_90_91_92_93_94_95_96_97_98_99_100_101_102_103_104_105_106_107_108_109_114_115_116_117_118_119_120_121_122_123_124_125_126_127_128_129_130_131_132_133_134_135_136_137_138_139_140_141_142_143_144_145_146_147_148_149_150_151_152_153_154_155_156_157_158_159_160_161_162_164_165_166_167_168_169_170_171_172_173_178_179_180_181_182_183_184_185_186_187_188_189_190_191_192_193_194_195_196_197_198_199_200_201_202_203_204_208_209_210_211_212_213_214_215_216_217_218_219_220_222_223_224_225_226_230_231_232_233_234_235_239_240_241_242_243_246_247_248_249_250_251_254_255_256_257_258_260_261_262_263_264_265_267_268_269_270_271_272_273_274_275_276_277_278_279_280_281_282_283_284_285_286_287_288 Fe^56      2.59e+09     79.23    238.65  -5146.80  -3080.12      0.00
70_100_164_165_195_196_221_222_230_231_238_239_246_253_260 Fe^56      2.73e+09     64.01     90.27  -5797.63   3757.50      0.00
1_2_3_4_5_6_7_8_9_10_11_12_13_14_15_16_17_18_19_20_21_22_23_24_25_26_27_28_29_30_31_32_33_34_35_36_37_38_39_40_41_42_43_44_45_46_47_48_49_50_51_52_53_54_55_56_57_58_59_60_61_62_63_64_65_66_67_68_69_70_71_72_73_74_75_76_77_78_79_80_81_82_83_84_85_86_87_88_89_90_91_92_93_94_95_96_97_98_99_100_101_102_103_104_105_106_107_108_109_110_111_112_113_114_115_116_117_118_119_120_121_122_123_124_125_126_127_128_129_130_131_132_133_134_135_136_137_138_139_140_141_142_143_144_145_146_147_148_149_150_151_152_153_154_155_156_157_158_159_160_161_162_163_164_165_166_167_168_169_170_171_172_173_174_175_176_177_178_179_180_181_182_183_184_185_186_187_188_189_190_191_192_193_194_195_196_197_198_199_200_201_202_203_204_205_206_207_208_209_210_211_212_213_214_215_216_217_218_219_220_221_222_223_224_225_226_227_228_229_230_231_232_233_234_235_236_237_238_239_240_241_242_243_244_245_246_247_248_249_250_251_252_253_254_255_256_257_258_259_260_261_262_263_264_266_267_268_269_272_273_274_277_278_279_280_281_282_283_284_285_286_287_288 Fe^56      2.73e+09     84.24    153.54  -4796.71   1799.72      0.00
23_29_30_37_38_44_45_53_54 Fe^56      2.74e+09     55.15    310.89   4728.57  -3476.92      0.00
42_43_51_52_56_57_58_59_60_61_62_63_64_65_66_67_68_74_75_76_77_78_84_85_86_87_90_91_92_96_97_98_106_107_108_109_110_117_118_119_124_125_126_132_133_134_141_149_279_280_282 Fe^56      2.74e+09     58.01     28.49   1485.51  -1271.37      0.00
0_1_2_3_4_5_6_7_8_9_10_11_12_13_14_15_17_18_19_20_21_26 Fe^56      2.75e+09     65.49    171.22  -1308.49  -5835.19      0.00
21_28_29_35_36_42_43_44_50_51_52_53_56_57_58_59_60_61_62_63_64_65_66_67_68_72_73_74_75_76_77_78_82_83_84_85_86_87_88_89_90_91_92_93_94_95_96_97_98_102_103_104_105_106_107_108_109_110_114_115_116_117_118_119_120_121_122_123_124_125_126_127_128_129_130_131_132_133_134_135_136_137_138_139_140_141_142_143_144_145_146_147_148_149_150_151_152_153_154_155_156_157_158_159_160_161_162_166_167_168_169_170_171_172_173_174_178_179_180_181_182_183_184_185_186_187_188_189_190_191_192_193_194_197_198_199_200_201_202_203_204_208_209_210_211_212_213_214_215_216_217_218_219_220_223_224_225_226_231_232_233_234_239_240_241_242_246_247_248_249_253_254_255_256_260_261_262_266_267_268_272_273_277_278_279_280_281_282_283_284_285_286_287_288 Fe^56      2.77e+09     76.10    300.32  -2349.32   4063.33      0.00
0_1_2_3_4_5_6_7_8_9_10_11_12_13_14_15_16_17_18_19_20_21_22_23_24_25_26_27_28_29_30_31_32_33_34_35_36_37_38_39_40_41_42_43_44_45_46_47_48_49_50_51_52_53_54_55_56_57_58_59_60_61_62_63_64_65_66_67_68_69_70_71_72_73_74_75_76_77_78_79_80_81_82_83_84_85_86_87_88_89_90_91_92_93_94_95_96_97_98_99_100_101_102_103_104_105_106_107_108_109_110_111_112_114_115_116_117_118_119_120_121_122_123_124_125_126_127_128_129_130_131_132_133_134_135_136_137_138_139_140_141_142_143_144_145_146_147_148_149_150_151_152_153_154_155_156_157_158_159_160_161_162_163_164_165_166_167_168_169_170_171_172_173_174_175_178_179_180_181_182_183_184_185_186_187_188_189_190_191_192_193_194_195_196_197_198_199_200_201_202_203_204_205_208_209_210_211_212_213_214_215_216_217_218_219_220_221_222_223_224_225_226_230_231_232_233_238_239_240_246_247_253_277_278_279_280_281_282_283_284_285_286_287_288 Fe^56      2.70e+09     85.99    151.88  -2510.32  -6642.60      0.00
4_9_10_14_15_16_20_21_22_23_27_28_29_30_34_35_36_37_38_41_42_43_44_45_46_49_50_51_52_53_54_55_56_57_58_59_60_61_62_63_64_65_66_67_68_71_72_73_74_75_76_77_78_79_80_82_83_84_85_86_87_88_89_90_91_92_93_94_95_96_97_98_101_102_103_104_105_106_107_108_109_110_111_114_115_116_117_118_119_120_121_122_123_124_125_126_127_128_129_130_131_132_133_134_135_136_137_138_139_140_141_142_143_144_145_146_147_148_149_150_151_152_153_154_155_156_157_158_159_160_161_162_164_165_166_167_168_169_170_171_172_173_174_178_179_180_181_182_183_184_185_186_187_188_189_190_191_192_193_194_195_196_197_198_199_200_201_202_203_204_208_209_210_211_212_213_214_215_216_217_218_219_220_221_222_223_224_225_230_231_232_233_238_239_240_246_247_253_277_278_279_280_281_282_283_284_285_286_287_288 Fe^56      2.81e+09     77.29    145.50   1825.80  -2190.60      0.00
155_156_160_161_162_170_171_172_173_174_180_181_182_183_186_187_188_191_192_193_194_200_201_202_203_204_205_208_209_210_211_213_214_215_216_217_218_219_220_225_226_234_235_277_281_288 Fe^56      2.82e+09     53.65    358.53   1792.43   1418.22      0.00
5_6_11_12_13_14_15_16_17_18_19_20_21_22_23_24_25_26_27_28_29_30_31_32_33_34_35_36_37_38_39_40_41_42_43_44_45_46_47_48_49_50_51_52_53_54_55_56_57_58_59_60_61_62_63_64_65_66_67_68_69_70_71_72_73_74_75_76_77_78_79_80_81_82_83_84_85_86_87_88_89_90_91_92_93_94_95_96_97_98_99_100_101_102_103_104_105_106_107_108_109_110_111_112_113_114_115_116_117_118_119_120_121_122_123_124_125_126_127_128_129_130_131_132_133_134_135_136_137_138_139_140_141_142_143_144_145_146_147_148_149_150_151_152_153_154_155_156_157_158_159_160_161_162_163_164_165_166_167_168_169_170_171_172_173_174_175_176_177_178_179_180_181_182_183_184_185_186_187_188_189_190_191_192_193_194_196_197_198_199_200_201_202_203_204_205_206_207_208_209_210_211_212_213_214_215_216_217_218_219_220_224_225_226_227_228_229_234_235_236_237_244_245_277_278_279_280_281_282_283_284_285_286_287_288 Fe^56      2.82e+09     81.51    189.75   4692.38  -1096.43      0.00
0_1_2_3_4_5_6_7_8_9_10_11_12_13_14_15_16_17_18_19_20_21_22_23_24_25_26_27_28_29_30_31_32_33_34_35_36_37_38_39_40_41_42_43_44_45_46_47_48_49_50_51_52_53_54_55_56_57_58_59_60_61_62_63_64_65_66_67_68_69_70_71_72_73_74_75_76_77_78_79_80_81_82_83_84_85_86_87_88_89_90_91_92_93_94_95_96_97_98_99_100_101_102_103_104_105_106_107_108_109_110_111_112_113_114_115_116_117_118_119_120_121_122_123_124_125_126_127_128_129_130_131_132_133_134_135_136_137_138_139_140_141_142_143_144_145_146_147_148_149_150_151_152_153_154_155_156_157_158_159_160_161_162_163_164_165_166_167_168_169_170_171_172_173_174_175_176_177_178_179_180_181_182_183_184_185_186_187_188_189_190_191_192_193_194_195_196_197_198_199_200_201_202_203_204_205_206_207_208_209_210_211_212_213_214_215_216_217_218_219_220_221_222_223_224_225_226_227_228_229_230_231_232_233_234_235_236_237_238_239_240_241_242_243_244_245_246_247_248_249_250_251_252_253_254_255_256_257_258_259_260_261_262_263_264_265_266_267_268_269_270_272_273_274_275_277_278_279_280_281_282_283_284_285_286_287_288 Fe^56      2.82e+09     85.70    147.59     49.31  -2310.91      0.00
242_249_256_257_262_263_269_274_275 Fe^56      2.87e+09     57.75    260.37    438.12   5035.27      0.00
175_206_228_236_237 Fe^56      2.88e+09     48.21     51.80   5306.48   2051.31      0.00
0_1_2_3_5_6_7_8_9_10_11_12_13_14_15_16_17_18_19_20_21_22_23_24_25_26_27_28_29_30_31_32_33_34_35_36_37_38_39_40_41_42_43_44_45_46_47_48_49_50_51_52_53_54_55_56_57_58_59_60_61_62_63_64_65_66_67_68_69_70_71_72_73_74_75_76_77_78_79_80_81_82_83_84_85_86_87_88_89_90_91_92_93_94_95_96_97_98_99_100_101_102_103_104_105_106_107_108_109_110_111_112_113_114_115_116_117_118_119_120_121_122_123_124_125_126_127_128_129_130_131_132_133_134_135_136_137_138_139_140_141_142_143_144_145_146_147_148_149_150_151_152_153_154_155_156_157_158_159_160_161_162_163_164_165_166_167_168_169_170_171_172_173_174_175_176_177_178_179_180_181_182_183_184_185_186_187_188_189_190_191_192_193_194_195_196_197_198_199_200_201_202_203_204_205_206_207_208_209_210_211_212_213_214_215_216_217_218_219_220_221_222_223_224_225_226_227_228_229_230_231_232_233_234_235_236_237_238_239_240_241_242_243_244_245_246_247_248_249_250_251_252_253_254_255_256_257_258_259_260_261_262_263_264_265_266_267_268_269_270_271_272_273_274_275_276_277_278_279_280_281_282_283_284_285_286_287_288 Fe^56      2.93e+09     86.80    186.78  -5524.36   3932.32      0.00
54_80_111_112_175 Fe^56      2.96e+09     50.92    135.44   4592.26   -326.81      0.00
69_70_99_100_163_164_195 Fe^56      2.96e+09     62.25    357.37  -7729.30   -318.92      0.00
0_1_2_3_5_6_7_8_9_11_12_13_14_15_17_18_19_20_21_22_24_25_26_27_28_29_31_32_33_34_35_36_39_40_41_42_43_44_47_48_49_50_51_52_53_56_57_58_59_60_61_62_63_64_65_66_67_68_70_71_72_73_74_75_76_77_78_79_82_83_84_85_86_87_88_89_90_91_92_93_94_95_96_97_98_100_101_102_103_104_105_106_107_108_109_110_111_114_115_116_117_118_119_120_121_122_123_124_125_126_127_128_129_130_131_132_133_134_135_136_137_138_139_140_141_142_143_144_145_146_147_148_149_150_151_152_153_154_155_156_157_158_159_160_161_162_165_166_167_168_169_170_171_172_173_174_175_178_179_180_181_182_183_184_185_186_187_188_189_190_191_192_193_194_196_197_198_199_200_201_202_203_204_205_206_208_209_210_211_212_213_214_215_216_217_218_219_220_222_223_224_225_226_227_228_231_232_233_234_235_236_239_240_241_242_243_244_245_247_248_249_250_251_252_254_255_256_257_258_259_261_262_263_264_265_267_268_269_270_271_273_274_275_276_277_278_279_280_281_282_283_284_285_286_287_288 Fe^56      2.99e+09     82.87     68.82  -2761.32  -5995.97      0.00
241_248_249_255_256_257_262_263_264_268_269_270_274_275_276 Fe^56      2.90e+09     62.55     36.09   1177.72   6404.27      0.00
0_1_2_3_5_6_7_8_11_12_13_14_17_18_19_20_24_25_26_31_32_33_34_39_40_41_47_48_49_50_69_70_71_99_100_101_163_164_165_195_196_221_222_230_238 Fe^56      2.90e+09     81.28    307.41  -4171.81  -6478.55      0.00
3_8_9_14_20_21_27 Fe^56      3.03e+09     54.67    315.61   1160.23  -5703.39      0.00
35_43_44_51_52_53_57_58_59_62_63_64_66_67_68_75_76_77_78_79_84_85_86_87_90_91_92_96_97_98_106_107_108_109_110_111_117_118_119_124_125_126_131_132_133_134_139_140_141_146_147_148_149_154_155_156_161_162_171_172_173_174_175_176_182_183_188_193_194_203_204_205_206_216_226_227_228_229_235_236_237_243_244_245_251_252_259_277_278_279_280_282 Fe^56      3.06e+09     70.05    230.01   3244.47    650.20      0.00
45_53_54_80_81_111_112_113_176_177_206_207 Fe^56      3.08e+09     59.13    221.57   5432.03   -828.48      0.00
175_176_206_228_229_237_245 Fe^56      3.09e+09     56.13    245.17   5466.42   1360.76      0.00
0_5_6_11_12_17_18_24_25_26_31_32_33_39_40_41_47_48_49_50_56_60_61_65_69_70_71_72_73_74_82_83_88_89_93_94_95_99_100_101_102_103_104_105_114_115_116_120_121_122_123_127_128_129_130_135_136_137_138_142_143_144_145_150_151_152_153_157_158_159_160_163_164_165_166_167_168_169_170_178_179_180_181_184_185_186_189_190_191_192_195_196_197_198_199_200_201_202_208_209_210_212_213_214_215_217_218_219_220_221_222_223_224_225_230_231_232_233_234_238_239_240_241_242_246_247_248_249_253_254_255_256_257_260_261_262_263_266_267_268_269_270_272_273_274_275_281_283_284_285_286_287_288 Fe^56      3.09e+09     83.50    251.05  -6711.87   -199.93      0.00
16_23_29_30_36_37_38_44_45_53 Fe^56      3.00e+09     61.53    315.94   5265.34  -4372.68      0.00
24_31_32_39_40_47_48_69 Fe^56      3.12e+09     53.53    317.72  -5497.57  -2539.13      0.00
0_1_2_3_4_6_7_8_9_12_13_14_15_18_19_20_21_22_25_26_27_28_32_33_34_35_36_40_41_42_43_48_49_50_51_56_57_58_59_60_61_62_63_64_65_66_67_68_70_71_72_73_74_75_76_77_82_83_84_85_86_88_89_90_91_92_93_94_95_96_97_100_101_102_103_104_105_106_107_114_115_116_117_118_120_121_122_123_124_127_128_129_130_131_135_136_137_138_142_143_144_145_146_150_151_152_153_157_158_159_164_165_166_167_168_169_170_178_179_180_184_185_189_190_191_196_197_198_199_200_208_212_213_217_221_222_223_224_230_231_232_238_239_240_246_247_253_260_278_279_280_282_283_284_285_286_287 Fe^56      3.13e+09     77.08    117.24   -804.45  -4687.17      0.00
58_59_62_63_64_66_67_68_75_76_77_84_85_86_87_90_91_92_95_96_97_98_106_107_108_109_117_118_119_123_124_125_126_131_132_133_279_280_282 Fe^56      3.16e+09     38.43    187.15    502.17   -861.27      0.00
38_45_46_54_55_79_80_81_110_111_112_113_134_141_148_149_155_156_162_172_173_174_175_176_177_182_183_187_188_192_193_194_201_202_203_204_205_206_207_209_210_211_214_215_216_218_219_220_225_226_227_228_229_233_234_235_236_237_240_241_242_243_244_245_247_248_249_250_251_252_254_255_256_257_258_259_260_261_262_263_264_265_266_267_268_269_270_271_272_273_274_275_276_277_288 Fe^56      3.16e+09     81.32    144.23   5908.44   2281.50      0.00
39_40_41_42_43_44_45_46_47_48_49_50_51_52_53_54_55_56_57_58_59_60_61_62_63_64_65_66_67_68_69_70_71_72_73_74_75_76_77_78_79_80_81_82_83_84_85_86_87_88_89_90_91_92_93_94_95_96_97_98_99_100_101_102_103_104_105_106_107_108_109_110_111_112_113_114_115_116_117_118_119_120_121_122_123_124_125_126_127_128_129_130_131_132_133_134_135_136_137_138_139_140_141_142_143_144_145_146_147_148_149_150_151_152_153_154_155_156_157_158_159_160_161_162_163_164_165_166_167_168_169_170_171_172_173_174_175_176_177_178_179_180_181_182_183_184_185_186_187_188_189_190_191_192_193_194_195_196_197_198_199_200_201_202_203_204_205_206_207_208_209_210_211_212_213_214_215_216_217_218_219_220_221_222_223_224_225_226_227_228_229_230_231_232_233_234_235_236_237_238_239_240_241_242_243_244_245_246_247_248_249_250_251_252_253_254_255_256_257_258_259_260_261_262_263_264_265_266_267_268_269_270_271_272_273_274_275_276_277_278_279_280_281_282_283_284_285_286_287_288 Fe^56      3.16e+09     84.33    182.04  -3265.00   4475.92      0.00
52_56_57_58_59_60_61_62_63_64_65_66_67_68_72_73_74_75_76_77_78_82_83_84_85_86_87_88_89_90_91_92_93_94_95_96_97_98_102_103_104_105_106_107_108_109_110_114_115_116_117_118_119_120_121_122_123_124_125_126_127_128_129_130_131_132_133_134_135_136_137_138_139_140_141_142_143_144_145_146_147_148_149_150_151_152_153_154_155_156_157_158_159_160_161_162_165_166_167_168_169_170_171_172_173_174_178_179_180_181_182_183_184_185_186_187_188_189_190_191_192_193_194_196_197_198_199_200_201_202_203_204_208_209_210_211_212_213_214_215_216_217_218_219_220_222_223_224_225_230_231_232_233_234_238_239_240_241_246_247_248_253_254_255_260_261_266_277_278_279_280_281_282_283_284_285_286_287_288 Fe^56      3.28e+09     73.47    322.81  -3252.27   2952.50      0.00
42_51_56_60 Fe^56      3.29e+09     36.62    316.46   -727.04  -2081.49      0.00
0_1_2_3_4_5_6_7_8_9_10_11_12_13_14_15_16_17_18_19_20_21_22_23_24_25_26_27_28_29_30_31_32_33_34_35_36_37_38_39_40_41_42_43_44_45_46_48_49_50_51_52_53_54_55_56_57_58_59_60_61_62_63_64_65_66_67_68_71_72_73_74_75_76_77_78_79_80_81_82_83_84_85_86_87_88_89_90_91_92_93_94_95_96_97_98_102_103_104_105_106_107_108_109_110_111_112_113_114_115_116_117_118_119_120_121_122_123_124_125_126_127_128_129_130_131_132_133_134_135_136_137_138_139_140_141_142_143_144_145_146_147_148_149_150_151_152_153_154_155_156_157_158_159_160_161_162_168_169_170_171_172_173_174_175_176_177_179_180_181_182_183_185_186_187_188_191_192_193_194_201_202_203_204_205_206_207_211_216_227_228_229_236_237_245_277_278_279_280_281_282_283_284_285_286_287_288 Fe^56      3.20e+09     83.55     28.92   2007.16  -5005.31      0.00
0_5_6_11_12_17_18_19_24_25_26_31_32_33_39_40_41_47_48_49_50_60_69_70_71_72_73_82_88_93_99_100_101_102_103_104_114_115_120_121_127_128_129_135_136_142_143_144_150_151_157_158_163_164_165_166_167_168_178_179_184_189_190_195_196_197_198_199_200_208_212_213_217_221_222_223_224_230_231_232_233_238_239_240_241_246_247_248_249_253_254_255_256_260_261_262_266_267_268_272_273_274_285_286_287 Fe^56      3.32e+09     82.53    263.91  -5773.02   1320.67      0.00
0_1_2_3_4_5_6_7_8_9_10_11_12_13_14_15_16_18_19_20_21_22_23_25_26_27_28_29_30_32_33_34_35_36_37_38_40_41_42_43_44_45_46_49_50_51_52_53_54_55_56_57_58_59_60_61_62_63_64_65_66_67_68_71_72_73_74_75_76_77_78_79_80_81_82_83_84_85_86_87_88_89_90_91_92_93_94_95_96_97_98_101_102_103_104_105_106_107_108_109_110_111_112_114_115_116_117_118_119_120_121_122_123_124_125_126_127_128_129_130_131_132_133_134_135_136_137_138_139_140_141_142_143_144_145_146_147_148_149_150_151_152_153_154_155_156_157_158_159_160_161_162_165_166_167_168_169_170_171_172_173_174_175_176_178_179_180_181_182_183_184_185_186_187_188_189_190_191_192_193_194_197_198_199_200_201_202_203_204_205_206_207_208_209_210_211_212_213_214_215_216_217_218_219_220_223_224_225_226_227_228_229_231_232_233_234_235_236_237_239_240_241_242_243_244_245_247_248_249_250_251_252_254_255_256_257_258_259_260_261_262_263_264_265_266_267_268_269_270_271_272_273_274_275_276_277_278_279_280_281_282_283_284_285_286_287_288 Fe^56      3.35e+09     83.21    265.03   1047.78  -4364.09      0.00
1_2_3_6_7_8_9_13_14_15_16_20_21_22_28_29_36 Fe^56      3.41e+09     64.49     23.23   1981.18  -5502.82      0.00
23_30_37_38_45_46_53_54_55_79_80_81_111_112_174_175_176_205_206_227_228_235_236_237_243_244_251_252_258_265 Fe^56      3.42e+09     66.92    101.89   4358.87   1588.41      0.00
0_1_2_5_6_7_11_12_13_17_18_19_20_24_25_26_27_31_32_33_34_39_40_41_42_43_47_48_49_50_51_56_57_58_59_60_61_62_63_64_65_66_67_68_69_70_71_72_73_74_75_76_77_82_83_84_85_86_88_89_90_91_92_93_94_95_96_97_100_101_102_103_104_105_106_107_108_114_115_116_117_118_120_121_122_123_124_125_127_128_129_130_131_132_133_135_136_137_138_139_140_142_143_144_145_146_147_148_150_151_152_153_154_155_157_158_159_160_161_162_164_165_166_167_168_169_170_171_172_178_179_180_181_182_183_184_185_186_187_188_189_190_191_192_193_194_195_196_197_198_199_200_201_202_203_208_209_210_211_212_213_214_215_216_217_218_219_220_221_222_223_224_225_230_231_232_233_234_238_239_240_241_242_246_247_248_249_253_254_255_256_260_261_262_263_266_267_268_269_272_273_274_277_278_279_280_281_282_283_284_285_286_287_288 Fe^56      3.45e+09     79.06    270.47  -3015.17     98.16      0.00
207_229_237_245 Fe^56      3.48e+09     49.14    296.05   6552.50   2069.69      0.00
0_1_2_3_4_5_6_7_8_9_10_11_12_13_14_15_16_18_19_20_21_22_23_25_26_27_28_29_30_33_34_35_36_37_38_41_42_43_44_45_46_50_51_52_53_54_55_56_57_58_59_60_61_62_63_64_65_66_67_68_73_74_75_76_77_78_79_80_81_82_83_84_85_86_87_88_89_90_91_92_93_94_95_96_97_98_104_105_106_107_108_109_110_111_112_113_114_115_116_117_118_119_121_122_123_124_125_126_129_130_131_132_133_134_136_137_138_139_140_141_144_145_146_147_148_149_152_153_154_155_156_159_160_161_162_169_170_171_172_173_174_175_176_177_180_181_182_183_186_187_188_191_192_193_194_201_202_203_204_205_206_207_210_211_215_216_219_220_226_227_228_229_235_236_237_243_244_245_251_252_258_259_265_271_277_278_279_280_281_282_283_284_287_288 Fe^56      3.48e+09     84.10    230.03   3908.87  -5092.25      0.00
4_9_10_15_16_21_22_23_28_29_30_35_36_37_38_43_44_45_52_53_54_58_59_63_64_67_68_76_77_78_79_80_85_86_87_91_92_96_97_98_107_108_109_110_111_117_118_119_123_124_125_126_131_132_133_134_138_139_140_141_146_147_148_149_153_154_155_156_160_161_162_170_171_172_173_174_175_181_182_183_186_187_188_192_193_194_201_202_203_204_205_210_211_214_215_216_218_219_220_225_226_227_234_235_242_243_249_250_251_256_257_263_277_278_279_280_281_288 Fe^56      3.49e+09     71.45    104.17   2556.47   -201.62      0.00
5_6_11_12_13_17_18_19_20_24_25_26_27_28_31_32_33_34_35_36_40_41_42_43_44_45_48_49_50_51_52_53_54_56_57_58_59_60_61_62_63_64_65_66_67_68_71_72_73_74_75_76_77_78_79_80_81_82_83_84_85_86_87_88_89_90_91_92_93_94_95_96_97_98_102_103_104_105_106_107_108_109_110_111_112_113_114_115_116_117_118_119_120_121_122_123_124_125_126_127_128_129_130_131_132_133_134_135_136_137_138_139_140_141_142_143_144_145_146_147_148_149_150_151_152_153_154_155_156_157_158_159_160_161_162_166_167_168_169_170_171_172_173_174_175_176_177_178_179_180_181_182_183_184_185_186_187_188_189_190_191_192_193_194_198_199_200_201_202_203_204_205_206_207_208_209_210_211_212_213_214_215_216_217_218_219_220_225_226_227_228_229_234_235_236_237_243_244_245_250_251_252_258_259_265_277_278_279_280_281_282_283_284_285_286_287_288 Fe^56      3.52e+09     77.35    213.61   2649.92    115.75      0.00
0_1_2_5_6_7_8_11_12_13_14_15_17_18_19_20_21_22_24_25_26_27_28_29_31_32_33_34_35_36_37_39_40_41_42_43_44_45_46_47_48_49_50_51_52_53_54_55_56_57_58_59_60_61_62_63_64_65_66_67_68_69_70_71_72_73_74_75_76_77_78_79_80_81_82_83_84_85_86_87_88_89_90_91_92_93_94_95_96_97_98_99_100_101_102_103_104_105_106_107_108_109_110_111_112_113_114_115_116_117_118_119_120_121_122_123_124_125_126_127_128_129_130_131_132_133_134_135_136_137_138_139_140_141_142_143_144_145_146_147_148_149_150_151_152_153_154_155_156_157_158_159_160_161_162_163_164_165_166_167_168_169_170_171_172_173_174_175_176_177_178_179_180_181_182_183_184_185_186_187_188_189_190_191_192_193_194_195_196_197_198_199_200_201_202_203_204_205_206_207_208_209_210_211_212_213_214_215_216_217_218_219_220_221_222_223_224_225_226_227_228_229_230_231_232_233_234_235_236_237_238_239_240_241_242_243_244_245_246_247_248_249_250_251_252_253_254_255_256_257_258_259_260_261_262_263_264_265_266_267_268_269_270_271_272_273_274_275_276_277_278_279_280_281_282_283_284_285_286_287_288 Fe^56      3.55e+09     85.62     39.38  -2216.98   1639.10      0.00
0_1_2_3_5_6_7_8_11_12_13_14_17_18_19_20_24_25_26_27_31_32_33_34_39_40_41_42_47_48_49_50_69_70_71_72_99_100_101_102_163_164_165_166_195_196_197_221_222_223_230_231_238_246 Fe^56      3.56e+09     78.87    119.04  -2989.85  -5527.33      0.00
48_70_100_101_164_165_196_197_222_223_231 Fe^56      3.50e+09     56.75    244.20  -4897.70    -17.60      0.00
39_47_48_69_70_71_99_100_101_102_127_135_142_150_157_163_164_165_166_167_168_178_179_184_185_189_190_195_196_197_198_199_200_208_209_212_213_214_217_218_219_221_222_223_224_225_230_231_232_233_234_238_239_240_241_242_243_246_247_248_249_250_253_254_255_256_257_258_260_261_262_263_264_265_267_268_269_270_271_272_273_274_275_276_285 Fe^56      3.65e+09     75.70    220.55  -4974.16   1325.82      0.00
12_18_19_25_26_33_34_41_50 Fe^56      3.78e+09     52.84     68.95  -2097.64  -3508.50      0.00
2_7_8_13_14_20_21_26_27_28_34_35_36_42_43_44_50_51_52_53_56_57_58_59_60_61_62_63_64_65_66_67_68_72_73_74_75_76_77_78_79_82_83_84_85_86_87_88_89_90_91_92_93_94_95_96_97_98_103_104_105_106_107_108_109_110_111_114_115_116_117_118_119_120_121_122_123_124_125_126_127_128_129_130_131_132_133_134_135_136_137_138_139_140_141_142_143_144_145_146_147_148_149_150_151_152_153_154_155_156_157_158_159_160_161_162_167_168_169_170_171_172_173_174_175_178_179_180_181_182_183_184_185_186_187_188_189_190_191_192_193_194_198_199_200_201_202_203_204_205_208_209_210_211_212_213_214_215_216_217_218_219_220_224_225_226_227_233_234_235_236_241_242_243_244_248_249_250_251_252_255_256_257_258_259_262_263_264_265_268_269_270_271_274_275_276_277_278_279_280_281_282_283_284_285_286_287_288 Fe^56      3.81e+09     77.76    261.99   2025.39   5622.60      0.00
57_58_61_62_65_66_67_74_75_76_83_84_85_88_89_90_91_94_95_96_104_105_106_107_115_116_117_121_122_123_129_130_131_137_138_280_282_284_287 Fe^56      3.82e+09     33.32    119.66   -263.66   -614.85      0.00
3_4_8_9_10_13_14_15_16_19_20_21_22_23_25_26_27_28_29_30_32_33_34_35_36_37_38_39_40_41_42_43_44_45_46_47_48_49_50_51_52_53_54_55_56_57_58_59_60_61_62_63_64_65_66_67_68_69_70_71_72_73_74_75_76_77_78_79_80_81_82_83_84_85_86_87_88_89_90_91_92_93_94_95_96_97_98_99_100_101_102_103_104_105_106_107_108_109_110_111_112_113_114_115_116_117_118_119_120_121_122_123_124_125_126_127_128_129_130_131_132_133_134_135_136_137_138_139_140_141_142_143_144_145_146_147_148_149_150_151_152_153_154_155_156_157_158_159_160_161_162_163_164_165_166_167_168_169_170_171_172_173_174_175_176_177_178_179_180_181_182_183_184_185_186_187_188_189_190_191_192_193_194_195_196_197_198_199_200_201_202_203_204_205_206_207_208_209_210_211_212_213_214_215_216_217_218_219_220_221_222_223_224_225_226_227_228_229_230_231_232_233_234_235_236_237_238_239_240_241_242_243_244_245_246_247_248_249_250_251_252_253_254_255_256_257_258_259_260_261_262_263_264_265_266_267_268_269_270_271_272_273_274_275_276_277_278_279_280_281_282_283_284_285_286_287_288 Fe^56      3.89e+09     84.63    325.71   6219.67  -1814.11      0.00
239_240_241_247_248_249_254_255_256_257_260_261_262_263_264_267_268_269_270_273_274_275_276 Fe^56      3.91e+09     70.33    215.88    -11.82   6650.40      0.00
14_15_16_20_21_22_23_26_27_28_29_30_34_35_36_37_38_42_43_44_45_52_53 Fe^56      3.94e+09     65.43    358.85   3782.58  -3973.31      0.00
58_59_63_64_67_68_76_77_85_86_87_91_92_280 Fe^56      3.95e+09     32.39    350.35    850.73  -1302.56      0.00
3_8_9_14_15_21 Fe^56      3.95e+09     48.82    262.10   1780.64  -6435.60      0.00
239_240_241_246_247_248_249_254_255_256_257_261_262_263_268_269 Fe^56      3.98e+09     62.61     14.28   -911.32   4860.14      0.00
39_47_48_69_70_99_100_101_163_164_165_166_195_196_197_221_222_223_224_230_231_232_238_239_240_241_246_247_248_249_253_254_255_256_260_261_262_263_266_267_268_269_272_273_274_275 2212       3.18e+07     78.17    236.16  -2684.61   5466.23      0.00
224_233_241_242_249 2212       3.29e+07     61.49     31.91   -596.16   3025.47      0.00
98_108_109_119_125_126_133_134_140_141_148_149_155_156_162_173_183_204 2212       3.33e+07     49.82    260.35   1444.49    -19.44      0.00
4_10_16_22_23_29_30_37_38_45_46_53_54_55_80_81_111_112_113_175_176_177_206_207_228_229_237_245_252 2212       3.38e+07     76.60     80.69   6424.36  -1560.29      0.00
53_54_55_56_57_58_59_60_61_62_63_64_65_66_67_68_71_72_73_74_75_76_77_78_79_80_81_82_83_84_85_86_87_88_89_90_91_92_93_94_95_96_97_98_100_101_102_103_104_105_106_107_108_109_110_111_112_113_114_115_116_117_118_119_120_121_122_123_124_125_126_127_128_129_130_131_132_133_134_135_136_137_138_139_140_141_142_143_144_145_146_147_148_149_150_151_152_153_154_155_156_157_158_159_160_161_162_163_164_165_166_167_168_169_170_171_172_173_174_175_176_177_178_179_180_181_182_183_184_185_186_187_188_189_190_191_192_193_194_195_196_197_198_199_200_201_202_203_204_205_206_207_208_209_210_211_212_213_214_215_216_217_218_219_220_221_222_223_224_225_226_227_228_229_230_231_232_233_234_235_236_237_238_239_240_241_242_243_244_245_246_247_248_249_250_251_252_253_254_255_256_257_258_259_277_278_279_280_281_282_283_284_285_286_287_288 2212       3.37e+07     78.97    175.60   1820.22   1683.03      0.00
88_89_93_94_95_104_105_106_114_115_116_117_121_122_123_128_129_130_131_136_137_138_139_144_145_146_151_152_153_158_159_160_278_283_284_286_287 2212       3.38e+07     46.99    202.65   -463.01   -174.42      0.00
185_190_191_199_200_201_208_209_212_213_214_217_218_281 2212       3.39e+07     37.23    341.57   -488.68   1174.27      0.00
80_81_110_111_112_113_126_133_134_140_141_146_147_148_149_153_154_155_156_159_160_161_162_168_169_170_171_172_173_174_175_176_177_178_179_180_181_182_183_184_185_186_187_188_189_190_191_192_193_194_198_199_200_201_202_203_204_205_206_207_208_209_210_211_212_213_214_215_216_217_218_219_220_223_224_225_226_227_228_229_231_232_233_234_235_236_237_239_240_241_242_243_244_245_246_247_248_249_250_251_253_254_255_256_277_281_283_288 2212       3.42e+07     75.64    345.03   5374.14   1254.74      0.00
45_46_52_53_54_55_56_57_58_59_60_61_62_63_64_65_66_67_68_72_73_74_75_76_77_78_79_80_81_82_83_84_85_86_87_88_89_90_91_92_93_94_95_96_97_98_102_103_104_105_106_107_108_109_110_111_112_113_114_115_116_117_118_119_120_121_122_123_124_125_126_127_128_129_130_131_132_133_134_135_136_137_138_139_140_141_142_143_144_145_146_147_148_149_150_151_152_153_154_155_156_157_158_159_160_161_162_165_166_167_168_169_170_171_172_173_174_175_176_177_178_179_180_181_182_183_184_185_186_187_188_189_190_191_192_193_194_196_197_198_199_200_201_202_203_204_205_206_207_208_209_210_211_212_213_214_215_216_217_218_219_220_222_223_224_225_226_227_228_229_231_232_233_234_235_236_237_277_278_279_280_281_282_283_284_285_286_287_288 2212       3.43e+07     75.87    351.54   6796.67   -151.24      0.00
58_59_62_63_64_66_67_68_75_76_77_84_85_86_87_90_91_92_95_96_97_98_106_107_108_109_116_117_118_119_123_124_125_126_130_131_132_133_134_138_139_140_141_146_147_148_149_153_154_155_156_160_161_162_170_171_172_173_181_182_183_186_187_188_192_193_194_202_203_204_210_211_215_216_220_226_235_277_278_279_280_282_288 2212       3.45e+07     64.14    243.80   1057.62    507.52      0.00
11_17_24_31 2212       3.46e+07     57.27    319.60  -5024.51  -4407.69      0.00
77_78_86_87_91_92_97_98_107_108_109_117_118_119_124_125_126_132_133_134_139_140_141_147_148_278_279 2212       3.52e+07     48.65    170.34   1043.16   -452.96      0.00
16_22_23_28_29_30_35_36_37_38_42_43_44_45_51_52_53_56_57_58_59_60_61_62_63_64_65_66_67_68_72_73_74_75_76_77_78_79_82_83_84_85_86_87_88_89_90_91_92_93_94_95_96_97_98_102_103_104_105_106_107_108_109_110_114_115_116_117_118_119_120_121_122_123_124_125_126_127_128_129_130_131_132_133_134_135_136_137_138_139_140_141_142_143_144_145_146_147_148_149_150_151_152_153_154_155_156_157_158_159_160_161_162_166_167_168_169_170_171_172_173_178_179_180_181_182_183_184_185_186_187_188_189_190_191_192_193_194_197_198_199_200_201_202_203_204_208_209_210_211_212_213_214_215_216_217_218_219_220_222_223_224_225_231_232_233_238_239_240_246_247_253_277_278_279_280_281_282_283_284_285_286_287_288 2212       3.53e+07     74.71    139.71   -799.71    299.50      0.00
0_1_2_3_4_5_6_7_8_9_10_11_12_13_14_15_16_17_18_19_20_21_22_23_24_25_26_27_28_29_30_31_32_33_34_35_36_37_39_40_41_42_43_44_45_47_48_49_50_51_52_53_56_57_58_59_60_61_62_63_64_65_66_67_68_69_70_71_72_73_74_75_76_77_78_79_82_83_84_85_86_87_88_89_90_91_92_93_94_95_96_97_98_99_100_101_102_103_104_105_106_107_108_109_110_114_115_116_117_118_119_120_121_122_123_124_125_126_127_128_129_130_131_132_133_134_135_136_137_138_139_140_141_142_143_144_145_146_147_148_149_150_151_152_153_154_155_156_157_158_159_160_161_162_163_164_165_166_167_168_169_170_171_172_173_174_178_179_180_181_182_183_184_185_186_187_188_189_190_191_192_193_194_195_196_197_198_199_200_201_202_203_204_208_209_210_211_212_213_214_215_216_217_218_219_220_221_222_223_224_225_226_230_231_232_233_234_238_239_240_241_242_246_247_248_249_253_254_255_260_261_262_266_267_272_273_277_278_279_280_281_282_283_284_285_286_287_288 2212       3.53e+07     84.11    307.09  -4326.08  -1129.51      0.00
196_222_230_231 2212       3.58e+07     58.36     67.35  -5264.43   2166.07      0.00
0_1_2_3_4_5_6_7_8_9_10_12_13_14_15_16_18_19_20_21_22_23_26_27_28_29_30_34_35_36_37_38_42_43_44_45_46_51_52_53_54_55_57_58_59_61_62_63_64_66_67_68_75_76_77_78_79_80_81_85_86_87_90_91_92_96_97_98_107_108_109_110_111_112_113_118_119_124_125_126_132_133_134_140_141_148_149_155_156_162_173_174_175_176_177_204_205_206_207_227_228_229_236_237_244_245_252_259_279_280 2212       3.59e+07     81.32     53.95    862.82  -6755.71      0.00
79_80_110_111_112_174_175_176_177_205_206_207 2212       3.62e+07     69.06     13.49   6029.06    420.84      0.00
0_1_2_3_4_5_6_7_8_9_10_11_12_13_14_15_16_17_18_19_20_21_22_23_24_25_26_27_28_29_30_31_32_33_34_35_36_37_38_39_40_41_42_43_44_45_46_47_48_49_50_51_52_53_54_55_56_57_58_59_60_61_62_63_64_65_66_67_68_69_70_71_72_73_74_75_76_77_78_79_80_81_82_83_84_85_86_87_88_89_90_91_92_93_94_95_96_97_98_99_100_101_102_103_104_105_106_107_108_109_110_111_112_113_114_115_116_117_118_119_120_121_122_123_124_125_126_127_128_129_130_131_132_133_134_135_136_137_138_139_140_141_142_143_144_145_146_147_148_149_150_151_152_153_154_155_156_157_158_159_160_161_162_163_164_165_166_167_168_169_170_171_172_173_174_175_176_177_178_179_180_181_182_183_184_185_186_187_188_189_190_191_192_193_194_195_196_197_198_199_200_201_202_203_204_205_206_207_208_209_210_211_212_213_214_215_216_217_218_219_220_221_222_223_224_225_226_227_228_229_230_231_232_233_234_235_236_237_238_239_240_241_242_243_244_245_246_247_248_249_250_251_252_253_254_255_256_257_258_259_260_261_262_263_264_265_266_267_268_269_270_271_272_273_274_275_276_277_278_279_280_281_282_283_284_285_286_287_288 2212       3.64e+07     85.89     23.59     14.69   1654.51      0.00
16_23_30_37_38_45_46_54_55_80_81_111_112_176_206 2212       3.65e+07     70.47     87.56   5658.10  -1672.71      0.00
41_42_43_49_50_51_52_56_57_58_59_60_61_62_63_64_65_66_67_68_72_73_74_75_76_77_78_79_82_83_84_85_86_87_88_89_90_91_92_93_94_95_96_97_98_103_104_105_106_107_108_109_110_114_115_116_117_118_119_122_123_124_125_126_130_131_132_133_134_139_140_141_149_278_279_280_282_284_287 2212       3.66e+07     68.34     12.45    584.79  -1370.28      0.00
0_1_2_3_4_5_6_7_8_9_10_11_12_13_14_15_16_17_18_19_20_21_22_23_24_25_26_27_28_29_30_31_32_33_34_35_36_37_38_39_40_41_42_43_44_45_46_47_48_49_50_51_52_53_54_55_56_57_58_59_60_61_62_63_64_65_66_67_68_69_70_71_72_73_74_75_76_77_78_79_80_81_82_83_84_85_86_87_88_89_90_91_92_93_94_95_96_97_98_99_100_101_102_103_104_105_106_107_108_109_110_111_112_113_114_115_116_117_118_119_120_121_122_123_124_125_126_127_128_129_130_131_132_133_134_135_136_137_138_139_140_141_142_143_144_145_146_147_148_149_150_151_152_153_154_155_156_157_158_159_160_161_162_163_164_165_166_167_168_169_170_171_172_173_174_175_176_177_178_179_180_181_182_183_184_185_186_187_188_189_190_191_192_193_194_195_196_197_198_199_200_201_202_203_204_205_206_207_208_209_210_211_212_213_214_215_216_217_218_219_220_221_222_223_224_225_226_227_228_229_230_231_232_233_234_235_236_237_238_239_240_241_242_243_244_245_246_247_248_249_250_251_252_253_254_255_256_257_258_259_260_261_262_263_264_265_266_267_268_269_270_271_272_273_274_275_276_277_278_279_280_281_282_283_284_285_286_287_288 2212       3.60e+07     86.44     62.16   5267.47   2017.60      0.00
11_12_13_17_18_19_20_21_22_24_25_26_27_28_29_30_31_32_33_34_35_36_37_38_39_40_41_42_43_44_45_46_47_48_49_50_51_52_53_54_55_56_57_58_59_60_61_62_63_64_65_66_67_68_69_70_71_72_73_74_75_76_77_78_79_80_81_82_83_84_85_86_87_88_89_90_91_92_93_94_95_96_97_98_99_100_101_102_103_104_105_106_107_108_109_110_111_112_113_114_115_116_117_118_119_120_121_122_123_124_125_126_127_128_129_130_131_132_133_134_135_136_137_138_139_140_141_142_143_144_145_146_147_148_149_150_151_152_153_154_155_156_157_158_159_160_161_162_163_164_165_166_167_168_169_170_171_172_173_174_175_176_177_178_179_180_181_182_183_184_185_186_187_188_189_190_191_192_193_194_195_196_197_198_199_200_201_202_203_204_205_206_207_208_209_210_211_212_213_214_215_216_217_218_219_220_221_222_223_224_225_226_227_228_229_230_231_232_233_234_235_236_237_238_239_240_241_242_243_244_245_246_247_248_249_250_251_252_253_254_255_256_257_258_259_260_261_262_263_264_265_266_267_268_269_270_271_272_273_274_275_276_277_278_279_280_281_282_283_284_285_286_287_288 2212       3.70e+07     84.30      4.21  -4300.32   1355.33      0.00
11_17_18_24_25_26_31_32_33_34_39_40_41_42_47_48_49_50_51_56_57_58_59_60_61_62_63_64_65_66_67_68_69_70_71_72_73_74_75_76_77_78_82_83_84_85_86_87_88_89_90_91_92_93_94_95_96_97_98_99_100_101_102_103_104_105_106_107_108_109_110_114_115_116_117_118_119_120_121_122_123_124_125_126_127_128_129_130_131_132_133_134_135_136_137_138_139_140_141_142_143_144_145_146_147_148_149_150_151_152_153_154_155_156_157_158_159_160_161_162_163_164_165_166_167_168_169_170_171_172_173_174_175_178_179_180_181_182_183_184_185_186_187_188_189_190_191_192_193_194_195_196_197_198_199_200_201_202_203_204_205_208_209_210_211_212_213_214_215_216_217_218_219_220_221_222_223_224_225_226_227_228_230_231_232_233_234_235_236_237_238_239_240_241_242_243_244_245_246_247_248_249_250_251_252_253_254_255_256_257_258_259_260_261_262_263_264_265_266_267_268_269_270_271_272_273_274_275_276_277_278_279_280_281_282_283_284_285_286_287_288 2212       3.82e+07     83.45    219.79  -5289.15   1031.97      0.00
0_1_2_5_6_7_8_11_12_13_14_17_18_19_20_21_24_25_26_27_28_31_32_33_34_35_36_39_40_41_42_43_44_45_47_48_49_50_51_52_53_54_56_57_58_59_60_61_62_63_64_65_66_67_68_69_70_71_72_73_74_75_76_77_78_79_80_82_83_84_85_86_87_88_89_90_91_92_93_94_95_96_97_98_99_100_101_102_103_104_105_106_107_108_109_110_111_112_114_115_116_117_118_119_120_121_122_123_124_125_126_127_128_129_130_131_132_133_134_135_136_137_138_139_140_141_142_143_144_145_146_147_148_149_150_151_152_153_154_155_156_157_158_159_160_161_162_163_164_165_166_167_168_169_170_171_172_173_174_175_176_178_179_180_181_182_183_184_185_186_187_188_189_190_191_192_193_194_195_196_197_198_199_200_201_202_203_204_205_206_207_208_209_210_211_212_213_214_215_216_217_218_219_220_221_222_223_224_225_226_227_228_229_230_231_232_233_234_235_236_237_238_239_240_241_242_243_244_245_246_247_248_249_250_251_252_253_254_255_256_257_258_259_260_261_262_263_264_265_266_267_268_269_270_271_272_273_274_275_276_277_278_279_280_281_282_283_284_285_286_287_288 2212       3.82e+07     86.54    229.35  -4226.23   4228.45      0.00
91_96_97_106_107_116_117_118_123_124_125_130_131_132_138_139_140_145_146_147_153_154_155_159_160_161_170_171_172_180_181_182_186_187_188_192_193_201_202_203_210_211_215_277_278_279_281_288 2212       3.87e+07     51.76    265.18    340.33    150.74      0.00
0_1_2_3_5_6_7_8_11_12_13_14_17_18_19_20_21_24_25_26_27_31_32_33_34_35_39_40_41_42_47_48_49_50_51_56_57_60_61_62_65_66_69_70_71_72_73_74_75_82_83_84_88_89_93_94_95_99_100_101_102_103_104_105_114_115_120_121_122_127_128_129_135_136_137_142_143_144_150_151_157_158_163_164_165_166_167_168_178_184_189_195_196_197_198_199_221_222_223_224_230_231_232_238_239_240_246_247_253_254_260_266_282_284_285_286_287 2212       3.89e+07     81.66    295.71  -3422.15  -5034.54      0.00
185_190_191_200_201_208_209_213_214_217_218_219_225_281 2212       3.94e+07     49.65    263.61   -310.37   1392.67      0.00
87_92_98_108_119 2212       3.98e+07     34.59    143.36   1023.70   -596.43      0.00
60_72_73_82_83_88_93_94_102_103_104_114_115_120_121_122_127_128_129_135_136_137_142_143_144_150_151_152_157_158_159_166_167_168_169_178_179_180_184_185_189_190_191_198_199_200_208_209_212_213_217_218_224_225_232_233_240_241_247_248_249_254_255_256_261_262_267_268_273_283_285_286_287 2212       3.90e+07     71.50    270.53  -1702.59   2966.45      0.00
3_4_8_9_10_14_15_16_20_21_22_23_27_28_29_30_34_35_36_37_38_42_43_44_45_46_50_51_52_53_54_55_56_57_58_59_60_61_62_63_64_65_66_67_68_72_73_74_75_76_77_78_79_80_81_82_83_84_85_86_87_88_89_90_91_92_93_94_95_96_97_98_102_103_104_105_106_107_108_109_110_111_112_113_114_115_116_117_118_119_120_121_122_123_124_125_126_127_128_129_130_131_132_133_134_135_136_137_138_139_140_141_142_143_144_145_146_147_148_149_150_151_152_153_154_155_156_157_158_159_160_161_162_166_167_168_169_170_171_172_173_174_175_176_177_178_179_180_181_182_183_184_185_186_187_188_189_190_191_192_193_194_197_198_199_200_201_202_203_204_205_206_207_208_209_210_211_212_213_214_215_216_217_218_219_220_223_224_225_226_227_228_229_231_232_233_234_235_236_237_239_240_241_242_243_244_245_246_247_248_249_250_251_252_253_254_255_256_257_258_259_260_261_262_263_264_265_266_267_268_269_270_271_272_273_274_275_276_277_278_279_280_281_282_283_284_285_286_287_288 2212       4.05e+07     84.21    120.02   1588.88   5572.04      0.00
0_1_2_3_4_5_6_7_8_9_10_11_12_13_14_15_16_17_18_19_20_21_22_23_24_25_26_27_28_29_30_31_32_33_34_35_36_37_38_39_40_41_42_43_44_45_46_47_48_49_50_51_52_53_54_55_56_57_58_59_60_61_62_63_64_65_66_67_68_69_70_71_72_73_74_75_76_77_78_79_80_81_82_83_84_85_86_87_88_89_90_91_92_93_94_95_96_97_98_99_100_101_102_103_104_105_106_107_108_109_110_111_112_113_114_115_116_117_118_119_120_121_122_123_124_125_126_127_128_129_130_131_132_133_134_135_136_137_138_139_140_141_142_143_144_145_146_147_148_149_150_151_152_153_154_155_156_157_158_159_160_161_162_163_164_165_166_167_168_169_170_171_172_173_174_175_176_177_178_179_180_181_182_183_184_185_186_187_188_189_190_191_192_193_194_195_196_197_198_199_200_201_202_203_204_205_206_207_208_209_210_211_212_213_214_215_216_217_218_219_220_221_222_223_224_225_226_227_228_229_230_231_232_233_234_235_236_237_238_239_240_241_242_243_244_245_246_247_248_249_250_251_252_253_254_255_256_257_258_259_260_261_262_263_264_265_266_267_268_269_270_271_272_273_274_275_276_277_278_279_280_281_282_283_284_285_286_287_288 2212       4.06e+07     86.92    295.22   3437.77   1557.51      0.00
0_1_2_3_4_5_6_7_8_9_10_11_12_13_14_15_16_17_18_19_20_21_22_23_24_25_26_27_28_29_30_31_32_33_34_35_36_37_38_39_40_41_42_43_44_45_46_47_48_49_50_51_52_53_54_55_56_57_58_59_60_61_62_63_64_65_66_67_68_69_70_71_72_73_74_75_76_77_78_79_80_81_82_83_84_85_86_87_88_89_90_91_92_93_94_95_96_97_98_99_100_101_102_103_104_105_106_107_108_109_110_111_112_113_114_115_116_117_118_119_120_121_122_123_124_125_126_127_128_129_130_131_132_133_134_135_136_137_138_139_140_141_142_143_144_145_146_147_148_149_150_151_152_153_154_155_156_157_158_159_160_161_162_163_164_165_166_167_168_169_170_171_172_173_174_175_176_177_178_179_180_181_182_183_184_185_186_187_188_189_190_191_192_193_194_195_196_197_198_199_200_201_202_203_204_205_206_207_208_209_210_211_212_213_214_215_216_217_218_219_220_221_222_223_224_225_226_227_228_229_230_231_232_233_234_235_236_237_238_239_240_241_242_243_244_245_246_247_248_249_250_251_252_253_254_255_256_257_258_259_260_261_262_263_264_265_268_269_270_271_275_276_277_278_279_280_281_282_283_284_285_286_287_288 2212       4.24e+07     86.81    188.92   3690.77  -4239.75      0.00
24_31_32_33_39_40_41_42_47_48_49_50_51_52_56_57_58_59_60_61_62_63_64_65_66_67_68_69_70_71_72_73_74_75_76_77_78_79_82_83_84_85_86_87_88_89_90_91_92_93_94_95_96_97_98_99_100_101_102_103_104_105_106_107_108_109_110_111_114_115_116_117_118_119_120_121_122_123_124_125_126_127_128_129_130_131_132_133_134_135_136_137_138_139_140_141_142_143_144_145_146_147_148_149_150_151_152_153_154_155_156_157_158_159_160_161_162_165_166_167_168_169_170_171_172_173_174_175_176_178_179_180_181_182_183_184_185_186_187_188_189_190_191_192_193_194_197_198_199_200_201_202_203_204_205_206_208_209_210_211_212_213_214_215_216_217_218_219_220_225_226_227_228_229_234_235_236_237_277_278_279_280_281_282_283_284_285_286_287_288 2212       4.28e+07     75.25    198.32  -4112.13  -1498.70      0.00
0_1_2_3_4_5_6_7_8_9_10_11_12_13_14_15_16_17_18_19_20_21_22_23_24_25_26_27_28_29_30_31_32_33_34_35_36_37_38_39_40_41_42_43_44_45_46_47_48_49_50_51_52_53_54_55_56_57_58_59_60_61_62_63_64_65_66_67_68_69_70_71_72_73_74_75_76_77_78_79_80_81_82_83_84_85_86_87_88_89_90_91_92_93_94_95_96_97_98_99_100_101_102_103_104_105_106_107_108_109_110_111_112_113_114_115_116_117_118_119_120_121_122_123_124_125_126_127_128_129_130_131_132_133_134_135_136_137_138_139_140_141_142_143_144_145_146_147_148_149_150_151_152_153_154_155_156_157_158_159_160_161_162_163_164_165_166_167_168_169_170_171_172_173_174_175_176_177_178_179_180_181_182_183_184_185_186_187_188_189_190_191_192_193_194_195_196_197_198_199_200_201_202_203_204_205_206_207_208_209_210_211_212_213_214_215_216_217_218_219_220_221_222_223_224_225_226_227_228_229_230_231_232_233_234_235_236_237_238_239_240_241_242_243_244_245_246_247_248_249_250_251_252_253_254_255_256_257_258_259_260_261_262_263_264_265_266_267_268_269_270_271_272_273_274_275_276_277_278_279_280_281_282_283_284_285_286_287_288 2212       4.28e+07     87.02     62.43  -2273.49   2616.44      0.00
123_124_130_131_132_138_139_145_146_147_153_154_155_159_160_161_162_170_171_172_180_181_182_183_186_187_188_191_192_193_194_201_202_203_209_210_211_214_215_216_219_220_277_278_281_283_288 2212       4.32e+07     57.26     62.37    616.16   1127.93      0.00
0_1_2_3_4_5_6_7_8_9_10_11_12_13_14_15_16_17_18_19_20_21_22_23_24_25_26_27_28_29_30_31_32_33_34_35_36_37_38_39_40_41_42_43_44_45_46_47_48_49_50_51_52_53_54_55_56_57_58_59_60_61_62_63_64_65_66_67_68_69_70_71_72_73_74_75_76_77_78_79_80_81_82_83_84_85_86_87_88_89_90_91_92_93_94_95_96_97_98_99_100_101_102_103_104_105_106_107_108_109_110_111_112_113_114_115_116_117_118_119_120_121_122_123_124_125_126_127_128_129_130_131_132_133_134_135_136_137_138_139_140_141_142_143_144_145_146_147_148_149_150_151_152_153_154_155_156_157_158_159_160_161_162_163_164_165_166_167_168_169_170_171_172_173_174_175_176_177_178_179_180_181_182_183_184_185_186_187_188_189_190_191_192_193_194_195_196_197_198_199_200_201_202_203_204_205_206_207_208_209_210_211_212_213_214_215_216_217_218_219_220_221_222_223_224_225_226_227_228_229_230_231_232_233_234_235_236_237_238_239_240_241_242_243_244_245_246_247_248_249_250_251_252_254_255_256_257_258_259_261_262_263_264_265_270_271_276_277_278_279_280_281_282_283_284_285_286_287_288 2212       4.37e+07     84.68     17.28  -2218.41  -2198.02      0.00
3_4_8_9_10_14_15_16_20_21_22_23_27_28_29_30_35_36_37_38_43_44_45_46_51_52_53_54_55_57_58_59_61_62_63_64_66_67_68_74_75_76_77_78_79_80_81_84_85_86_87_89_90_91_92_95_96_97_98_105_106_107_108_109_110_111_112_113_116_117_118_119_122_123_124_125_126_130_131_132_133_134_137_138_139_140_141_145_146_147_148_149_152_153_154_155_156_159_160_161_162_169_170_171_172_173_174_175_176_177_180_181_182_183_185_186_187_188_191_192_193_194_200_201_202_203_204_205_206_207_208_209_210_211_213_214_215_216_217_218_219_220_225_226_227_228_229_234_235_236_237_242_243_244_245_249_250_251_252_256_257_258_259_262_263_264_265_268_269_270_271_274_275_276_277_278_279_280_281_282_283_284_288 2212       4.45e+07     83.52     97.65   5637.31   -130.01      0.00
0_1_2_3_5_6_7_8_9_11_12_13_14_15_17_18_19_20_21_22_24_25_26_27_28_29_31_32_33_34_35_36_37_39_40_41_42_43_44_45_46_47_48_49_50_51_52_53_54_55_56_57_58_59_60_61_62_63_64_65_66_67_68_69_70_71_72_73_74_75_76_77_78_79_80_81_82_83_84_85_86_87_88_89_90_91_92_93_94_95_96_97_98_99_100_101_102_103_104_105_106_107_108_109_110_111_112_113_114_115_116_117_118_119_120_121_122_123_124_125_126_127_128_129_130_131_132_133_134_135_136_137_138_139_140_141_142_143_144_145_146_147_148_149_150_151_152_153_154_155_156_157_158_159_160_161_162_163_164_165_166_167_168_169_170_171_172_173_174_175_176_177_178_179_180_181_182_183_184_185_186_187_188_189_190_191_192_193_194_195_196_197_198_199_200_201_202_203_204_205_206_207_208_209_210_211_212_213_214_215_216_217_218_219_220_222_223_224_225_226_227_228_229_230_231_232_233_234_235_236_237_239_240_241_242_243_244_245_246_247_248_249_250_251_252_254_255_256_257_258_259_261_262_263_264_265_267_268_269_270_271_273_274_275_276_277_278_279_280_281_282_283_284_285_286_287_288 2212       4.47e+07     83.77    229.74  -3528.60  -4058.33      0.00
10_16_22_23_28_29_30_35_36_37_38_42_43_44_45_46_50_51_52_53_54_55_56_57_58_59_60_61_62_63_64_65_66_67_68_71_72_73_74_75_76_77_78_79_80_82_83_84_85_86_87_88_89_90_91_92_93_94_95_96_97_98_102_103_104_105_106_107_108_109_110_111_114_115_116_117_118_119_120_121_122_123_124_125_126_127_128_129_130_131_132_133_134_135_136_137_138_139_140_141_142_143_144_145_146_147_148_149_150_151_152_153_154_155_156_157_158_159_160_161_162_165_166_167_168_169_170_171_172_173_174_178_179_180_181_182_183_184_185_186_187_188_189_190_191_192_193_194_196_197_198_199_200_201_202_203_204_208_209_210_211_212_213_214_215_216_217_218_219_220_221_222_223_224_225_230_231_232_233_238_239_240_246_247_253_277_278_279_280_281_282_283_284_285_286_287_288 2212       4.54e+07     77.30    146.58    -44.20   -374.74      0.00
0_1_2_5_6_7_8_11_12_13_14_17_18_19_20_24_25_26_27_31_32_33_34_35_39_40_41_42_43_47_48_49_50_51_56_57_58_59_60_61_62_63_64_65_66_67_68_69_70_71_72_73_74_75_76_77_82_83_84_85_86_88_89_90_91_92_93_94_95_96_97_99_100_101_102_103_104_105_106_107_108_114_115_116_117_118_120_121_122_123_124_125_127_128_129_130_131_132_135_136_137_138_139_140_142_143_144_145_146_147_150_151_152_153_154_155_157_158_159_160_161_164_165_166_167_168_169_170_171_172_178_179_180_181_182_184_185_186_187_188_189_190_191_192_193_195_196_197_198_199_200_201_202_203_208_209_210_211_212_213_214_215_216_217_218_219_220_221_222_223_224_225_230_231_232_233_234_238_239_240_241_242_246_247_248_249_253_254_255_256_260_261_262_263_266_267_268_269_272_273_274_277_278_279_280_281_282_283_284_285_286_287_288 2212       4.69e+07     81.73     84.64  -3972.76  -6563.74      0.00
43_51_52_57_58_59_62_63_64_66_67_68_75_76_77_78_84_85_86_87_90_91_92_95_96_97_98_106_107_108_109_116_117_118_119_123_124_125_126_130_131_132_133_134_138_139_140_141_145_146_147_148_149_153_154_155_156_159_160_161_162_170_171_172_173_181_182_183_186_187_188_192_193_194_201_202_203_210_211_215_216_219_220_277_278_279_280_281_282_288 2212       4.77e+07     63.99    274.13    819.34  -1187.78      0.00
46_54_55_78_79_80_81_98_108_109_110_111_112_113_118_119_124_125_126_131_132_133_134_137_138_139_140_141_144_145_146_147_148_149_151_152_153_154_155_156_157_158_159_160_161_162_167_168_169_170_171_172_173_174_175_176_177_178_179_180_181_182_183_184_185_186_187_188_189_190_191_192_193_194_198_199_200_201_202_203_204_205_206_207_208_209_210_211_212_213_214_215_216_217_218_219_220_223_224_225_226_227_228_229_231_232_233_234_235_236_237_238_239_240_241_242_243_244_245_246_247_248_249_250_251_252_253_254_255_256_257_258_260_261_262_263_264_266_267_272_277_278_281_283_285_288 2212       4.70e+07     78.55    157.82   4138.72   1469.10      0.00
0_1_2_5_6_7_11_12_13_14_17_18_19_20_21_24_25_26_27_28_31_32_33_34_35_36_40_41_42_43_44_49_50_51_52_53_56_57_58_59_60_61_62_63_64_65_66_67_68_71_72_73_74_75_76_77_78_79_82_83_84_85_86_87_88_89_90_91_92_93_94_95_96_97_98_102_103_104_105_106_107_108_109_110_111_114_115_116_117_118_119_120_121_122_123_124_125_126_127_128_129_130_131_132_133_134_135_136_137_138_139_140_141_142_143_144_145_146_147_148_149_150_151_152_153_154_155_156_157_158_159_160_161_162_167_168_169_170_171_172_173_174_175_178_179_180_181_182_183_184_185_186_187_188_189_190_191_192_193_194_199_200_201_202_203_204_205_206_208_209_210_211_213_214_215_216_217_218_219_220_226_227_228_234_235_236_237_243_244_245_251_252_259_277_278_279_280_281_282_283_284_285_286_287_288 2212       4.82e+07     79.26     44.99  -3465.64  -5614.96      0.00
118_124_125_131_132_133_139_140_146_147_148_154_155_160_161_171_172_181_182_187_277_278 2212       4.83e+07     40.02    122.35    570.73    215.11      0.00
52_78_87_98_109 2212       4.88e+07     48.76    286.86   1567.89  -1388.03      0.00
2_3_4_7_8_9_10_13_14_15_16_20_21_22_27_28_29_30_34_35_36_37_42_43_44_45_51_52_53_54_56_57_58_59_60_61_62_63_64_65_66_67_68_73_74_75_76_77_78_79_80_82_83_84_85_86_87_88_89_90_91_92_93_94_95_96_97_98_104_105_106_107_108_109_110_111_114_115_116_117_118_119_121_122_123_124_125_126_128_129_130_131_132_133_134_136_137_138_139_140_141_143_144_145_146_147_148_149_151_152_153_154_155_156_157_158_159_160_161_162_168_169_170_171_172_173_174_175_176_178_179_180_181_182_183_184_185_186_187_188_189_190_191_192_193_194_199_200_201_202_203_204_205_206_208_209_210_211_212_213_214_215_216_217_218_219_220_225_226_227_228_233_234_235_236_237_241_242_243_244_245_249_250_251_252_256_257_258_259_262_263_264_265_268_269_270_271_274_275_276_277_278_279_280_281_282_283_284_285_286_287_288 2212       4.89e+07     80.14    264.30   2725.23   3553.18      0.00
0_1_2_3_4_5_6_7_8_9_10_11_12_13_14_15_16_17_18_19_20_21_22_23_24_25_26_27_28_29_30_31_32_33_34_35_36_37_38_39_40_41_42_43_44_45_46_47_48_49_50_51_52_53_54_55_56_57_58_59_60_61_62_63_64_65_66_67_68_69_70_71_72_73_74_75_76_77_78_79_80_81_82_83_84_85_86_87_88_89_90_91_92_93_94_95_96_97_98_99_100_101_102_103_104_105_106_107_108_109_110_111_112_113_114_115_116_117_118_119_120_121_122_123_124_125_126_127_128_129_130_131_132_133_134_135_136_137_138_139_140_141_142_143_144_145_146_147_148_149_150_151_152_153_154_155_156_157_158_159_160_161_162_163_164_165_166_167_168_169_170_171_172_173_174_175_176_177_178_179_180_181_182_183_184_185_186_187_188_189_190_191_192_193_194_195_196_197_198_199_200_201_202_203_204_205_206_207_208_209_210_211_212_213_214_215_216_217_218_219_220_221_222_223_224_225_226_227_228_229_230_231_232_233_234_235_236_237_238_239_240_241_242_243_244_245_246_247_248_249_250_251_252_253_254_255_256_257_258_259_260_261_262_263_264_265_266_267_268_269_270_271_272_273_274_275_276_277_278_279_280_281_282_283_284_285_286_287_288 2212       4.92e+07     85.24    357.02  -7101.31   -456.93      0.00
0_1_2_5_6_7_8_11_12_13_14_17_18_19_20_24_25_26_27_28_31_32_33_34_35_39_40_41_42_43_44_47_48_49_50_51_52_56_57_58_59_60_61_62_63_64_65_66_67_68_69_70_71_72_73_74_75_76_77_78_82_83_84_85_86_87_88_89_90_91_92_93_94_95_96_97_98_99_100_101_102_103_104_105_106_107_108_109_110_114_115_116_117_118_119_120_121_122_123_124_125_126_127_128_129_130_131_132_133_134_135_136_137_138_139_140_141_142_143_144_145_146_147_148_149_150_151_152_153_154_155_156_157_158_159_160_161_162_163_164_165_166_167_168_169_170_171_172_173_174_178_179_180_181_182_183_184_185_186_187_188_189_190_191_192_193_194_195_196_197_198_199_200_201_202_203_204_205_208_209_210_211_212_213_214_215_216_217_218_219_220_221_222_223_224_225_226_227_230_231_232_233_234_235_236_238_239_240_241_242_243_244_246_247_248_249_250_251_253_254_255_256_257_258_259_260_261_262_263_264_265_266_267_268_269_270_271_272_273_274_275_276_277_278_279_280_281_282_283_284_285_286_287_288 2212       4.96e+07     85.35     66.76  -4192.03   3109.64      0.00
260_266_267_272_273 2212       5.01e+07     64.68    212.88  -3670.68   6968.20      0.00
0_5_6_7_11_12_13_14_17_18_19_20_21_25_26_27_28_34_35 2212       5.18e+07     72.42      9.32  -1710.19  -5179.23      0.00
0_1_2_3_4_5_6_7_8_9_10_11_12_13_14_15_16_17_18_19_20_21_22_23_24_25_26_27_28_29_30_31_32_33_34_35_36_37_38_39_40_41_42_43_44_45_46_47_48_49_50_51_52_53_54_55_56_57_58_59_60_61_62_63_64_65_66_67_68_69_70_71_72_73_74_75_76_77_78_79_80_81_82_83_84_85_86_87_88_89_90_91_92_93_94_95_96_97_98_100_101_102_103_104_105_106_107_108_109_110_111_112_113_114_115_116_117_118_119_120_121_122_123_124_125_126_127_128_129_130_131_132_133_134_135_136_137_138_139_140_141_142_143_144_145_146_147_148_149_150_151_152_153_154_155_156_157_158_159_160_161_162_167_168_169_170_171_172_173_174_175_176_177_178_179_180_181_182_183_184_185_186_187_188_190_191_192_193_194_201_202_203_204_205_206_207_211_216_228_229_277_278_279_280_281_282_283_284_285_286_287_288 2212       5.18e+07     83.87    190.29  -2290.81  -6424.90      0.00
45_53_54_78_79_109_110_111_126_133_134_140_141_148_149_155_156_161_162_172_173_174_175_182_183_187_188_193_194_202_203_204_205_210_211_215_216_219_220_225_226_227_234_235_241_242_243_249_250_256_257_262_263_268_277_288 2212       5.27e+07     71.24    121.64   1401.94   2510.81      0.00
130_137_138_144_145_152_153_158_159_169_179_180_283 2212       5.28e+07     31.78    314.30   -340.01    197.96      0.00
9_15_16_21_22_23_29_30_36_37_38_45_46_54_55_81 2212       5.39e+07     69.20    223.16   3809.31  -4289.17      0.00
149_156_162_173_174_183_188_193_194_202_203_204_211_215_216_219_220_225_226_234_235_241_242_249_250_255_256_257_262_263_267_268_269_273_274 2212       5.45e+07     72.49    295.95    145.66   4544.00      0.00
0_1_2_3_4_5_6_7_8_9_10_11_12_13_14_15_16_17_18_19_20_21_22_23_24_25_26_27_28_29_30_31_32_33_34_35_36_37_38_39_40_41_42_43_44_45_46_47_48_49_50_51_52_53_54_55_56_57_58_59_60_61_62_63_64_65_66_67_68_69_70_71_72_73_74_75_76_77_78_79_80_81_82_83_84_85_86_87_88_89_90_91_92_93_94_95_96_97_98_99_100_101_102_103_104_105_106_107_108_109_110_111_112_114_115_116_117_118_119_120_121_122_123_124_125_126_127_128_129_130_131_132_133_134_135_136_137_138_139_140_141_142_143_144_145_146_147_148_149_150_151_152_153_154_155_156_157_158_159_160_161_162_163_164_165_166_167_168_169_170_171_172_173_174_175_176_178_179_180_181_182_183_184_185_186_187_188_189_190_191_192_193_194_195_196_197_198_199_200_201_202_203_204_205_206_208_209_210_211_212_213_214_215_216_217_218_219_220_221_222_223_224_225_226_227_228_230_231_232_233_234_235_236_238_239_240_241_242_243_246_247_248_249_250_251_253_254_255_256_257_260_261_262_263_266_267_268_269_272_273_274_277_278_279_280_281_282_283_284_285_286_287_288 2212       5.46e+07     83.88    125.77  -4112.66   3208.68      0.00
46_54_55_81 2212       5.58e+07     59.00     32.63   6451.70  -1432.58      0.00
90_91_95_96_106_107_116_117_118_123_124_131_279_284 2212       5.59e+07     39.64    177.75    107.51   -461.73      0.00
69_70_99_100_101_102_120_127_128_129_135_136_137_138_142_143_144_145_146_147_150_151_152_153_154_155_157_158_159_160_161_162_163_164_165_166_167_168_169_170_171_172_173_178_179_180_181_182_183_184_185_186_187_188_189_190_191_192_193_194_195_196_197_198_199_200_201_202_203_204_205_208_209_210_211_212_213_214_215_216_217_218_219_220_221_222_223_224_225_226_227_228_229_230_231_232_233_234_235_236_237_238_239_240_241_242_243_244_245_246_247_248_249_250_251_252_253_254_255_256_257_258_259_260_261_262_263_264_265_266_267_268_269_270_271_272_273_274_275_276_277_281_283_285_286_288 2212       5.63e+07     82.28     10.88   2099.61   5945.81      0.00
4_9_15_21_22_28_29_36_43_44_52_53_64_68_77_78_79_86_87_92_97_98_108_109_110_118_119_125_126_132_133_134_140_141_147_148_149_155_156_161_162_172_173_174_182_183_188_193_194_203_204_211_216_226_277_279 2212       5.66e+07     71.11    100.70   2266.29  -1485.80      0.00
24_31_39_40_47_48_69_70_71_99_100_101_102_163_164_165_166_195_196_197_198_221_222_223_224_230_231_232_233_238_239_240_241_246_247_248_253_254_255_256_260_261_262_266_267_268_269_272_273_274 2212       5.66e+07     77.38     59.56  -2699.81   5010.28      0.00
51_56_57_58_60_61_62_65_66_67_73_74_75_82_83_84_88_89_90_93_94_95_104_105_115_282_287 2212       5.71e+07     50.84    308.22   -287.67  -1417.32      0.00
81_112_113_176_177_206_207_228_229_236_237_244_245_252_259_265 2212       5.72e+07     71.04    300.34   7153.88    425.03      0.00
128_135_136_142_143_144_150_151_157_158_167_168_169_178_179_184_185_189_190_285_286 2212       5.73e+07     42.06    219.71   -975.97    383.78      0.00
116_122_123_129_130_131_136_137_138_144_145_146_151_152_153_157_158_159_160_168_169_170_178_179_180_181_184_185_186_189_190_191_192_199_200_201_208_209_212_213_214_217_218_281_283_285 2212       5.87e+07     48.81    290.58   -404.32    543.71      0.00
256_257_258_263_264_265_270 2212       5.94e+07     64.01    183.67   1887.76   5290.00      0.00
2_3_4_7_8_9_10_12_13_14_15_16_18_19_20_21_22_23_24_25_26_27_28_29_30_32_33_34_35_36_37_38_39_40_41_42_43_44_45_47_48_49_50_51_52_53_56_57_58_59_60_61_62_63_64_65_66_67_68_69_70_71_72_73_74_75_76_77_78_79_82_83_84_85_86_87_88_89_90_91_92_93_94_95_96_97_98_99_100_101_102_103_104_105_106_107_108_109_110_114_115_116_117_118_119_120_121_122_123_124_125_126_127_128_129_130_131_132_133_134_135_136_137_138_139_140_141_142_143_144_145_146_147_148_149_150_151_152_153_154_155_156_157_158_159_160_161_162_163_164_165_166_167_168_169_170_171_172_173_178_179_180_181_182_183_184_185_186_187_188_189_190_191_192_193_194_195_196_197_198_199_200_201_202_203_204_208_209_210_211_212_213_214_215_216_217_218_219_220_221_222_223_224_225_230_231_232_233_238_239_240_246_247_248_253_254_260_277_278_279_280_281_282_283_284_285_286_287_288 2212       5.99e+07     80.35    318.88   1272.68  -4082.07      0.00
38_45_46_52_53_54_55_57_58_59_61_62_63_64_65_66_67_68_73_74_75_76_77_78_79_80_81_82_83_84_85_86_87_88_89_90_91_92_93_94_95_96_97_98_103_104_105_106_107_108_109_110_111_112_113_114_115_116_117_118_119_120_121_122_123_124_125_126_127_128_129_130_131_132_133_134_135_136_137_138_139_140_141_142_143_144_145_146_147_148_149_150_151_152_153_154_155_156_157_158_159_160_161_162_165_166_167_168_169_170_171_172_173_174_175_176_177_178_179_180_181_182_183_184_185_186_187_188_189_190_191_192_193_194_196_197_198_199_200_201_202_203_204_205_206_207_208_209_210_211_212_213_214_215_216_217_218_219_220_221_222_223_224_225_226_227_228_229_230_231_232_233_234_235_236_237_238_239_240_241_242_243_244_245_246_247_248_249_250_251_252_253_254_255_256_257_258_260_261_262_263_266_267_268_272_277_278_279_280_281_282_283_284_285_286_287_288 2212       5.00e+07     79.08    159.94  -2062.33   3157.75      0.00
5_11_12_17_18_19_24_25_26_27_31_32_33_34_35_39_40_41_42_43_44_47_48_49_50_51_52_53_56_57_58_59_60_61_62_63_64_65_66_67_68_69_70_71_72_73_74_75_76_77_78_79_80_82_83_84_85_86_87_88_89_90_91_92_93_94_95_96_97_98_99_100_101_102_103_104_105_106_107_108_109_110_111_112_114_115_116_117_118_119_120_121_122_123_124_125_126_127_128_129_130_131_132_133_134_135_136_137_138_139_140_141_142_143_144_145_146_147_148_149_150_151_152_153_154_155_156_157_158_159_160_161_162_163_164_165_166_167_168_169_170_171_172_173_174_175_176_177_178_179_180_181_182_183_184_185_186_187_188_189_190_191_192_193_194_195_196_197_198_199_200_201_202_203_204_205_206_207_208_209_210_211_212_213_214_215_216_217_218_219_220_221_222_223_224_225_226_227_228_229_230_231_232_233_234_235_236_237_238_239_240_241_242_243_244_245_246_247_248_249_250_251_252_253_254_255_256_257_258_259_260_261_262_263_264_265_266_267_268_269_270_271_272_273_274_275_276_277_278_279_280_281_282_283_284_285_286_287_288 2212       6.03e+07     85.74     28.88  -1953.82   5210.37      0.00
30_37_38_44_45_46_52_53_54_55_57_58_59_61_62_63_64_65_66_67_68_73_74_75_76_77_78_79_80_81_82_83_84_85_86_87_88_89_90_91_92_93_94_95_96_97_98_103_104_105_106_107_108_109_110_111_112_113_114_115_116_117_118_119_120_121_122_123_124_125_126_127_128_129_130_131_132_133_134_135_136_137_138_139_140_141_142_143_144_145_146_147_148_149_150_151_152_153_154_155_156_157_158_159_160_161_162_166_167_168_169_170_171_172_173_174_175_176_177_178_179_180_181_182_183_184_185_186_187_188_189_190_191_192_193_194_197_198_199_200_201_202_203_204_205_206_207_208_209_210_211_212_213_214_215_216_217_218_219_220_222_223_224_225_226_227_228_229_230_231_232_233_234_235_236_237_238_239_240_241_242_243_244_245_246_247_248_249_250_251_252_253_254_255_256_257_258_259_260_261_262_263_264_265_266_267_268_269_270_271_272_273_274_275_276_277_278_279_280_281_282_283_284_285_286_287_288 2212       6.12e+07     83.49    155.58   2840.08   4229.72      0.00
55_80_81_111_112_113_175_176_177_205_206_207_227_228_229_235_236_237_242_243_244_245_250_251_252_256_257_258_263_264_265_268_269_270_274_275 2212       6.32e+07     73.91    307.82   4293.55   2446.05      0.00
56_57_60_61_65_66_74_83_84_89_282 2212       6.37e+07     33.43     58.35   -466.50  -1240.03      0.00
0_1_2_5_6_7_8_11_12_13_14_18_19_20_21_25_26_27_28_33_34_35_36_41_42_43_44_50_51_52_53_56_57_58_59_60_61_62_63_64_65_66_67_68_72_73_74_75_76_77_78_79_82_83_84_85_86_87_88_89_90_91_92_93_94_95_96_97_98_102_103_104_105_106_107_108_109_110_111_114_115_116_117_118_119_120_121_122_123_124_125_126_127_128_129_130_131_132_133_134_135_136_137_138_139_140_141_142_143_144_145_146_147_148_149_150_151_152_153_154_155_156_157_158_159_160_161_162_167_168_169_170_171_172_173_174_175_178_179_180_181_182_183_184_185_186_187_188_189_190_191_192_193_194_198_199_200_201_202_203_204_205_206_208_209_210_211_212_213_214_215_216_217_218_219_220_224_225_226_227_228_233_234_235_236_237_241_242_243_244_245_249_250_251_252_256_257_258_259_263_264_265_269_270_271_275_276_277_278_279_280_281_282_283_284_285_286_287_288 2212       6.48e+07     79.38    244.77   1399.05    301.74      0.00
11_17_24_31 2212       6.51e+07     58.79    295.40  -5123.62  -4479.59      0.00
201_209_210_213_214_218_219_225 2212       6.59e+07     47.98    262.83    -31.99   1494.51      0.00
58_59_62_63_64_67_68_76_77_78_85_86_87_91_92_97_98_108_109_280 2212       6.61e+07     50.54     30.10    961.52  -1068.78      0.00
0_1_2_3_4_5_6_7_8_9_10_11_12_13_14_15_16_17_18_19_20_21_22_23_24_25_26_27_28_29_30_31_32_33_34_35_36_37_38_39_40_41_42_43_44_45_46_47_48_49_50_51_52_53_54_55_56_57_58_59_60_61_62_63_64_65_66_67_68_69_70_71_72_73_74_75_76_77_78_79_80_81_82_83_84_85_86_87_88_89_90_91_92_93_94_95_96_97_98_99_100_101_102_103_104_105_106_107_108_109_110_111_112_113_114_115_116_117_118_119_120_121_122_123_124_125_126_127_128_129_130_131_132_133_134_135_136_137_138_139_140_141_142_143_144_145_146_147_148_149_150_151_152_153_154_155_156_157_158_159_160_161_162_163_164_165_166_167_168_169_170_171_172_173_174_175_176_177_178_179_180_181_182_183_184_185_186_187_188_189_190_191_192_193_194_195_196_197_198_199_200_201_202_203_204_205_206_207_208_209_210_211_212_213_214_215_216_217_218_219_220_221_222_223_224_225_226_227_228_229_230_231_232_233_234_235_236_237_238_239_240_241_242_243_244_245_246_247_248_249_250_251_252_253_254_255_256_257_258_259_260_261_262_263_264_265_266_267_268_269_270_271_272_273_274_275_276_277_278_279_280_281_282_283_284_285_286_287_288 2212       6.65e+07     85.33    269.23    680.79  -6203.13      0.00
0_1_2_3_4_5_6_7_8_9_10_11_12_13_14_15_16_17_18_19_20_21_22_23_24_25_26_27_28_29_30_31_32_33_34_35_36_37_38_39_40_41_42_43_44_45_46_47_48_49_50_51_52_53_54_55_56_57_58_59_60_61_62_63_64_65_66_67_68_69_70_71_72_73_74_75_76_77_78_79_80_81_82_83_84_85_86_87_88_89_90_91_92_93_94_95_96_97_98_99_100_101_102_103_104_105_106_107_108_109_110_111_114_115_116_117_118_119_120_121_122_123_124_125_126_127_128_129_130_131_132_133_134_135_136_137_138_139_142_143_163_164_278_279_280_282_284_286_287 2212       6.66e+07     83.62    171.88  -2988.87  -6121.29      0.00
0_1_2_3_4_5_6_7_8_9_10_11_12_13_14_15_16_17_18_19_20_21_22_23_24_25_26_27_28_29_30_31_32_33_34_35_36_37_38_39_40_41_42_43_44_45_46_47_48_49_50_51_52_53_54_55_56_57_58_59_60_61_62_63_64_65_66_67_68_69_70_71_72_73_74_75_76_77_78_79_80_81_82_83_84_85_86_87_88_89_90_91_92_93_94_95_96_97_98_99_100_101_102_103_104_105_106_107_108_109_110_111_112_113_114_115_116_117_118_119_120_121_122_123_124_125_126_127_128_129_130_131_132_133_134_135_136_137_138_139_140_141_142_143_144_145_146_147_148_149_150_151_152_153_154_155_156_157_158_159_160_161_162_163_164_165_166_167_168_169_170_171_172_173_174_175_176_177_178_179_180_181_182_183_184_185_186_187_188_189_190_191_192_193_194_195_196_197_198_199_200_201_202_203_204_205_206_207_208_209_210_211_212_213_214_215_216_217_218_219_220_221_222_223_224_225_226_227_228_229_230_231_232_233_234_235_236_237_238_239_240_241_242_243_244_245_246_247_248_249_250_251_252_253_254_255_256_257_258_259_260_261_262_263_264_265_266_267_268_269_270_271_272_273_274_275_276_277_278_279_280_281_282_283_284_285_286_287_288 2212       6.66e+07     86.60    216.73   1260.10  -2325.33      0.00
0_5_6_11_12_13_17_18_19_25_26_27_32_33_34_35_40_41_42_43_49_50_51_52_56_57_58_59_60_61_62_63_64_65_66_67_68_71_72_73_74_75_76_77_78_82_83_84_85_86_87_88_89_90_91_92_93_94_95_96_97_98_102_103_104_105_106_107_108_109_110_114_115_116_117_118_119_120_121_122_123_124_125_126_127_128_129_130_131_132_133_134_135_136_137_138_139_140_141_142_143_144_145_146_147_148_149_150_151_152_153_154_155_156_157_158_159_160_161_162_166_167_168_169_170_171_172_173_174_178_179_180_181_182_183_184_185_186_187_188_189_190_191_192_193_194_198_199_200_201_202_203_204_205_208_209_210_211_212_213_214_215_216_217_218_219_220_224_225_226_227_228_233_234_235_236_241_242_243_244_245_248_249_250_251_252_256_257_258_259_262_263_264_265_269_270_271_274_275_276_277_278_279_280_281_282_283_284_285_286_287_288 2212       6.74e+07     79.96    239.48   3190.03   5662.20      0.00
1_2_3_4_7_8_9_10_12_13_14_15_16_18_19_20_21_22_23_25_26_27_28_29_30_32_33_34_35_36_37_38_40_41_42_43_44_45_46_48_49_50_51_52_53_54_55_56_57_58_59_60_61_62_63_64_65_66_67_68_69_70_71_72_73_74_75_76_77_78_79_80_81_82_83_84_85_86_87_88_89_90_91_92_93_94_95_96_97_98_100_101_102_103_104_105_106_107_108_109_110_111_112_113_114_115_116_117_118_119_120_121_122_123_124_125_126_127_128_129_130_131_132_133_134_135_136_137_138_139_140_141_142_143_144_145_146_147_148_149_150_151_152_153_154_155_156_157_158_159_160_161_162_163_164_165_166_167_168_169_170_171_172_173_174_175_176_177_178_179_180_181_182_183_184_185_186_187_188_189_190_191_192_193_194_195_196_197_198_199_200_201_202_203_204_205_206_207_208_209_210_211_212_213_214_215_216_217_218_219_220_221_222_223_224_225_226_227_228_229_230_231_232_233_234_235_236_237_238_239_240_241_242_243_244_245_246_247_248_249_250_251_252_253_254_255_256_257_258_259_260_261_262_263_264_265_266_267_268_269_270_271_272_273_274_275_276_277_278_279_280_281_282_283_284_285_286_287_288 2212       6.82e+07     85.21    132.38    603.17   3016.70      0.00
57_61_62_66_67_75 2212       6.84e+07     44.66    202.41   -146.08  -1192.77      0.00
0_1_2_3_4_5_6_7_8_9_10_11_12_13_14_15_16_17_18_19_20_21_22_23_24_25_26_27_28_29_30_31_32_33_34_35_36_37_38_39_40_41_42_43_44_45_46_47_48_49_50_51_52_53_54_55_56_57_58_59_60_61_62_63_64_65_66_67_68_69_70_71_72_73_74_75_76_77_78_79_80_81_82_83_84_85_86_87_88_89_90_91_92_93_94_95_96_97_98_99_100_101_102_103_104_105_106_107_108_109_110_111_112_113_114_115_116_117_118_119_120_121_122_123_124_125_126_127_128_129_130_131_132_133_134_135_136_137_138_139_140_141_142_143_144_145_146_147_148_149_150_151_152_153_154_155_156_157_158_159_160_161_162_163_164_165_166_167_168_169_170_171_172_173_174_175_176_177_178_179_180_181_182_183_184_185_186_187_188_189_190_191_192_193_194_195_196_197_198_199_200_201_202_203_204_205_206_207_208_209_210_211_212_213_214_215_216_217_218_219_220_222_223_224_225_226_227_228_229_231_232_233_234_235_236_237_240_241_242_243_244_245_248_249_250_251_252_256_257_258_259_263_264_265_270_271_276_277_278_279_280_281_282_283_284_285_286_287_288 2212       6.96e+07     84.67     32.20   4919.39   -657.49      0.00
59_63_64_67_68_76_77_85_86_87_91_92_96_97_98_107_108_109_118_119_124_125_126_132_133_140_279_280 2212       6.98e+07     44.32    254.68    800.02   -927.20      0.00
31_39_47_48_70 2212       6.00e+07     62.96     46.78  -5959.63  -2472.26      0.00
28_36_44_52_53_64_77_78_79_86_87_92_97_98_108_109_110_111_118_119_125_126_132_133_134_140_141_147_148_149_155_156_161_162_172_173_174_175_182_183_188_193_194_203_204_205_206_211_216_220_226_227_228_234_235_236_242_243_244_245_250_251_252_257_258_259_263_264_265_269_270_271_275_276_277 2212       7.05e+07     77.57    260.75   3843.84   6604.56      0.00
52_64_77_78_87_92_98_109_119_126_134 2212       7.06e+07     57.10    265.29   1508.89  -1567.94      0.00
44_45_46_52_53_54_56_57_58_59_60_61_62_63_64_65_66_67_68_72_73_74_75_76_77_78_79_80_82_83_84_85_86_87_88_89_90_91_92_93_94_95_96_97_98_102_103_104_105_106_107_108_109_110_111_114_115_116_117_118_119_120_121_122_123_124_125_126_127_128_129_130_131_132_133_134_135_136_137_138_139_140_141_142_143_144_145_146_147_148_149_150_151_152_153_154_155_156_157_158_159_160_161_162_165_166_167_168_169_170_171_172_173_174_175_178_179_180_181_182_183_184_185_186_187_188_189_190_191_192_193_194_197_198_199_200_201_202_203_204_205_208_209_210_211_212_213_214_215_216_217_218_219_220_222_223_224_225_226_230_231_232_233_234_238_239_240_241_242_246_247_248_249_253_254_255_260_261_266_277_278_279_280_281_282_283_284_285_286_287_288 2212       7.06e+07     76.50    327.20  -1778.91   2152.21      0.00
175_206_227_228_236_244_251_258 2212       7.16e+07     65.02    104.65   4155.30   3130.80      0.00
0_1_2_3_4_5_6_7_8_9_10_11_12_13_14_15_16_17_18_19_20_21_22_23_24_25_26_27_28_29_30_31_32_33_34_35_36_37_38_39_40_41_42_43_44_45_46_47_48_49_50_51_52_53_54_55_56_57_58_59_60_61_62_63_64_65_66_67_68_69_70_71_72_73_74_75_76_77_78_79_80_81_82_83_84_85_86_87_88_89_90_91_92_93_94_95_96_97_98_99_100_101_102_103_104_105_106_107_108_109_110_111_112_113_114_115_116_117_118_119_120_121_122_123_124_125_126_127_128_129_130_131_132_133_134_135_136_137_138_139_140_141_142_143_144_145_146_147_148_149_150_151_152_153_154_155_156_157_158_159_160_161_162_163_164_165_166_167_168_169_170_171_172_173_174_175_176_177_178_179_180_181_182_183_184_185_186_187_188_189_190_191_192_193_194_195_196_197_198_199_200_201_202_203_204_205_206_207_208_209_210_211_212_213_214_215_216_217_218_219_220_221_222_223_224_225_226_227_228_229_230_231_232_233_234_235_236_237_238_239_240_241_242_243_244_245_246_247_248_249_250_251_252_253_254_255_256_257_258_259_260_261_262_263_264_265_266_267_268_269_270_271_272_273_274_275_276_277_278_279_280_281_282_283_284_285_286_287_288 2212       7.17e+07     86.01    287.24  -2027.47   1893.96      0.00
0_1_2_3_4_5_6_7_8_9_10_11_12_13_14_15_16_17_18_19_20_21_22_23_24_25_26_27_28_29_30_31_32_33_34_35_36_37_38_39_40_41_42_43_44_45_46_47_48_49_50_51_52_53_54_55_56_57_58_59_60_61_62_63_64_65_66_67_68_69_70_71_72_73_74_75_76_77_78_79_80_81_82_83_84_85_86_87_88_89_90_91_92_93_94_95_96_97_98_99_100_101_102_103_104_105_106_107_108_109_110_111_112_113_114_115_116_117_118_119_120_121_122_123_124_125_126_127_128_129_130_131_132_133_134_135_136_137_138_139_140_141_142_143_144_145_146_147_148_149_150_151_152_153_154_155_156_157_158_159_160_161_162_163_164_165_166_167_168_169_170_171_172_173_174_175_176_177_178_179_180_181_182_183_184_185_186_187_188_189_190_191_192_193_194_195_196_197_198_199_200_201_202_203_204_205_206_207_208_209_210_211_212_213_214_215_216_217_218_219_220_221_222_223_224_225_226_227_228_229_230_231_232_233_234_235_236_237_239_240_241_242_243_244_245_249_250_251_252_277_278_279_280_281_282_283_284_285_286_287_288 2212       7.22e+07     82.47    182.65  -4272.16  -1952.21      0.00
22_29_36_37 2212       7.31e+07     57.59    305.65   3825.22  -4223.92      0.00
68_76_77_86_91_92_97_98_107_108_118_279_280 2212       7.35e+07     39.32    227.98    620.92   -783.28      0.00
0_5_11_12_17_18_24_25_26_31_32_33_39_40_41_42_47_48_49_50_56_57_60_61_62_65_66_69_70_71_72_73_74_75_82_83_84_85_88_89_90_93_94_95_96_99_100_101_102_103_104_105_106_107_114_115_116_117_120_121_122_123_124_127_128_129_130_131_132_135_136_137_138_139_142_143_144_145_146_147_150_151_152_153_154_155_157_158_159_160_161_163_164_165_166_167_168_169_170_171_172_178_179_180_181_182_183_184_185_186_187_188_189_190_191_192_193_194_195_196_197_198_199_200_201_202_203_208_209_210_211_212_213_214_215_216_217_218_219_220_221_222_223_224_225_226_230_231_232_233_234_238_239_240_241_242_243_246_247_248_249_250_253_254_255_256_257_260_261_262_263_264_266_267_268_269_270_272_273_274_275_276_277_278_281_282_283_284_285_286_287_288 2212       7.40e+07     80.71    244.20  -3168.07   1615.61      0.00
65_73_74_82_83_84_88_89_90_93_94_95_104_105_106_114_115_116_121_122_123_128_129_130_131_136_137_138_143_144_145_146_151_152_153_157_158_159_168_169_170_178_179_180_184_185_186_190_191_200_281_282_283_284_285_286_287 2212       7.57e+07     50.99    264.84   -528.14   -165.26      0.00
262_263_267_268_269_273_274 2212       7.59e+07     63.56    347.75     75.20   6223.51      0.00
45_46_53_54_79_80_110_111_134_141_148_149_156_162_172_173_174_175_183_188_193_194_203_204_205_211_215_216_220_225_226_227_234_235_242 2212       7.65e+07     69.82    311.67   3555.45   -350.69      0.00
1_2_3_4_6_7_8_9_10_12_13_14_15_16_18_19_20_21_22_25_26_27_28_29_32_33_34_35_36_40_41_42_43_48_49_50_51_56_57_58_59_60_61_62_63_64_65_66_67_68_70_71_72_73_74_75_76_82_83_84_85_88_89_90_93_94_95_96_100_101_102_103_104_105_106_114_115_116_120_121_122_127_128_129_135_136_137_142_143_144_150_151_157_164_165_166_167_195_196_197_198_221_222_223_230_231_238_280_282_284_286_287 2212       7.74e+07     77.85    130.69    842.81  -5720.73      0.00
51_56_57_58_61_62_63_66_67_74_75_76_84_85_90_280_282 2212       7.78e+07     49.13     70.02    -47.73  -1585.79      0.00
0_1_5_6_7_12_13_18_19_25_26_33_34_41_49_50_72_102 2212       7.80e+07     72.48     90.57  -2362.83  -6198.14      0.00
169_179_180_184_185_190_191_199_200_208_209_212_213_217_283 2212       7.90e+07     39.45    299.71   -527.67    890.65      0.00
15_21_22_28_36 2212       7.99e+07     58.24    307.78   2718.54  -4777.26      0.00
0_1_2_5_6_7_11_12_13_14_17_18_19_20_24_25_26_27_28_32_33_34_35_40_41_42_43_44_48_49_50_51_52_56_57_58_59_60_61_62_63_64_65_66_67_68_71_72_73_74_75_76_77_78_79_82_83_84_85_86_87_88_89_90_91_92_93_94_95_96_97_98_101_102_103_104_105_106_107_108_109_110_114_115_116_117_118_119_120_121_122_123_124_125_126_127_128_129_130_131_132_133_134_135_136_137_138_139_140_141_142_143_144_145_146_147_148_149_150_151_152_153_154_155_156_157_158_159_160_161_162_166_167_168_169_170_171_172_173_174_175_178_179_180_181_182_183_184_185_186_187_188_189_190_191_192_193_194_197_198_199_200_201_202_203_204_205_208_209_210_211_212_213_214_215_216_217_218_219_220_223_224_225_226_227_228_232_233_234_235_236_240_241_242_243_244_245_248_249_250_251_252_255_256_257_258_259_262_263_264_265_268_269_270_271_274_275_276_277_278_279_280_281_282_283_284_285_286_287_288 2212       8.05e+07     80.74    243.77   1526.12   3498.24      0.00
0_1_2_3_4_5_6_7_8_9_10_11_12_13_14_15_16_17_18_19_20_21_22_23_24_25_26_27_28_29_30_31_32_33_34_35_36_37_38_39_40_41_42_43_44_45_46_47_48_49_50_51_52_53_54_55_56_57_58_59_60_61_62_63_64_65_66_67_68_69_70_71_72_73_74_75_76_77_78_79_80_81_82_83_84_85_86_87_88_89_90_91_92_93_94_95_96_97_98_99_100_101_102_103_104_105_106_107_108_109_110_111_112_113_114_115_116_117_118_119_120_121_122_123_124_125_126_127_128_129_130_131_132_133_134_135_136_137_138_139_140_141_142_143_144_145_146_147_148_149_150_151_152_153_154_155_156_157_158_159_160_161_162_163_164_165_166_167_168_169_170_171_172_173_174_175_176_177_178_179_180_181_182_183_184_185_186_187_188_189_190_191_192_193_194_195_196_197_198_199_200_201_202_203_204_205_206_207_208_209_210_211_212_213_214_215_216_217_218_219_220_221_222_223_224_225_226_227_228_229_230_231_232_233_234_235_236_237_238_239_240_241_242_243_244_245_246_247_248_249_250_251_252_253_254_255_256_257_258_259_260_261_262_263_264_265_266_267_268_269_270_271_272_273_274_275_276_277_278_279_280_281_282_283_284_285_286_287_288 2212       8.09e+07     87.06    290.14   1138.99   3907.32      0.00
223_231_232_239_240_247_248_254_255_261_262_267_268_272_273 2212       8.14e+07     69.37    247.12  -2513.54   5219.66      0.00
48_70_100_164 2212       8.23e+07     56.24    272.80  -5653.36   -997.97      0.00
234_235_241_242_243_249_250_251 2212       8.34e+07     63.93    354.20   1948.07   3352.00      0.00
0_1_2_3_4_5_6_7_8_9_10_11_12_13_14_15_16_17_18_19_20_21_22_24_25_26_27_28_29_31_32_33_34_35_36_39_40_41_42_43_47_48_49_50_51_52_56_57_58_59_60_61_62_63_64_65_66_67_68_69_70_71_72_73_74_75_76_77_82_83_84_85_86_88_89_90_91_93_94_95_96_97_99_100_101_102_103_104_105_106_107_114_115_116_117_120_121_122_123_127_128_129_130_131_135_136_137_138_142_143_144_145_150_151_152_157_158_163_164_165_166_167_168_169_178_179_184_189_195_196_197_198_199_221_222_223_230_231_232_238_239_246_253_279_280_282_283_284_285_286_287 2212       8.53e+07     81.00    314.83    448.41  -6774.75      0.00
47_56_57_58_59_60_61_62_63_64_65_66_67_68_69_70_71_72_73_74_75_76_77_78_79_82_83_84_85_86_87_88_89_90_91_92_93_94_95_96_97_98_99_100_101_102_103_104_105_106_107_108_109_110_111_112_113_114_115_116_117_118_119_120_121_122_123_124_125_126_127_128_129_130_131_132_133_134_135_136_137_138_139_140_141_142_143_144_145_146_147_148_149_150_151_152_153_154_155_156_157_158_159_160_161_162_163_164_165_166_167_168_169_170_171_172_173_174_175_176_177_178_179_180_181_182_183_184_185_186_187_188_189_190_191_192_193_194_195_196_197_198_199_200_201_202_203_204_205_206_207_208_209_210_211_212_213_214_215_216_217_218_219_220_221_222_223_224_225_226_227_228_229_230_231_232_233_234_235_236_237_238_239_240_241_242_243_244_245_246_247_248_249_250_251_252_253_254_255_256_257_258_259_260_261_262_263_264_265_266_267_268_269_270_271_272_273_274_275_276_277_278_279_280_281_282_283_284_285_286_287_288 2212       8.50e+07     84.18      2.72  -4113.85   5085.82      0.00
127_135_142_143_150_151_157_167_168_178_184_189_198_285_286 2212       8.69e+07     46.86     20.86  -1604.12    384.69      0.00
79_110_111_174_175_205_227_228_236_244 2212       8.74e+07     65.51    249.03   3403.36    388.36      0.00
0_1_2_3_4_5_6_7_8_9_10_11_12_13_14_15_16_17_18_19_20_21_22_23_25_26_27_28_29_30_32_33_34_35_36_37_38_40_41_42_43_44_45_46_49_50_51_52_53_54_55_56_57_58_59_60_61_62_63_64_65_66_67_68_71_72_73_74_75_76_77_78_79_80_81_82_83_84_85_86_87_88_89_90_91_92_93_94_95_96_97_98_102_103_104_105_106_107_108_109_110_111_112_114_115_116_117_118_119_120_121_122_123_124_125_126_127_128_129_130_131_132_133_134_135_136_137_138_139_140_141_142_143_144_145_146_147_148_149_150_151_152_153_154_155_156_157_158_159_160_161_162_166_167_168_169_170_171_172_173_174_175_176_177_178_179_180_181_182_183_184_185_186_187_188_189_190_191_192_193_194_198_199_200_201_202_203_204_205_206_207_208_209_210_211_212_213_214_215_216_217_218_219_220_224_225_226_227_228_229_233_234_235_236_237_241_242_243_244_245_249_250_251_252_256_257_258_259_263_264_265_269_270_271_275_276_277_278_279_280_281_282_283_284_285_286_287_288 2212       8.84e+07     82.48     66.98   2851.33    983.56      0.00
0_1_2_5_6_7_8_11_12_13_14_17_18_19_20_24_25_26_27_31_32_33_34_35_39_40_41_42_43_47_48_49_50_51_56_57_58_59_60_61_62_63_64_65_66_67_68_69_70_71_72_73_74_75_76_77_82_83_84_85_86_87_88_89_90_91_92_93_94_95_96_97_98_100_101_102_103_104_105_106_107_108_114_115_116_117_118_119_120_121_122_123_124_125_127_128_129_130_131_132_133_135_136_137_138_139_140_142_143_144_145_146_147_148_150_151_152_153_154_155_157_158_159_160_161_162_164_165_166_167_168_169_170_171_172_178_179_180_181_182_183_184_185_186_187_188_189_190_191_192_193_194_195_196_197_198_199_200_201_202_203_208_209_210_211_212_213_214_215_216_217_218_219_220_221_222_223_224_225_230_231_232_233_234_238_239_240_241_242_246_247_248_249_253_254_255_256_260_261_262_263_266_267_268_269_272_273_274_277_278_279_280_281_282_283_284_285_286_287_288 2212       8.80e+07     80.13    272.08  -2878.99  -2999.27      0.00
2_3_8_9 2212       8.91e+07     55.39    184.32    960.00  -6498.49      0.00
222_230_231_239_240_247 2212       8.96e+07     61.03     38.03  -4366.24   2839.16      0.00
93_102_103_104_114_115_116_120_121_122_123_127_128_129_130_131_135_136_137_138_139_142_143_144_145_146_147_150_151_152_153_154_155_157_158_159_160_161_162_166_167_168_169_170_171_172_173_178_179_180_181_182_183_184_185_186_187_188_189_190_191_192_193_194_198_199_200_201_202_203_204_208_209_210_211_212_213_214_215_216_217_218_219_220_224_225_226_227_233_234_235_236_242_243_244_250_251_252_258_259_265_277_278_281_283_284_285_286_287_288 2212       9.11e+07     71.06     31.42   1849.23   2774.88      0.00
10_16_22_23_28_29_30_35_36_37_38_43_44_45_46_51_52_53_54_55_56_57_58_59_60_61_62_63_64_65_66_67_68_73_74_75_76_77_78_79_80_81_82_83_84_85_86_87_88_89_90_91_92_93_94_95_96_97_98_103_104_105_106_107_108_109_110_111_112_113_114_115_116_117_118_119_120_121_122_123_124_125_126_127_128_129_130_131_132_133_134_135_136_137_138_139_140_141_142_143_144_145_146_147_148_149_150_151_152_153_154_155_156_157_158_159_160_161_162_166_167_168_169_170_171_172_173_174_175_176_177_178_179_180_181_182_183_184_185_186_187_188_189_190_191_192_193_194_197_198_199_200_201_202_203_204_205_206_207_208_209_210_211_212_213_214_215_216_217_218_219_220_223_224_225_226_227_228_229_231_232_233_234_235_236_237_239_240_241_242_243_244_245_246_247_248_249_250_251_252_253_254_255_256_257_258_259_260_261_262_263_264_265_266_267_268_269_270_271_272_273_274_275_276_277_278_279_280_281_282_283_284_285_286_287_288 2212       9.29e+07     84.67    311.93   5862.88   2305.59      0.00
127_135_142_143_150_157_167_168_178_184_189_190_198_199_208_212_217_285 2212       9.20e+07     51.43    234.35  -1461.29    821.69      0.00
0_1_5_6_7_11_12_13_14_17_18_19_20_21_24_25_26_27_28_31_32_33_34_35_36_40_41_42_43_44_45_49_50_51_52_53_54_56_57_58_59_60_61_62_63_64_65_66_67_68_72_73_74_75_76_77_78_79_80_82_83_84_85_86_87_88_89_90_91_92_93_94_95_96_97_98_103_104_105_106_107_108_109_110_111_112_114_115_116_117_118_119_120_121_122_123_124_125_126_127_128_129_130_131_132_133_134_135_136_137_138_139_140_141_143_144_145_146_147_148_149_151_152_153_154_155_156_158_159_160_161_162_169_170_171_172_173_174_175_176_177_179_180_181_182_183_185_186_187_188_191_192_193_194_201_202_203_204_205_206_207_210_211_215_216_220_226_227_228_229_235_236_237_244_245_252_277_278_279_280_281_282_283_284_285_286_287_288 2212       9.32e+07     78.08     36.86   1241.01  -1732.18      0.00
86_91_92_97_98_107_108_109_118_119_124_125_126_132_133_134_139_140_141_147_148_149_155_156_161_162_172_173_183_277_278_279 2212       9.38e+07     51.49     53.77   1091.43     92.44      0.00
140_141_144_145_146_147_148_149_150_151_152_153_154_155_156_157_158_159_160_161_162_166_167_168_169_170_171_172_173_174_175_176_177_178_179_180_181_182_183_184_185_186_187_188_189_190_191_192_193_194_196_197_198_199_200_201_202_203_204_205_206_207_208_209_210_211_212_213_214_215_216_217_218_219_220_221_222_223_224_225_226_227_228_229_230_231_232_233_234_235_236_237_238_239_240_241_242_243_244_245_246_247_248_249_250_251_252_253_254_255_256_257_258_260_261_262_263_277_281_283_285_288 2212       9.47e+07     77.86    352.23    -33.56   2898.91      0.00
45_46_53_54_55_80_81 2212       9.56e+07     60.74     18.61   5719.54  -1607.27      0.00
46_54_55_80_81_111_112_113_173_174_175_176_177_194_203_204_205_206_207_211_215_216_219_220_225_226_227_228_229_233_234_235_236_237_241_242_243_244_248_249_250_251_254_255_256_257_261_262_263_266_267_268_272_273 2212       9.77e+07     75.53    146.79   2644.09   2585.52      0.00
176_206_207_228_229_236_237_244_245_251_252_258_259_264_265 2212       9.78e+07     67.84    122.10   4660.38   3527.75      0.00
57_58_59_62_63_64_66_67_68_75_76_77_78_84_85_86_87_90_91_92_96_97_98_106_107_108_109_117_118_119_123_124_125_126_131_132_133_134_139_140_141_146_147_148_149_154_155_156_161_162_172_173_174_182_183_188_194_204_277_278_279_280_282 2212       9.91e+07     61.07     46.51   1583.90    163.36      0.00
235_236_244_251_252 2212       9.94e+07     61.39     30.26   4653.87   3626.51      0.00
0_1_2_3_4_5_6_7_8_9_10_11_12_13_14_15_16_17_18_19_20_21_22_23_24_25_26_27_28_29_30_31_32_33_34_35_36_37_39_40_41_42_43_44_47_48_49_50_51_52_56_57_58_59_60_61_62_63_64_65_66_67_68_69_70_71_72_73_74_75_76_77_82_83_84_85_86_87_88_89_90_91_92_93_94_95_96_97_99_100_101_102_103_104_105_106_107_114_115_116_117_120_121_122_123_127_128_129_130_135_136_137_142_143_144_145_150_151_152_157_158_163_164_165_166_167_168_178_195_196_197_198_221_222_223_230_231_238_279_280_282_284_285_286_287 2212       9.99e+07     80.95    326.27  -1630.25  -4148.03      0.00
233_234_241_242_249_250_257 2212       1.01e+08     62.20     38.24    911.41   3768.71      0.00
227_235_236_244 2212       1.02e+08     55.14     27.78   3993.15   2689.85      0.00
0_1_5_6_11_12_17_18_24_25_31_32_39_40_47_48_69_99_100_163 2212       1.02e+08     74.27    311.98  -4564.46  -5118.66      0.00
0_1_2_3_4_5_6_7_8_9_10_11_12_13_14_15_16_17_18_19_20_21_22_23_24_25_26_27_28_29_30_31_32_33_34_35_36_37_38_39_40_41_42_43_44_45_46_47_48_49_50_51_52_53_54_55_56_57_58_59_60_61_62_63_64_65_66_67_68_69_70_71_72_73_74_75_76_77_78_79_80_81_82_83_84_85_86_87_88_89_90_91_92_93_94_95_96_97_98_99_100_101_102_103_104_105_106_107_108_109_110_111_112_113_114_115_116_117_118_119_120_121_122_123_124_125_126_127_128_129_130_131_132_133_134_135_136_137_138_139_140_141_142_143_144_145_146_147_148_149_150_151_152_153_154_155_156_157_158_159_160_161_162_163_164_165_166_167_168_169_170_171_172_173_174_175_176_177_178_179_180_181_182_183_184_185_186_187_188_189_190_191_192_193_194_195_196_197_198_199_200_201_202_203_204_205_206_207_208_209_210_211_212_213_214_215_216_217_218_219_220_221_222_223_224_225_226_227_228_229_230_231_232_233_234_235_236_237_238_239_240_241_242_243_244_245_246_247_248_249_250_251_252_253_254_255_256_257_258_259_260_261_262_263_264_265_266_267_268_269_270_271_272_273_274_275_276_277_278_279_280_281_282_283_284_285_286_287_288 2212       1.02e+08     86.85    156.31   -361.01   -718.54      0.00
1_2_3_4_6_7_8_9_12_13_14_15_18_19_20_21_25_26_27_28_32_33_34_35_40_41_42_43_48_49_50_51_56_57_58_59_60_61_62_63_65_66_67_68_70_71_72_73_74_75_76_82_83_84_85_88_89_90_91_93_94_95_96_101_102_103_104_105_106_114_115_116_117_120_121_122_123_127_128_129_130_135_136_137_138_142_143_144_145_150_151_152_157_158_159_164_165_166_167_168_169_178_179_184_185_189_190_196_197_198_199_208_212_222_223_224_230_231_232_238_239_240_246_247_253_254_260_280_282_283_284_285_286_287 2212       1.03e+08     77.14    298.33    228.33  -6379.72      0.00
163_164_195_196_197_221_222_223_224_230_231_232_233_234_238_239_240_241_242_243_246_247_248_249_250_251_253_254_255_256_257_258_259_260_261_262_263_264_265_266_267_268_269_270_271_272_273_274_275_276 2212       1.05e+08     80.75    202.65  -2360.67   5885.07      0.00
0_1_2_3_4_5_6_7_8_9_11_12_13_14_17_18_19_20_24_25_31 2212       1.06e+08     77.46    349.64  -4190.16  -6479.63      0.00
230_231_232_233_234_235_238_239_240_241_242_243_244_245_246_247_248_249_250_251_252_253_254_255_256_257_258_259_260_261_262_263_264_265_266_267_268_269_270_271_272_273_274_275_276 2212       1.06e+08     78.05      3.03   2853.57   5588.22      0.00
39_40_41_42_43_44_45_46_47_48_49_50_51_52_53_54_55_56_57_58_59_60_61_62_63_64_65_66_67_68_69_70_71_72_73_74_75_76_77_78_79_80_81_82_83_84_85_86_87_88_89_90_91_92_93_94_95_96_97_98_99_100_101_102_103_104_105_106_107_108_109_110_111_112_113_114_115_116_117_118_119_120_121_122_123_124_125_126_127_128_129_130_131_132_133_134_135_136_137_138_139_140_141_142_143_144_145_146_147_148_149_150_151_152_153_154_155_156_157_158_159_160_161_162_163_164_165_166_167_168_169_170_171_172_173_174_175_176_177_178_179_180_181_182_183_184_185_186_187_188_189_190_191_192_193_194_195_196_197_198_199_200_201_202_203_204_205_206_207_208_209_210_211_212_213_214_215_216_217_218_219_220_221_222_223_224_225_226_227_228_229_230_231_232_233_234_235_236_237_238_239_240_241_242_243_244_245_246_247_248_249_250_251_252_253_254_255_256_257_258_259_260_261_262_263_264_265_266_267_268_269_270_271_272_273_274_275_276_277_278_279_280_281_282_283_284_285_286_287_288 2212       1.06e+08     86.07    356.72   1306.24   6964.41      0.00
16_22_23_30 2212       1.07e+08     53.97     16.31   4334.23  -4659.37      0.00
5_6_11_12_13_14_17_18_19_20_21_22_24_25_26_27_28_29_30_31_32_33_34_35_36_37_38_39_40_41_42_43_44_45_46_47_48_49_50_51_52_53_54_55_56_57_58_59_60_61_62_63_64_65_66_67_68_71_72_73_74_75_76_77_78_79_80_81_82_83_84_85_86_87_88_89_90_91_92_93_94_95_96_97_98_103_104_105_106_107_108_109_110_111_112_113_114_115_116_117_118_119_120_121_122_123_124_125_126_129_130_131_132_133_134_138_139_140_141_147_148_149_156_174_175_176_177_207_278_279_280_282_284_287 2212       1.09e+08     77.72     13.25   2241.92  -2515.29      0.00
27_35_43_52 2212       1.11e+08     58.46    226.89    589.29  -3185.71      0.00
222_231_238_239_246_253 2212       1.11e+08     59.13    111.87  -5456.63   3965.93      0.00
241_242_243_244_245_248_249_250_251_252_253_254_255_256_257_258_259_260_261_262_263_264_265_266_267_268_269_270_271_272_273_274_275_276 2212       1.11e+08     76.71    179.61   4683.91   5767.98      0.00
30_37_38_45_46_54_55 2212       1.13e+08     61.73    200.69   5539.49  -2846.40      0.00
0_1_2_3_4_5_6_7_8_9_10_11_12_13_14_15_16_17_18_19_20_21_22_23_24_25_26_27_28_29_30_31_32_33_34_35_36_37_38_39_40_41_42_43_44_45_46_47_48_49_50_51_52_53_54_55_56_57_58_59_60_61_62_63_64_65_66_67_68_69_70_71_72_73_74_75_76_77_78_79_80_81_82_83_84_85_86_87_88_89_90_91_92_93_94_95_96_97_98_99_100_101_102_103_104_105_106_107_108_109_110_111_112_113_114_115_116_117_118_119_120_121_122_123_124_125_126_127_128_129_130_131_132_133_134_135_136_137_138_139_140_141_142_143_144_145_146_147_148_149_150_151_152_153_154_155_156_157_158_159_160_161_162_163_164_165_166_167_168_169_170_171_172_173_174_175_176_177_178_179_180_181_182_183_184_185_186_187_188_189_190_191_192_193_194_195_196_197_198_199_200_201_202_203_204_205_206_207_208_209_210_211_212_213_214_215_216_217_218_219_220_221_222_223_224_225_226_227_228_229_230_231_232_233_234_235_236_237_240_241_242_243_244_245_248_249_250_251_252_257_258_259_264_265_277_278_279_280_281_282_283_284_285_286_287_288 2212       1.14e+08     85.59     19.54  -3911.57  -5872.37      0.00
39_47_48_69_70_71_99_100_101_102_103_114_120_121_127_128_129_135_136_137_142_143_144_145_150_151_152_153_157_158_159_160_163_164_165_166_167_168_169_170_171_178_179_180_181_182_184_185_186_187_188_189_190_191_192_193_194_195_196_197_198_199_200_201_202_203_208_209_210_211_212_213_214_215_216_217_218_219_220_221_222_223_224_225_226_230_231_232_233_234_235_238_239_240_241_242_243_244_246_247_248_249_250_251_252_254_255_256_257_258_259_261_262_263_264_265_268_269_270_271_274_275_276_281_283_285_286_288 2212       1.18e+08     79.36    214.08   -799.82   3553.53      0.00
47_69_99_100_163_164_195_196_221_222_230_238 2212       1.10e+08     64.01    262.07  -6518.32    427.44      0.00
28_29_36_44_52_53_64_77_78_86_87_92_97_98_108_109_110_118_119_125_126_132_133_134_140_141_147_148_149_155_156_162_172_173_183_188_194_204 2212       1.21e+08     65.48    106.26   1998.10  -1407.17      0.00
0_1_2_3_4_5_6_7_8_9_10_11_12_13_14_15_16_17_18_19_20_21_22_23_24_25_26_27_28_29_30_31_32_33_34_35_36_37_38_39_40_41_42_43_44_45_46_47_48_49_50_51_52_53_54_55_56_57_58_59_60_61_62_63_64_65_66_67_68_69_70_71_72_73_74_75_76_77_78_79_80_81_82_83_84_85_86_87_88_89_90_91_92_93_94_95_96_97_98_100_101_102_103_104_105_106_107_108_109_110_111_112_113_114_115_116_117_118_119_120_121_122_123_124_125_126_127_128_129_130_131_132_133_134_135_136_137_138_139_140_141_142_143_144_145_146_147_148_149_150_151_152_153_154_155_156_157_158_159_160_161_162_164_165_166_167_168_169_170_171_172_173_174_175_176_177_178_179_180_181_182_183_184_185_186_187_188_189_190_191_192_193_194_195_196_197_198_199_200_201_202_203_204_205_206_207_208_209_210_211_212_213_214_215_216_217_218_219_220_221_222_223_224_225_226_227_228_229_230_231_232_233_234_235_236_237_238_239_240_241_242_243_244_245_246_247_248_249_250_251_252_253_254_255_256_257_258_259_260_261_262_263_264_265_266_267_268_269_270_271_272_273_274_275_276_277_278_279_280_281_282_283_284_285_286_287_288 2212       1.22e+08     85.12    281.22   1204.16  -1123.21      0.00
0_1_2_3_4_5_6_7_8_9_10_11_12_13_14_15_16_17_18_19_20_21_22_23_24_25_26_27_28_29_30_31_32_33_34_35_36_37_38_39_40_41_42_43_44_45_46_47_48_49_50_51_52_53_54_55_56_57_58_59_60_61_62_63_64_65_66_67_68_69_70_71_72_73_74_75_76_77_78_79_80_81_82_83_84_85_86_87_88_89_90_91_92_93_94_95_96_97_98_99_100_101_102_103_104_105_106_107_108_109_110_111_112_113_114_115_116_117_118_119_120_121_122_123_124_125_126_127_128_129_130_131_132_133_134_135_136_137_138_139_140_141_142_143_144_145_146_147_148_149_150_151_152_153_154_155_156_157_158_159_160_161_162_163_164_165_166_167_168_169_170_171_172_173_174_175_176_177_178_179_180_181_182_183_184_185_186_187_188_189_190_191_192_193_194_195_196_197_198_199_200_201_202_203_204_205_206_207_208_209_210_211_212_213_214_215_216_217_218_219_220_221_222_223_224_225_226_227_228_229_230_231_232_233_234_235_236_237_277_278_279_280_281_282_283_284_285_286_287_288 2212       1.23e+08     85.86    175.65    456.66  -6000.39      0.00
105_115_116_122_123_129_130_137_138_144_145_152_284 2212       1.24e+08     37.34     66.89   -360.12   -108.73      0.00
11_17_24_25_31_32_39_40_47_48_49_69_70_71_100_101_102_164_165_166_195_196_197_221_222_223_230_231_232_238_239_240_246_247_248_253_254_255_260_261_266_267_272_273 2212       1.24e+08     76.10    259.96  -5040.65   -308.99      0.00
38_46_54_55_80_81_111_112_175_176_205_206_207_227_228_229_235_236_237_243_244_245_251_252_257_258_259_264_265_270_271_275_276 2212       1.25e+08     76.05    285.32   4582.80   3364.13      0.00
17_24_25_31_32_40_48_49 2212       1.26e+08     67.61     50.26  -5006.54  -3801.20      0.00
56_57_60_61_62_65_66_73_74_83_84_89_282 2212       1.27e+08     41.62    232.81   -696.07  -1552.48      0.00
34_42_43_50_51_52_56_57_58_59_60_61_62_63_64_65_66_67_68_73_74_75_76_77_78_82_83_84_85_86_87_88_89_90_91_92_93_94_95_96_97_98_104_105_106_107_108_109_110_115_116_117_118_119_121_122_123_124_125_126_129_130_131_132_133_134_137_138_139_140_141_144_145_146_147_148_149_152_153_154_155_156_159_160_161_162_170_171_172_173_174_175_180_181_182_183_186_187_188_192_193_194_201_202_203_204_205_210_211_215_216_220_226_227_228_235_236_243_244_245_251_252_259_277_278_279_280_281_282_283_284_287_288 2212       1.27e+08     71.42    227.10   1835.10    346.94      0.00
0_1_2_3_4_5_6_7_8_9_10_11_12_13_14_15_16_17_18_19_20_21_22_23_24_25_26_27_28_29_30_31_32_33_34_35_36_37_38_39_40_41_42_43_44_45_46_47_48_49_50_51_52_53_54_55_56_57_58_59_60_61_62_63_64_65_66_67_68_69_70_71_72_73_74_75_76_77_78_79_80_81_82_83_84_85_86_87_88_89_90_91_92_93_94_95_96_97_98_99_100_101_102_103_104_105_106_107_108_109_110_111_112_113_114_115_116_117_118_119_120_121_122_123_124_125_126_127_128_129_130_131_132_133_134_135_136_137_138_139_140_141_142_143_144_145_146_147_148_149_150_151_152_153_154_155_156_157_158_159_160_161_162_163_164_165_166_167_168_169_170_171_172_173_174_175_176_177_178_179_180_181_182_183_184_185_186_187_188_189_190_191_192_193_194_195_196_197_198_199_200_201_202_203_204_205_206_207_208_209_210_211_212_213_214_215_216_217_218_219_220_221_222_223_224_225_226_227_228_229_230_231_232_233_234_235_236_237_238_239_240_241_242_243_244_245_246_247_248_249_250_251_252_253_254_255_256_257_258_259_260_261_262_263_264_265_266_267_268_269_270_271_272_273_274_275_276_277_278_279_280_281_282_283_284_285_286_287_288 2212       1.20e+08     86.80    125.18    893.77  -6428.60      0.00
71_102_142_166_197_198_223_224_232 2212       1.31e+08     62.65    262.78  -2698.58    232.01      0.00
57_58_59_61_62_63_64_66_67_68_74_75_76_77_78_84_85_86_87_89_90_91_92_95_96_97_98_105_106_107_108_109_110_116_117_118_119_122_123_124_125_126_130_131_132_133_134_137_138_139_140_141_145_146_147_148_149_153_154_155_156_159_160_161_162_170_171_172_173_174_180_181_182_183_186_187_188_192_193_194_201_202_203_204_205_210_211_215_216_219_220_226_227_235_236_243_244_251_252_258_259_265_277_278_279_280_281_282_284_288 2212       1.34e+08     69.80     49.87   3444.38   2929.92      0.00
4_9_10_13_14_15_16_19_20_21_22_23_25_26_27_28_29_30_31_32_33_34_35_36_37_38_39_40_41_42_43_44_45_46_47_48_49_50_51_52_53_54_55_56_57_58_59_60_61_62_63_64_65_66_67_68_69_70_71_72_73_74_75_76_77_78_79_80_81_82_83_84_85_86_87_88_89_90_91_92_93_94_95_96_97_98_99_100_101_102_103_104_105_106_107_108_109_110_111_112_113_114_115_116_117_118_119_120_121_122_123_124_125_126_127_128_129_130_131_132_133_134_135_136_137_138_139_140_141_142_143_144_145_146_147_148_149_150_151_152_153_154_155_156_157_158_159_160_161_162_163_164_165_166_167_168_169_170_171_172_173_174_175_176_177_178_179_180_181_182_183_184_185_186_187_188_189_190_191_192_193_194_195_196_197_198_199_200_201_202_203_204_205_206_207_208_209_210_211_212_213_214_215_216_217_218_219_220_221_222_223_224_225_226_227_228_229_230_231_232_233_234_235_236_237_238_239_240_241_242_243_244_245_246_247_248_249_250_251_252_253_254_255_256_257_258_259_260_261_262_263_264_265_266_267_268_272_273_277_278_279_280_281_282_283_284_285_286_287_288 2212       1.35e+08     83.59    161.46   5271.86  -1332.50      0.00
9_10_14_15_16_20_21_22_26_27_28_29_33_34_35_36_40_41_42_43_44_48_49_50_51_52_56_57_58_59_60_61_62_63_64_65_66_67_68_70_71_72_73_74_75_76_77_78_82_83_84_85_86_87_88_89_90_91_92_93_94_95_96_97_98_100_101_102_103_104_105_106_107_108_109_114_115_116_117_118_119_120_121_122_123_124_125_126_127_128_129_130_131_132_133_135_136_137_138_139_140_142_143_144_145_146_147_148_150_151_152_153_154_155_157_158_159_160_161_163_164_165_166_167_168_169_170_171_178_179_180_181_182_184_185_186_187_189_190_191_192_195_196_197_198_199_200_201_208_209_212_213_214_217_218_221_222_223_224_230_231_232_238_239_240_246_247_253_277_278_279_280_281_282_283_284_285_286_287_288 2212       1.36e+08     78.37    319.90  -4992.61   1684.70      0.00
31_39_40_47_48_49_70_71_100_101_102_127_135_142_150_157_165_166_167_178_184_189_197_198_199_212_217_224 2212       1.37e+08     70.32    221.38  -5336.04  -1986.28      0.00
0_1_2_5_6_7_11_12_13_17_18_19_24_25_31_32 2212       1.37e+08     76.79    331.88  -3596.54  -6969.41      0.00
3_4_8_9_10_14_15_16_20_21_22_23_27_28_29_30_34_35_36_37_38_42_43_44_45_46_51_52_53_54_56_57_58_59_60_61_62_63_64_65_66_67_68_73_74_75_76_77_78_79_80_82_83_84_85_86_87_88_89_90_91_92_93_94_95_96_97_98_103_104_105_106_107_108_109_110_111_112_114_115_116_117_118_119_120_121_122_123_124_125_126_127_128_129_130_131_132_133_134_135_136_137_138_139_140_141_142_143_144_145_146_147_148_149_150_151_152_153_154_155_156_157_158_159_160_161_162_167_168_169_170_171_172_173_174_175_176_178_179_180_181_182_183_184_185_186_187_188_189_190_191_192_193_194_198_199_200_201_202_203_204_205_206_208_209_210_211_212_213_214_215_216_217_218_219_220_224_225_226_227_228_232_233_234_235_236_240_241_242_243_244_248_249_250_251_252_255_256_257_258_259_261_262_263_264_265_267_268_269_270_271_272_273_274_275_276_277_278_279_280_281_282_283_284_285_286_287_288 2212       1.41e+08     81.07    281.92   1121.41   5276.78      0.00
0_1_2_3_4_5_6_7_8_9_11_12_13_14_15_17_18_19_20_21_22_24_25_26_27_28_31_32_33_34_35_36_39_40_41_42_43_44_47_48_49_50_51_52_56_57_58_59_60_61_62_63_64_65_66_67_68_69_70_71_72_73_74_75_76_77_78_82_83_84_85_86_87_88_89_90_91_92_93_94_95_96_97_98_99_100_101_102_103_104_105_106_107_108_109_114_115_116_117_118_119_120_121_122_123_124_125_126_127_128_129_130_131_132_133_134_135_136_137_138_139_140_141_142_143_144_145_146_147_148_150_151_152_153_154_155_156_157_158_159_160_161_162_163_164_165_166_167_168_169_170_171_172_173_178_179_180_181_182_183_184_185_186_187_188_189_190_191_192_193_194_195_196_197_198_199_200_201_202_203_208_209_210_211_212_213_214_215_216_217_218_219_220_221_222_223_224_225_230_231_232_233_238_239_240_241_246_247_248_253_254_255_260_261_262_266_267_272_273_277_278_279_280_281_282_283_284_285_286_287_288 2212       1.41e+08     84.41    110.29  -5354.09  -2265.72      0.00
84_89_90_94_95_105_106_115_116_117_122_123_129_130_131_137_138_144_145_152_153_159_282_283_284 2212       1.43e+08     36.79    279.98   -278.03   -320.83      0.00
0_5_6_11_12_17_18_24_25_32_33_40_41_48_49_71_101_102 2212       1.44e+08     72.05     86.26  -3812.47  -4578.21      0.00
3_4_8_9_10_13_14_15_16_20_21_22_23_26_27_28_29_30_34_35_36_37_38_41_42_43_44_45_46_50_51_52_53_54_55_56_57_58_59_60_61_62_63_64_65_66_67_68_71_72_73_74_75_76_77_78_79_80_81_82_83_84_85_86_87_88_89_90_91_92_93_94_95_96_97_98_101_102_103_104_105_106_107_108_109_110_111_112_114_115_116_117_118_119_120_121_122_123_124_125_126_127_128_129_130_131_132_133_134_135_136_137_138_139_140_141_142_143_144_145_146_147_148_149_150_151_152_153_154_155_156_157_158_159_160_161_162_165_166_167_168_169_170_171_172_173_174_175_176_178_179_180_181_182_183_184_185_186_187_188_189_190_191_192_193_194_196_197_198_199_200_201_202_203_204_205_206_208_209_210_211_212_213_214_215_216_217_218_219_220_222_223_224_225_226_227_228_230_231_232_233_234_235_236_238_239_240_241_242_243_246_247_248_249_250_251_253_254_255_256_257_260_261_262_263_266_267_268_269_272_273_274_277_278_279_280_281_282_283_284_285_286_287_288 2212       1.44e+08     81.31    126.01   -702.03   2240.55      0.00
0_1_2_3_4_5_6_7_8_9_10_11_12_13_14_15_16_17_18_19_20_21_22_23_24_25_26_27_28_29_30_31_32_33_34_35_36_37_38_39_40_41_42_43_44_45_46_47_48_49_50_51_52_53_54_55_56_57_58_59_60_61_62_63_64_65_66_67_68_69_70_71_72_73_74_75_76_77_78_79_80_81_82_83_84_85_86_87_88_89_90_91_92_93_94_95_96_97_98_99_100_101_102_103_104_105_106_107_108_109_110_111_112_113_114_115_116_117_118_119_120_121_122_123_124_125_126_127_128_129_130_131_132_133_134_135_136_137_138_139_140_141_142_143_144_145_146_147_148_149_150_151_152_153_154_155_156_157_158_159_160_161_162_163_164_165_166_167_168_169_170_171_172_173_174_175_176_177_178_179_180_181_182_183_184_185_186_187_188_189_190_191_192_193_194_195_196_197_198_199_200_201_202_203_204_205_206_207_208_209_210_211_212_213_214_215_216_217_218_219_220_221_222_223_224_225_226_227_228_229_230_231_232_233_234_235_236_237_277_278_279_280_281_282_283_284_285_286_287_288 2212       1.45e+08     83.17      0.96   1233.65  -3222.80      0.00
51_57_58_61_62_63_66_67_75 2212       1.49e+08     41.19    115.22     -9.95  -1582.45      0.00
29_30_36_37_38_42_43_44_45_46_50_51_52_53_54_55_56_57_58_59_60_61_62_63_64_65_66_67_68_72_73_74_75_76_77_78_79_80_81_82_83_84_85_86_87_88_89_90_91_92_93_94_95_96_97_98_103_104_105_106_107_108_109_110_111_112_113_114_115_116_117_118_119_120_121_122_123_124_125_126_128_129_130_131_132_133_134_137_138_139_140_141_146_147_148_149_278_279_280_282_284_287 2212       1.51e+08     73.37    172.12   3504.34  -1970.80      0.00
56_57_58_60_61_62_63_64_65_66_67_68_70_71_72_73_74_75_76_77_82_83_84_85_86_87_88_89_90_91_92_93_94_95_96_97_98_99_100_101_102_103_104_105_106_107_108_109_114_115_116_117_118_119_120_121_122_123_124_125_126_127_128_129_130_131_132_133_134_135_136_137_138_139_140_141_142_143_144_145_146_147_148_149_150_151_152_153_154_155_156_157_158_159_160_161_162_163_164_165_166_167_168_169_170_171_172_173_178_179_180_181_182_183_184_185_186_187_188_189_190_191_192_193_194_195_196_197_198_199_200_201_202_203_208_209_210_211_212_213_214_215_216_217_218_219_220_221_222_223_224_230_231_232_238_239_246_277_278_279_280_281_282_283_284_285_286_287_288 2212       1.52e+08     76.33    344.51  -6750.72   1908.41      0.00
15_21_28_29_35_36_43_44_51_52_57_58_59_61_62_63_64_66_67_68_74_75_76_77_78_84_85_86_87_89_90_91_92_95_96_97_98_105_106_107_108_109_110_115_116_117_118_119_122_123_124_125_126_129_130_131_132_133_134_137_138_139_140_141_144_145_146_147_148_149_152_153_154_155_156_158_159_160_161_162_168_169_170_171_172_173_179_180_181_182_183_184_185_186_187_188_190_191_192_193_194_199_200_201_202_203_204_208_209_210_211_212_213_214_215_216_217_218_219_220_225_226_233_234_277_278_279_280_281_282_283_284_285_288 2212       1.53e+08     69.50    109.16    903.88      2.71      0.00
2_3_4_7_8_9_10_13_14_15_16_19_20_21_22_23_26_27_28_29_30_34_35_36_37_42_43_44_45_50_51_52_53_54_56_57_58_59_60_61_62_63_64_65_66_67_68_72_73_74_75_76_77_78_79_82_83_84_85_86_87_88_89_90_91_92_93_94_95_96_97_98_103_104_105_106_107_108_109_110_111_114_115_116_117_118_119_120_121_122_123_124_125_126_127_128_129_130_131_132_133_134_135_136_137_138_139_140_141_142_143_144_145_146_147_148_149_150_151_152_153_154_155_156_157_158_159_160_161_162_167_168_169_170_171_172_173_174_175_178_179_180_181_182_183_184_185_186_187_188_189_190_191_192_193_194_198_199_200_201_202_203_204_205_208_209_210_211_212_213_214_215_216_217_218_219_220_224_225_226_227_233_234_235_236_241_242_243_244_248_249_250_251_255_256_257_258_262_263_264_268_269_270_273_274_275_276_277_278_279_280_281_282_283_284_285_286_287_288 2212       1.53e+08     79.50     96.29   1288.89    464.11      0.00
17_24_31_32_39_40_47_48_49_69_70_71_99_100_101_102_163_164_165_166_195_196_197_221_222_223_224_230_231_232_238_239_240_246_247_248_253_254_255_260_261_262_266_267_268_272_273 2212       1.57e+08     77.68     68.55  -4644.50   2379.87      0.00
1_2_3_4_6_7_8_9_10_11_12_13_14_15_16_17_18_19_20_21_22_23_24_25_26_27_28_29_30_31_32_33_34_35_36_37_38_39_40_41_42_43_44_47_48_49_50_51_52_56_57_58_59_60_61_62_63_65_66_67_69_70_71_72_73_74_82_83_99_100_101_102_163_164 2212       1.58e+08     79.74    157.12   3460.93  -6208.73      0.00
9_10_15_16_21_22 2212       1.59e+08     62.63    340.52   3862.87  -5885.93      0.00
31_39_47_48_69_70_100_164_195_196_222_230 2212       1.59e+08     66.51     82.54  -6009.06   -404.69      0.00
134_141_149_156_173_174 2212       1.61e+08     46.38    193.84   2115.59    296.61      0.00
0_1_2_5_6_7_8_9_11_12_13_14_15_16_17_18_19_20_21_22_23_24_25_26_27_28_29_30_31_32_33_34_35_36_37_38_42_43_44_45_46_52_53_54_55 2212       1.61e+08     75.40    188.31  -2314.67  -4909.55      0.00
81_110_111_112_113_125_126_131_132_133_134_137_138_139_140_141_143_144_145_146_147_148_149_150_151_152_153_154_155_156_157_158_159_160_161_162_166_167_168_169_170_171_172_173_174_175_176_177_178_179_180_181_182_183_184_185_186_187_188_189_190_191_192_193_194_197_198_199_200_201_202_203_204_205_206_207_208_209_210_211_212_213_214_215_216_217_218_219_220_221_222_223_224_225_226_227_228_229_230_231_232_233_234_235_236_237_238_239_240_241_242_243_244_245_246_247_248_249_250_251_252_253_254_255_256_257_258_260_261_262_263_264_266_267_268_269_272_273_274_277_278_281_283_285_288 2212       1.61e+08     79.87    342.81  -4140.07   4627.72      0.00
0_1_2_3_4_5_6_7_8_9_10_11_12_13_14_15_16_17_18_19_20_21_22_23_24_25_26_27_28_29_30_31_32_33_34_35_36_37_38_39_40_41_42_43_44_45_46_47_48_49_50_51_52_53_54_55_56_57_58_59_60_61_62_63_64_65_66_67_68_69_70_71_72_73_74_75_76_77_78_79_80_81_82_83_84_85_86_87_88_89_90_91_92_93_94_95_96_97_98_99_100_101_102_103_104_105_106_107_108_109_110_111_112_113_114_115_116_117_118_119_120_121_122_123_124_125_126_127_128_129_130_131_132_133_134_135_136_137_138_139_140_141_142_143_144_145_146_147_148_149_150_151_152_153_154_155_156_157_158_159_160_161_162_164_165_166_167_168_169_170_171_172_173_174_175_176_177_178_179_180_181_182_183_184_185_186_187_188_189_190_191_192_193_194_197_198_199_200_201_202_203_204_205_206_207_208_209_210_211_212_213_214_215_216_217_218_219_220_224_225_226_227_228_229_234_235_236_237_243_244_245_252_277_278_279_280_281_282_283_284_285_286_287_288 2212       1.60e+08     84.43    195.24   4175.95  -3673.03      0.00
1_2_3_4_6_7_8_9_10_12_13_14_15_16_18_19_20_21_22_25_26_27_28_29_32_33_34_35_36_40_41_42_43_44_48_49_50_51_52_53_56_57_58_59_60_61_62_63_64_65_66_67_68_70_71_72_73_74_75_76_77_78_82_83_84_85_86_87_88_89_90_91_92_93_94_95_96_97_98_100_101_102_103_104_105_106_107_108_109_110_114_115_116_117_118_119_120_121_122_123_124_125_126_127_128_129_130_131_132_133_134_135_136_137_138_139_140_141_142_143_144_145_146_147_148_149_150_151_152_153_154_155_156_157_158_159_160_161_162_164_165_166_167_168_169_170_171_172_173_178_179_180_181_182_183_184_185_186_187_188_189_190_191_192_193_194_195_196_197_198_199_200_201_202_203_204_208_209_210_211_212_213_214_215_216_217_218_219_220_221_222_223_224_225_226_230_231_232_233_234_238_239_240_241_242_246_247_248_249_253_254_255_256_260_261_262_266_267_268_272_273_277_278_279_280_281_282_283_284_285_286_287_288 2212       1.62e+08     80.72    294.63   -516.86  -3164.57      0.00
0_1_2_3_4_5_6_7_8_9_11_12_13_14_15_17_18_19_20_21_22_24_25_26_27_28_29_31_32_33_34_35_36_37_39_40_41_42_43_44_45_47_48_49_50_51_52_53_54_56_57_58_59_60_61_62_63_64_65_66_67_68_69_70_71_72_73_74_75_76_77_78_79_80_82_83_84_85_86_87_88_89_90_91_92_93_94_95_96_97_98_99_100_101_102_103_104_105_106_107_108_109_110_111_114_115_116_117_118_119_120_121_122_123_124_125_126_127_128_129_130_131_132_133_134_135_136_137_138_139_140_141_142_143_144_145_146_147_148_149_150_151_152_153_154_155_156_157_158_159_160_161_162_163_164_165_166_167_168_169_170_171_172_173_174_175_176_178_179_180_181_182_183_184_185_186_187_188_189_190_191_192_193_194_195_196_197_198_199_200_201_202_203_204_205_206_208_209_210_211_212_213_214_215_216_217_218_219_220_221_222_223_224_225_226_227_228_230_231_232_233_234_235_236_237_238_239_240_241_242_243_244_245_246_247_248_249_250_251_252_253_254_255_256_257_258_259_260_261_262_263_264_265_266_267_268_269_270_271_272_273_274_275_276_277_278_279_280_281_282_283_284_285_286_287_288 2212       1.64e+08     85.26     68.67  -2322.13   2073.40      0.00
3_4_8_9_10_13_14_15_16_19_20_21_22_23_25_26_27_28_29_30_32_33_34_35_36_37_38_39_40_41_42_43_44_45_46_47_48_49_50_51_52_53_54_55_56_57_58_59_60_61_62_63_64_65_66_67_68_69_70_71_72_73_74_75_76_77_78_79_80_81_82_83_84_85_86_87_88_89_90_91_92_93_94_95_96_97_98_99_100_101_102_103_104_105_106_107_108_109_110_111_112_113_114_115_116_117_118_119_120_121_122_123_124_125_126_127_128_129_130_131_132_133_134_135_136_137_138_139_140_141_142_143_144_145_146_147_148_149_150_151_152_153_154_155_156_157_158_159_160_161_162_163_164_165_166_167_168_169_170_171_172_173_174_175_176_177_178_179_180_181_182_183_184_185_186_187_188_189_190_191_192_193_194_195_196_197_198_199_200_201_202_203_204_205_206_207_208_209_210_211_212_213_214_215_216_217_218_219_220_221_222_223_224_225_226_227_228_229_230_231_232_233_234_235_236_237_238_239_240_241_242_243_244_245_246_247_248_249_250_251_252_253_254_255_256_257_258_259_260_261_262_263_264_265_266_267_268_269_270_271_272_273_274_275_276_277_278_279_280_281_282_283_284_285_286_287_288 2212       1.65e+08     86.60    152.13   4429.09   3870.63      0.00
80_81_110_111_112_113_118_119_123_124_125_126_129_130_131_132_133_134_135_136_137_138_139_140_141_142_143_144_145_146_147_148_149_150_151_152_153_154_155_156_157_158_159_160_161_162_165_166_167_168_169_170_171_172_173_174_175_176_177_178_179_180_181_182_183_184_185_186_187_188_189_190_191_192_193_194_195_196_197_198_199_200_201_202_203_204_205_206_207_208_209_210_211_212_213_214_215_216_217_218_219_220_221_222_223_224_225_226_227_228_229_230_231_232_233_234_235_236_237_238_239_240_241_242_243_244_245_246_247_248_249_250_251_252_253_254_255_256_257_258_259_260_261_262_263_264_265_266_267_268_269_270_271_272_273_274_275_276_277_278_281_283_285_286_288 2212       1.66e+08     81.09    172.46  -4112.20   4759.57      0.00
24_25_31_32_33_39_40_47_48_69 2212       1.67e+08     63.08    143.02  -4952.94  -2711.58      0.00
50_51_56_57_58_59_60_61_62_63_64_65_66_67_68_72_73_74_75_76_77_78_82_83_84_85_86_87_88_89_90_91_92_93_94_95_96_97_98_103_104_105_106_107_108_109_110_114_115_116_117_118_119_120_121_122_123_124_125_126_127_128_129_130_131_132_133_134_135_136_137_138_139_140_141_143_144_145_146_147_148_149_150_151_152_153_154_155_156_157_158_159_160_161_162_168_169_170_171_172_173_174_175_179_180_181_182_183_184_185_186_187_188_190_191_192_193_194_200_201_202_203_204_205_206_209_210_211_214_215_216_218_219_220_226_227_228_229_235_236_237_243_244_245_251_252_277_278_279_280_281_282_283_284_285_286_287_288 2212       1.68e+08     72.75    211.58   2974.46   1273.02      0.00
46_54_55_80_81_112_113_176_177_207 2212       1.71e+08     65.94     52.49   7567.93    164.81      0.00
77_78_87_92_97_98_108_109_118_119_125_126_132_133_134_140_141_147_148_149_155_156_161_162_172_173_182_183_188_277_279 2212       1.72e+08     49.90    293.14   1433.48   -458.19      0.00
194_203_211_215_216_220_225_234 2212       1.72e+08     51.02    294.24    852.12   1729.69      0.00
4_10_15_16_22_23_29_30_36_37_38_44_45_46_52_53_54_55_78_79_80_81_87_92_98_108_109_110_111_112_113_119_125_126_133_134_140_141_147_148_149_155_156_161_162_172_173_174_175_176_177_182_183_187_188_193_194_202_203_204_205_206_207_211_215_216_219_220_225_226_227_228_229_234_235_236_237_242_243_244_245_249_250_251_252_256_257_258_259_262_263_264_265_268_269_270_271_274_275_276_277_288 2212       1.72e+08     79.21    107.52   2174.99   6932.64      0.00
0_1_2_3_4_5_6_7_8_9_10_11_12_13_14_15_16_17_18_19_20_21_22_23_24_25_26_27_28_29_30_31_32_33_34_35_36_37_38_39_40_41_42_43_44_45_46_47_48_49_50_51_52_53_54_55_56_57_58_59_60_61_62_63_64_65_66_67_68_69_70_71_72_73_74_75_76_77_78_79_80_81_82_83_84_85_86_87_88_89_90_91_92_93_94_95_96_97_98_99_100_101_102_103_104_105_106_107_108_109_110_111_112_113_114_115_116_117_118_119_120_121_122_123_124_125_126_127_128_129_130_131_132_133_134_135_136_137_138_139_140_141_142_143_144_145_146_147_148_149_150_151_152_153_154_155_156_157_158_159_160_161_162_163_164_165_166_167_168_169_170_171_172_173_174_175_176_177_178_179_180_181_182_183_184_185_186_187_188_189_190_191_192_193_194_195_196_197_198_199_200_201_202_203_204_205_206_207_208_209_210_211_212_213_214_215_216_217_218_219_220_221_222_223_224_225_226_227_228_229_230_231_232_233_234_235_236_237_238_239_240_241_242_243_244_245_246_247_248_249_250_251_252_255_256_257_258_259_263_264_265_277_278_279_280_281_282_283_284_285_286_287_288 2212       1.76e+08     85.77    190.51   2702.20  -3406.41      0.00
0_1_2_3_4_5_6_7_8_9_10_11_12_13_14_15_16_17_18_19_20_21_22_23_24_25_26_27_28_29_30_31_32_33_34_35_36_37_38_39_40_41_42_43_44_45_46_47_48_49_50_51_52_53_54_55_56_57_58_59_60_61_62_63_64_65_66_67_68_69_70_71_72_73_74_75_76_77_78_79_80_81_82_83_84_85_86_87_88_89_90_91_92_93_94_95_96_97_98_99_100_101_102_103_104_105_106_107_108_109_110_111_112_113_114_115_116_117_118_119_120_121_122_123_124_125_126_127_128_129_130_131_132_133_134_135_136_137_138_139_140_141_142_143_144_145_146_147_148_149_150_151_152_153_154_155_156_157_158_159_160_161_162_163_164_165_166_167_168_169_170_171_172_173_174_175_176_177_178_179_180_181_182_183_184_185_186_187_188_189_190_191_192_193_194_195_196_197_198_199_200_201_202_203_204_205_206_207_208_209_210_211_212_213_214_215_216_217_218_219_220_221_222_223_224_225_226_227_228_229_230_231_232_233_234_235_236_237_238_239_240_241_242_243_244_245_246_247_248_249_250_251_252_253_254_255_256_257_258_259_260_261_262_263_264_265_266_267_268_269_270_271_272_273_274_275_276_277_278_279_280_281_282_283_284_285_286_287_288 2212       1.78e+08     85.42    248.62    713.24   3734.97      0.00
6_11_12_18_19_24_25_31_32_33_39_40_41_47_48_49_69_70_71_99_100_101_163_164_165_195_196_221_222_230_231_238_246 2212       1.83e+08     75.83    299.22  -6159.26    772.36      0.00
4_8_9_10_13_14_15_16_19_20_21_22_23_25_26_27_28_29_32_33_34_35_36_39_40_41_42_43_44_47_48_49_50_51_52_56_57_58_59_60_61_62_63_64_65_66_67_68_69_70_71_72_73_74_75_76_77_82_83_84_85_86_88_89_90_91_93_94_95_96_99_100_101_102_103_104_105_106_114_115_116_120_121_122_127_128_129_135_136_137_142_143_144_150_151_157_163_164_165_166_167_195_196_197_221_222_230_280_282_284_286_287 2212       1.86e+08     77.01    331.32  -2410.34  -2113.72      0.00
243_251_258_264 2212       1.87e+08     56.29    282.58   3176.37   3746.11      0.00
19_26_27_34_35_42_43_44_51_52_53_57_58_59_61_62_63_64_66_67_68_75_76_77_78_79_85_86_87_91_92_97_98_108_109_110_119_126_134_279_280 2212       1.87e+08     66.57    216.63    171.77  -2795.09      0.00
25_26_27_28_33_34_35_36_41_42_43_44_45_50_51_52_53_56_57_58_59_60_61_62_63_64_65_66_67_68_74_75_76_77_78_79_85_86_87_92_280 2212       1.88e+08     68.79      9.59   1222.12  -2440.70      0.00
16_22_23_29_30_36_37_38_43_44_45_51_52_53_54_56_57_58_59_60_61_62_63_64_65_66_67_68_73_74_75_76_77_78_79_82_83_84_85_86_87_88_89_90_91_92_93_94_95_96_97_98_103_104_105_106_107_108_109_110_111_114_115_116_117_118_119_120_121_122_123_124_125_126_127_128_129_130_131_132_133_134_135_136_137_138_139_140_141_142_143_144_145_146_147_148_149_150_151_152_153_154_155_156_157_158_159_160_161_162_166_167_168_169_170_171_172_173_174_178_179_180_181_182_183_184_185_186_187_188_189_190_191_192_193_194_198_199_200_201_202_203_204_208_209_210_211_212_213_214_215_216_217_218_219_220_223_224_225_226_231_232_233_234_239_240_241_242_246_247_248_249_253_254_255_260_261_266_267_272_277_278_279_280_281_282_283_284_285_286_287_288 2212       1.96e+08     75.56    313.25   1279.13   -358.05      0.00
2_3_7_8_9_13_14_15_20_21_27_28_34_35_36_42_43_51_52_56_57_58_59_60_61_62_63_64_65_66_67_68_73_74_75_76_77_78_82_83_84_85_86_87_88_89_90_91_92_93_94_95_96_97_98_103_104_105_106_107_108_109_114_115_116_117_118_119_120_121_122_123_124_125_126_128_129_130_131_132_133_134_135_136_137_138_139_140_141_143_144_145_146_147_148_150_151_152_153_154_155_156_157_158_159_160_161_162_168_169_170_171_172_173_178_179_180_181_182_183_184_185_186_187_188_189_190_191_192_193_194_199_200_201_202_203_208_209_210_211_212_213_214_215_216_217_218_219_220_225_277_278_279_280_281_282_283_284_285_286_287_288 2212       1.97e+08     75.26     97.69    749.36  -5266.21      0.00
43_51_56_57_58_59_60_61_62_63_64_65_66_67_68_72_73_74_75_76_77_82_83_84_85_86_88_89_90_91_93_94_95_96_97_103_104_105_106_107_114_115_116_117_120_121_122_123_127_128_129_130_135_136_137_142_143_144_150_151_157_280_282_284_286_287 2212       1.90e+08     60.70    135.32   -377.77  -1267.74      0.00
0_1_2_3_4_5_6_7_8_9_10_11_12_13_14_15_16_17_18_19_20_21_22_23_24_25_26_27_28_29_30_31_32_33_34_35_36_37_38_39_40_41_42_43_44_45_46_47_48_49_50_51_52_53_54_55_56_57_58_59_60_61_62_63_64_65_66_67_68_69_70_71_72_73_74_75_76_77_78_79_80_81_82_83_84_85_86_87_88_89_90_91_92_93_94_95_96_97_98_99_100_101_102_103_104_105_106_107_108_109_110_111_112_113_114_115_116_117_118_119_120_121_122_123_124_125_126_127_128_129_130_131_132_133_134_135_136_137_138_139_140_141_142_143_144_145_146_147_148_149_150_151_152_153_154_155_156_157_158_159_160_161_162_163_164_165_166_167_168_169_170_171_172_173_174_175_176_177_178_179_180_181_182_183_184_185_186_187_188_189_190_191_192_193_194_195_196_197_198_199_200_201_202_203_204_205_206_207_208_209_210_211_212_213_214_215_216_217_218_219_220_221_222_223_224_225_226_227_228_229_230_231_232_233_234_235_236_237_238_239_240_241_242_243_244_245_246_247_248_249_250_251_252_253_254_255_256_257_258_259_260_261_262_263_264_265_266_267_268_269_270_271_272_273_274_275_276_277_278_279_280_281_282_283_284_285_286_287_288 2212       2.07e+08     86.69    242.21  -2422.64   3291.47      0.00
0_1_2_3_4_5_6_7_8_9_10_11_12_13_14_15_16_17_18_19_20_21_22_23_24_25_26_27_28_29_30_31_32_33_34_35_36_37_38_39_40_41_42_43_44_45_46_48_49_50_51_52_53_54_55_56_57_58_59_60_61_62_63_64_65_66_67_68_70_71_72_73_74_75_76_77_78_79_80_81_82_83_84_85_86_87_88_89_90_91_92_93_94_95_96_97_98_101_102_103_104_105_106_107_108_109_110_111_112_113_114_115_116_117_118_119_120_121_122_123_124_125_126_127_128_129_130_131_132_133_134_135_136_137_138_139_140_141_142_143_144_145_146_147_148_149_150_151_152_153_154_155_156_157_158_159_160_161_162_165_166_167_168_169_170_171_172_173_174_175_176_177_178_179_180_181_182_183_184_185_186_187_188_189_190_191_192_193_194_197_198_199_200_201_202_203_204_205_206_207_208_209_210_211_212_213_214_215_216_217_218_219_220_223_224_225_226_227_228_229_232_233_234_235_236_237_240_241_242_243_244_245_248_249_250_251_252_255_256_257_258_259_262_263_264_265_268_269_270_271_274_275_276_277_278_279_280_281_282_283_284_285_286_287_288 2212       2.08e+08     84.33    236.13   3910.31   1899.02      0.00
2_3_4_7_8_9_10_13_14_15_16_19_20_21_22_23_26_27_28_29_30_33_34_35_36_37_41_42_43_44_45_50_51_52_53_56_57_58_59_60_61_62_63_64_65_66_67_68_72_73_74_75_76_77_78_79_82_83_84_85_86_87_88_89_90_91_92_93_94_95_96_97_98_102_103_104_105_106_107_108_109_110_114_115_116_117_118_119_120_121_122_123_124_125_126_127_128_129_130_131_132_133_134_135_136_137_138_139_140_141_142_143_144_145_146_147_148_149_150_151_152_153_154_155_156_157_158_159_160_161_162_166_167_168_169_170_171_172_173_174_178_179_180_181_182_183_184_185_186_187_188_189_190_191_192_193_194_197_198_199_200_201_202_203_204_205_208_209_210_211_212_213_214_215_216_217_218_219_220_223_224_225_226_232_233_234_235_240_241_242_247_248_249_250_254_255_256_257_260_261_262_263_266_267_268_269_272_273_274_277_278_279_280_281_282_283_284_285_286_287_288 2212       2.24e+08     79.98    108.55   1529.21  -4117.18      0.00
2_3_8_9_14_15_20_21_27_28_35_36_43_44_51_52_56_57_58_59_61_62_63_64_65_66_67_68_74_75_76_77_78_83_84_85_86_87_89_90_91_92_94_95_96_97_98_105_106_107_108_109_110_116_117_118_119_122_123_124_125_126_130_131_132_133_134_137_138_139_140_141_145_146_147_148_149_152_153_154_155_156_159_160_161_162_169_170_171_172_173_180_181_182_183_186_187_188_191_192_193_194_201_202_203_204_210_211_214_215_216_219_220_277_278_279_280_281_282_283_284_288 2212       2.27e+08     71.97    274.36   1334.04  -5618.48      0.00
3_8_9_15_21_22_29 2212       2.32e+08     60.53     52.16   2817.19  -5241.44      0.00
225_233_234_241_242_243_249_250_251_256_257_258_263_264_265_270_271_276 2212       2.32e+08     68.54     40.57   2854.64   5601.69      0.00
45_53_79_110_111_174_175_204_205_226_227_235_236_243_244_250_251_257_258_264_265_270_275_276 2212       2.33e+08     70.47     97.54   2932.69   3702.96      0.00
92_97_98_107_108_109_118_119_124_125_126_131_132_133_134_138_139_140_141_146_147_148_149_153_154_155_156_159_160_161_162_170_171_172_173_180_181_182_183_185_186_187_188_191_192_193_194_200_201_202_203_204_208_209_210_211_213_214_215_216_217_218_219_220_225_226_233_234_241_242_249_256_277_278_279_281_288 2212       2.34e+08     64.18    105.61    209.83   2821.72      0.00
212_217_223_224_231_232_233_238_239_240_246_247 2212       2.30e+08     64.46    161.27  -3813.65   2993.26      0.00
113_175_176_177_205_206_207_225_226_227_228_229_232_233_234_235_236_237_239_240_241_242_243_244_245_246_247_248_249_250_251_252_253_254_255_256_257_258_259_260_261_262_263_264_265_266_267_268_269_270_271_272_273_274_275_276 2212       2.41e+08     80.08    163.48  -2470.52   6607.75      0.00
12_13_19_20_27 2212       2.47e+08     55.89     17.89   -825.26  -4957.07      0.00
5_11_12_17_18_19_25_26_27_33_34_35_41_42_43_50_51_52_56_57_58_59_62_63_64_67_68_77 2212       2.52e+08     68.39     34.90  -1242.43  -3495.58      0.00
1_2_3_4_6_7_8_9_10_13_14_15_16_20_21_22_23_27_28_29_30_35_36_37_38_44_45_46_53_54_55_80_81_112_113 2212       2.59e+08     74.79    207.82   3277.76  -4744.80      0.00
0_1_2_3_4_5_6_7_8_9_10_11_12_13_14_15_16_17_18_19_20_21_22_23_24_25_26_27_28_29_30_31_32_33_34_35_36_37_38_39_40_41_42_43_44_45_46_47_48_49_50_51_52_53_54_55_56_57_58_59_60_61_62_63_64_65_66_67_68_69_70_71_72_73_74_75_76_77_78_79_80_81_82_83_84_85_86_87_88_89_90_91_92_93_94_95_96_97_98_100_101_102_103_104_105_106_107_108_109_110_111_112_114_115_116_117_118_119_120_121_122_123_124_125_126_127_128_129_130_131_132_133_134_135_136_137_138_139_140_141_142_143_144_145_146_147_148_149_150_151_152_153_154_155_156_157_158_159_160_161_162_164_165_166_167_168_169_170_171_172_173_174_175_176_178_179_180_181_182_183_184_185_186_187_188_189_190_191_192_193_194_195_196_197_198_199_200_201_202_203_204_205_206_207_208_209_210_211_212_213_214_215_216_217_218_219_220_221_222_223_224_225_226_227_228_229_230_231_232_233_234_235_236_237_238_239_240_241_242_243_244_245_246_247_248_249_250_251_252_253_254_255_256_257_258_259_260_261_262_263_264_265_266_267_268_269_270_271_272_273_274_275_276_277_278_279_280_281_282_283_284_285_286_287_288 2212       2.61e+08     84.61    274.23   -207.30   5278.44      0.00
5_11_12_17_18_19_24_25_26_27_31_32_33_34_39_40_41_42_43_47_48_49_50_51_52_56_57_58_59_60_61_62_63_64_65_66_67_68_69_70_71_72_73_74_75_76_77_78_79_82_83_84_85_86_87_88_89_90_91_92_93_94_95_96_97_98_99_100_101_102_103_104_105_106_107_108_109_110_111_114_115_116_117_118_119_120_121_122_123_124_125_126_127_128_129_130_131_132_133_134_135_136_137_138_139_140_141_142_143_144_145_146_147_148_149_150_151_152_153_154_155_156_157_158_159_160_161_162_163_164_165_166_167_168_169_170_171_172_173_174_175_176_178_179_180_181_182_183_184_185_186_187_188_189_190_191_192_193_194_195_196_197_198_199_200_201_202_203_204_205_206_207_208_209_210_211_212_213_214_215_216_217_218_219_220_221_222_223_224_225_226_227_228_229_230_231_232_233_234_235_236_237_238_239_240_241_242_243_244_245_246_247_248_249_250_251_252_253_254_255_256_257_258_259_260_261_262_263_264_265_266_267_268_269_270_271_272_273_274_275_276_277_278_279_280_281_282_283_284_285_286_287_288 2212       2.63e+08     85.60     33.01   -691.64   6376.83      0.00
1_2_3_4_6_7_8_9_10_12_13_14_15_16_19_20_21_22_23_26_27_28_29_30_33_34_35_36_37_38_41_42_43_44_45_46_50_51_52_53_54_55_56_57_58_59_60_61_62_63_64_65_66_67_68_71_72_73_74_75_76_77_78_79_80_81_82_83_84_85_86_87_88_89_90_91_92_93_94_95_96_97_98_102_103_104_105_106_107_108_109_110_111_112_114_115_116_117_118_119_120_121_122_123_124_125_126_127_128_129_130_131_132_133_134_135_136_137_138_139_140_141_142_143_144_145_146_147_148_149_150_151_152_153_154_155_156_157_158_159_160_161_162_166_167_168_169_170_171_172_173_174_175_176_178_179_180_181_182_183_184_185_186_187_188_189_190_191_192_193_194_197_198_199_200_201_202_203_204_205_206_207_208_209_210_211_212_213_214_215_216_217_218_219_220_223_224_225_226_227_228_229_232_233_234_235_236_237_240_241_242_243_244_245_247_248_249_250_251_252_254_255_256_257_258_259_260_261_262_263_264_265_266_267_268_269_270_271_272_273_274_275_276_277_278_279_280_281_282_283_284_285_286_287_288 2212       2.67e+08     82.63    102.01   1760.08    329.19      0.00
23_29_30_36_37_38_42_43_44_45_46_50_51_52_53_54_55_56_57_58_59_60_61_62_63_64_65_66_67_68_71_72_73_74_75_76_77_78_79_80_81_82_83_84_85_86_87_88_89_90_91_92_93_94_95_96_97_98_101_102_103_104_105_106_107_108_109_110_111_112_113_114_115_116_117_118_119_120_121_122_123_124_125_126_127_128_129_130_131_132_133_134_135_136_137_138_139_140_141_142_143_144_145_146_147_148_149_150_151_152_153_154_155_156_157_158_159_160_161_162_164_165_166_167_168_169_170_171_172_173_174_175_176_177_178_179_180_181_182_183_184_185_186_187_188_189_190_191_192_193_194_195_196_197_198_199_200_201_202_203_204_205_206_207_208_209_210_211_212_213_214_215_216_217_218_219_220_221_222_223_224_225_226_227_228_230_231_232_233_234_235_236_238_239_240_241_242_243_244_246_247_248_249_250_251_253_254_255_256_257_260_261_262_263_266_267_268_272_273_277_278_279_280_281_282_283_284_285_286_287_288 2212       2.76e+08     80.97    329.42  -3072.15   3479.34      0.00
0_1_2_3_4_5_6_7_8_9_10_11_12_13_14_15_16_18_19_20_21_22_23_25_26_27_28_29_30_32_33_34_35_36_37_38_40_41_42_43_44_45_46_49_50_51_52_53_54_55_56_57_58_59_60_61_62_63_64_65_66_67_68_71_72_73_74_75_76_77_78_79_80_81_82_83_84_85_86_87_88_89_90_91_92_93_94_95_96_97_98_101_102_103_104_105_106_107_108_109_110_111_112_113_114_115_116_117_118_119_120_121_122_123_124_125_126_127_128_129_130_131_132_133_134_135_136_137_138_139_140_141_142_143_144_145_146_147_148_149_150_151_152_153_154_155_156_157_158_159_160_161_162_165_166_167_168_169_170_171_172_173_174_175_176_177_178_179_180_181_182_183_184_185_186_187_188_189_190_191_192_193_194_197_198_199_200_201_202_203_204_205_206_207_208_209_210_211_212_213_214_215_216_217_218_219_220_223_224_225_226_227_228_229_231_232_233_234_235_236_237_239_240_241_242_243_244_245_247_248_249_250_251_252_254_255_256_257_258_259_260_261_262_263_264_265_266_267_268_269_270_271_272_273_274_275_276_277_278_279_280_281_282_283_284_285_286_287_288 2212       2.83e+08     86.24     92.65   5778.60   4011.31      0.00
3_8_9_15 2212       2.87e+08     48.95    220.34   1686.11  -6378.81      0.00
23_29_30_37_38_44_45_46_52_53_54_55_59_64_68_76_77_78_79_80_85_86_87_91_92_96_97_98_106_107_108_109_110_111_116_117_118_119_123_124_125_126_130_131_132_133_134_137_138_139_140_141_144_145_146_147_148_149_152_153_154_155_156_158_159_160_161_162_168_169_170_171_172_173_174_175_178_179_180_181_182_183_184_185_186_187_188_189_190_191_192_193_194_199_200_201_202_203_204_205_208_209_210_211_212_213_214_215_216_217_218_219_220_224_225_226_227_233_234_235_240_241_242_248_249_255_277_278_279_280_281_283_285_288 2212       2.87e+08     73.04    135.38   1774.60    635.94      0.00
250_257_263_264_269_270_274_275 2212       2.89e+08     61.70    297.78   1856.03   5845.78      0.00
2_3_4_8_9_10_14_15_16_20_21_22_23_27_28_29_30_35_36_37_43_44_45_46_52_53_54_59_63_64_68_77_78_79_80_86_87_92_97_98_108_109_110_111_112_119_125_126_133_134_140_141_148_149_155_156_162_173_174_175_176_183_194_204_205_206_207_226_227_228_229_235_236_237_243_244_245_251_252_258_259_265_271_276 2212       2.91e+08     77.14     74.18   4178.17   1330.03      0.00
0_1_2_3_5_6_7_8_9_11_12_13_14_15_17_18_19_20_21_22_24_25_26_27_28_29_32_33_34_35_36_40_41_42_43_44_48_49_50_51_52_53_56_57_58_59_60_61_62_63_64_65_66_67_68_70_71_72_73_74_75_76_77_78_79_82_83_84_85_86_87_88_89_90_91_92_93_94_95_96_97_98_101_102_103_104_105_106_107_108_109_110_114_115_116_117_118_119_120_121_122_123_124_125_126_127_128_129_130_131_132_133_134_135_136_137_138_139_140_141_142_143_144_145_146_147_148_149_150_151_152_153_154_155_156_157_158_159_160_161_162_165_166_167_168_169_170_171_172_173_174_178_179_180_181_182_183_184_185_186_187_188_189_190_191_192_193_194_196_197_198_199_200_201_202_203_204_205_208_209_210_211_212_213_214_215_216_217_218_219_220_222_223_224_225_226_227_231_232_233_234_235_238_239_240_241_242_243_246_247_248_249_250_251_253_254_255_256_257_258_260_261_262_263_264_265_266_267_268_269_270_271_272_273_274_275_276_277_278_279_280_281_282_283_284_285_286_287_288 2212       2.94e+08     82.42    269.15   -948.28   2708.61      0.00
2_3_4_7_8_9_10_13_14_15_16_19_20_21_22_23_26_27_28_29_30_33_34_35_36_37_38_41_42_43_44_45_46_49_50_51_52_53_54_55_56_57_58_59_60_61_62_63_64_65_66_67_68_71_72_73_74_75_76_77_78_79_80_81_82_83_84_85_86_87_88_89_90_91_92_93_94_95_96_97_98_101_102_103_104_105_106_107_108_109_110_111_112_113_114_115_116_117_118_119_120_121_122_123_124_125_126_127_128_129_130_131_132_133_134_135_136_137_138_139_140_141_142_143_144_145_146_147_148_149_150_151_152_153_154_155_156_157_158_159_160_161_162_165_166_167_168_169_170_171_172_173_174_175_176_177_178_179_180_181_182_183_184_185_186_187_188_189_190_191_192_193_194_196_197_198_199_200_201_202_203_204_205_206_207_208_209_210_211_212_213_214_215_216_217_218_219_220_222_223_224_225_226_227_228_229_230_231_232_233_234_235_236_237_238_239_240_241_242_243_244_245_246_247_248_249_250_251_252_253_254_255_256_257_258_259_260_261_262_263_264_265_266_267_268_269_270_271_272_273_274_275_276_277_278_279_280_281_282_283_284_285_286_287_288 2212       2.94e+08     86.43    300.53   2960.20   6608.08      0.00
0_1_2_5_6_7_8_9_11_12_13_14_15_16_17_18_19_20_21_22_23_24_25_26_27_28_29_30_31_32_33_34_35_36_37_38_39_40_41_42_43_44_45_46_47_48_49_50_51_52_53_54_55_56_57_58_59_60_61_62_63_64_65_66_67_68_69_70_71_72_73_74_75_76_77_78_79_80_81_82_83_84_85_86_87_88_89_90_91_92_93_94_95_96_97_98_99_100_101_102_103_104_105_106_107_108_109_110_111_112_113_114_115_116_117_118_119_120_121_122_123_124_125_126_127_128_129_130_131_132_133_134_135_136_137_138_139_140_141_142_143_144_145_146_147_148_149_150_151_152_153_154_155_156_157_158_159_160_161_162_163_164_165_166_167_168_169_170_171_172_173_174_175_176_177_178_179_180_181_182_183_184_185_186_187_188_189_190_191_192_193_194_195_196_197_198_199_200_201_202_203_204_205_206_207_208_209_210_211_212_213_214_215_216_217_218_219_220_223_224_225_226_227_228_229_232_233_234_235_236_237_242_243_244_245_250_251_252_259_277_278_279_280_281_282_283_284_285_286_287_288 2212       3.04e+08     82.03     19.11   6124.61    179.95      0.00
0_1_2_3_4_5_6_7_8_9_11_12_13_14_15_17_18_19_20_21_22_24_25_26_27_28_29_31_32_33_34_35_36_37_39_40_41_42_43_44_45_47_48_49_50_51_52_53_56_57_58_59_60_61_62_63_64_65_66_67_68_69_70_71_72_73_74_75_76_77_78_79_82_83_84_85_86_87_88_89_90_91_92_93_94_95_96_97_98_99_100_101_102_103_104_105_106_107_108_109_110_111_114_115_116_117_118_119_120_121_122_123_124_125_126_127_128_129_130_131_132_133_134_135_136_137_138_139_140_141_142_143_144_145_146_147_148_149_150_151_152_153_154_155_156_157_158_159_160_161_162_163_164_165_166_167_168_169_170_171_172_173_174_175_178_179_180_181_182_183_184_185_186_187_188_189_190_191_192_193_194_195_196_197_198_199_200_201_202_203_204_205_208_209_210_211_212_213_214_215_216_217_218_219_220_221_222_223_224_225_226_227_228_230_231_232_233_234_235_236_238_239_240_241_242_243_244_246_247_248_249_250_251_252_253_254_255_256_257_258_259_260_261_262_263_264_265_266_267_268_269_270_271_272_273_274_275_276_277_278_279_280_281_282_283_284_285_286_287_288 2212       3.14e+08     86.29    264.52  -5505.85    154.91      0.00
0_1_2_3_4_5_6_7_8_9_10_11_12_13_14_15_16_17_18_19_20_21_22_23_24_25_26_27_28_29_30_31_32_33_34_35_36_37_38_39_40_41_42_43_44_45_46_47_48_49_50_51_52_53_54_55_56_57_58_59_60_61_62_63_64_65_66_67_68_69_70_71_72_73_74_75_76_77_78_79_80_81_82_83_84_85_86_87_88_89_90_91_92_93_94_95_96_97_98_99_100_101_102_103_104_105_106_107_108_109_110_111_112_113_114_115_116_117_118_119_120_121_122_123_124_125_126_127_128_129_130_131_132_133_134_135_136_137_138_139_140_141_142_143_144_145_146_147_148_149_150_151_152_153_154_155_156_157_158_159_160_161_162_163_164_165_166_167_168_169_170_171_172_173_174_175_176_177_178_179_180_181_182_183_184_185_186_187_188_189_190_191_192_193_194_195_196_197_198_199_200_201_202_203_204_205_206_207_208_209_210_211_212_213_214_215_216_217_218_219_220_221_222_223_224_225_226_227_228_230_231_232_233_234_235_236_238_239_240_241_242_243_246_247_248_249_250_251_253_254_255_256_257_260_261_262_263_266_267_268_272_273_277_278_279_280_281_282_283_284_285_286_287_288 2212       3.15e+08     86.22    139.39  -1980.61  -4607.36      0.00
0_1_2_3_4_5_6_7_8_9_11_12_13_14_15_17_18_19_20_21_22_24_25_26_27_28_29_31_32_33_34_35_36_37_39_40_41_42_43_44_45_47_48_49_50_51_52_53_56_57_58_59_60_61_62_63_64_65_66_67_68_69_70_71_72_73_74_75_76_77_78_79_80_82_83_84_85_86_87_88_89_90_91_92_93_94_95_96_97_98_99_100_101_102_103_104_105_106_107_108_109_110_111_114_115_116_117_118_119_120_121_122_123_124_125_126_127_128_129_130_131_132_133_134_135_136_137_138_139_140_141_142_143_144_145_146_147_148_149_150_151_152_153_154_155_156_157_158_159_160_161_162_163_164_165_166_167_168_169_170_171_172_173_174_175_178_179_180_181_182_183_184_185_186_187_188_189_190_191_192_193_194_195_196_197_198_199_200_201_202_203_204_205_206_208_209_210_211_212_213_214_215_216_217_218_219_220_221_222_223_224_225_226_227_228_230_231_232_233_234_235_236_237_238_239_240_241_242_243_244_245_246_247_248_249_250_251_252_253_254_255_256_257_258_259_260_261_262_263_264_265_266_267_268_269_270_271_272_273_274_275_276_277_278_279_280_281_282_283_284_285_286_287_288 2212       3.16e+08     85.14     72.04  -3742.27  -3540.71      0.00
3_4_8_9_10_14_15_16_21_22_23_28_29_30_35_36_37_43_44_45_52_53_54_58_59_63_64_67_68_76_77_78_79_85_86_87_91_92_96_97_98_107_108_109_110_111_117_118_119_124_125_126_131_132_133_134_139_140_141_147_148_149_154_155_156_161_162_171_172_173_174_175_182_183_187_188_193_194_202_203_204_205_211_215_216_220_226_227_234_235_236_242_243_250_251_257_258_264_277_278_279_280_288 2212       3.17e+08     75.71    274.51   3071.42  -6190.56      0.00
16_23_30_37_38_45_46_54_80_112 2212       3.19e+08     62.61    260.11   5069.76  -3644.60      0.00
78_98_109_119_126_133_134_140_141_148_149_155_156_162_172_173_183_194 2212       3.10e+08     51.83    102.73   1517.77    103.63      0.00
56_57_60_61_62_65_66_73_74_75_82_83_84_85_88_89_90_93_94_95_96_103_104_105_106_114_115_116_117_120_121_122_123_127_128_129_130_135_136_137_138_142_143_144_145_150_151_152_153_157_158_159_167_168_169_178_179_180_184_185_189_190_199_200_208_212_282_283_284_285_286_287 2212       3.21e+08     52.91    103.04   -840.95    -51.02      0.00
0_1_2_3_5_6_7_8_11_12_13_14_17_18_19_20_21_24_25_26_27_28_31_32_33_34_35_36_39_40_41_42_43_44_48_49_50_51_52_56_57_58_59_60_61_62_63_64_65_66_67_68_70_71_72_73_74_75_76_77_78_82_83_84_85_86_87_88_89_90_91_92_93_94_95_96_97_98_100_101_102_103_104_105_106_107_108_109_110_114_115_116_117_118_119_120_121_122_123_124_125_126_127_128_129_130_131_132_133_134_135_136_137_138_139_140_141_142_143_144_145_146_147_148_149_150_151_152_153_154_155_156_157_158_159_160_161_162_164_165_166_167_168_169_170_171_172_173_174_178_179_180_181_182_183_184_185_186_187_188_189_190_191_192_193_194_196_197_198_199_200_201_202_203_204_205_208_209_210_211_212_213_214_215_216_217_218_219_220_222_223_224_225_226_227_231_232_233_234_235_239_240_241_242_243_246_247_248_249_250_251_253_254_255_256_257_258_260_261_262_263_264_266_267_268_269_270_271_272_273_274_275_276_277_278_279_280_281_282_283_284_285_286_287_288 2212       3.22e+08     81.41    262.48  -1642.77  -1426.91      0.00
223_224_232_233_240_241_242_248_249_255_256_257_262_263_269_275 2212       3.23e+08     66.38     44.20    -74.04   4517.41      0.00
2_3_4_7_8_9_10_12_13_14_15_16_19_20_21_22_23_25_26_27_28_29_30_32_33_34_35_36_37_39_40_41_42_43_44_48_49_50_51_52_56_57_58_59_60_61_62_63_64_65_66_67_68_69_70_71_72_73_74_75_76_77_82_83_84_85_86_87_88_89_90_91_92_93_94_95_96_97_99_100_101_102_103_104_105_106_107_114_115_116_117_120_121_122_123_124_127_128_129_130_131_135_136_137_138_142_143_144_145_150_151_152_157_158_163_164_165_166_167_168_178_195_196_197_198_221_222_223_230_231_238_279_280_282_284_285_286_287 2212       3.23e+08     77.72    143.77  -1770.85  -2376.68      0.00
0_1_2_3_4_5_6_7_8_9_10_11_12_13_14_15_16_17_18_19_20_21_22_23_24_25_26_27_28_29_30_31_32_33_34_35_36_37_38_39_40_41_42_43_44_45_46_47_48_49_50_51_52_53_54_55_56_57_58_59_60_61_62_63_64_65_66_67_68_69_70_71_72_73_74_75_76_77_78_79_80_81_82_83_84_85_86_87_88_89_90_91_92_93_94_95_96_97_98_99_100_101_102_103_104_105_106_107_108_109_110_111_112_113_114_115_116_117_118_119_120_121_122_123_124_125_126_127_128_129_130_131_132_133_134_135_136_137_138_139_140_141_142_143_144_145_146_147_148_149_150_151_152_153_154_155_156_157_158_159_160_161_162_163_164_165_166_167_168_169_170_171_172_173_174_175_176_177_178_179_180_181_182_183_184_185_186_187_188_189_190_191_192_193_194_195_196_197_198_199_200_201_202_203_204_205_206_207_208_209_210_211_212_213_214_215_216_217_218_219_220_221_222_223_224_225_226_227_228_229_230_231_232_233_234_235_236_237_238_239_240_241_242_243_244_245_246_247_248_249_250_251_252_253_254_255_256_257_258_259_260_261_262_263_264_265_266_267_268_269_270_271_272_273_274_275_276_277_278_279_280_281_282_283_284_285_286_287_288 2212       3.35e+08     87.11    216.58    702.30   -234.17      0.00
33_41_42_50 2212       3.37e+08     50.41     27.60  -1498.72  -2731.55      0.00
224_225_226_231_232_233_234_235_236_238_239_240_241_242_243_244_246_247_248_249_250_251_252_253_254_255_256_257_258_260_261_262_263_264_266_267_268_272 2212       3.30e+08     74.07    171.72  -5232.28   4872.77      0.00
257_264_270_275 2212       3.46e+08     54.34    282.34   1948.09   5620.34      0.00
254_260_261_266 2212       3.52e+08     54.83    343.34  -3942.70   5902.86      0.00
0_5_11_17_18_24_25_31_32_33_39_40_41_47_48_49_50_69_70_71_72_73_82_88_93_94_99_100_101_102_103_104_114_115_120_121_127_128_129_135_136_137_142_143_144_150_151_152_157_158_159_163_164_165_166_167_168_169_178_179_180_184_185_189_190_191_195_196_197_198_199_200_201_208_209_212_213_214_217_218_221_222_223_224_225_230_231_232_233_238_239_240_241_242_246_247_248_249_253_254_255_256_260_261_262_263_266_267_268_269_272_273_274_275_281_283_285_286_287 2212       3.52e+08     80.85    249.36  -5219.61   -440.37      0.00
14_15_21_28_29_35_36_43_44_52_53_58_59_63_64_67_68_76_77_78_79_85_86_87_91_92_96_97_98_107_108_109_110_111_118_119_124_125_126_132_133_134_139_140_141_147_148_149_154_155_156_161_162_171_172_173_174_175_182_183_187_188_193_194_202_203_204_205_211_215_216_220_226_227_228_234_235_236_242_243_244_250_251_252_257_258_259_264_265_270_271_275_276_277_278_279_280_288 2212       3.66e+08     73.67     81.72   3156.54   4146.88      0.00
71_101_102_165_166_196_197_222_223_230_231_232_238_239_240_246_247_253_254_260_266 2212       3.67e+08     69.60    290.69  -4402.76   2908.10      0.00
205_226_227_228_234_235_236_242_243_250 2212       3.73e+08     61.71    157.86   2313.83   2730.59      0.00
69_99_100_163_164_165_195_196_221_222_223_230_231_232_238_239_240_246_247_248_253_254_255_260_261_262_267_268_272_273_274 2212       3.74e+08     72.02     47.49  -3596.50   4139.36      0.00
0_1_2_3_5_6_7_8_9_11_12_13_14_15_16_17_18_19_20_21_22_23_25_26_27_28_29_30_32_33_34_35_36_37_38_41_42_43_44_45_46_50_51_52_53_54_55_56_57_58_59_60_61_62_63_64_65_66_67_68_72_73_74_75_76_77_78_79_80_81_82_83_84_85_86_87_88_89_90_91_92_93_94_95_96_97_98_103_104_105_106_107_108_109_110_111_112_113_114_115_116_117_118_119_120_121_122_123_124_125_126_128_129_130_131_132_133_134_135_136_137_138_139_140_141_143_144_145_146_147_148_149_151_152_153_154_155_156_158_159_160_161_162_169_170_171_172_173_174_175_176_177_179_180_181_182_183_185_186_187_188_191_192_193_194_201_202_203_204_205_206_207_210_211_214_215_216_219_220_226_227_228_229_235_236_237_243_244_245_251_252_259_277_278_279_280_281_282_283_284_286_287_288 2212       3.76e+08     80.60    221.77   2575.32  -2023.73      0.00
45_46_53_54_80_81_112 2212       3.79e+08     59.36     22.99   5331.44  -1739.89      0.00
166_189_197_198_199_200_208_209_212_213_214_217_218_219_223_224_225_232_233_234 2212       3.70e+08     61.60    193.26  -2137.84   1877.30      0.00
0_1_2_5_6_7_8_11_12_13_14_17_18_19_20_21_24_25_26_27_28_31_32_33_34_35_36_39_40_41_42_43_44_47_48_49_50_51_52_53_56_57_58_59_60_61_62_63_64_65_66_67_68_69_70_71_72_73_74_75_76_77_78_79_82_83_84_85_86_87_88_89_90_91_92_93_94_95_96_97_98_99_100_101_102_103_104_105_106_107_108_109_110_111_114_115_116_117_118_119_120_121_122_123_124_125_126_127_128_129_130_131_132_133_134_135_136_137_138_139_140_141_142_143_144_145_146_147_148_149_150_151_152_153_154_155_156_157_158_159_160_161_162_163_164_165_166_167_168_169_170_171_172_173_174_175_178_179_180_181_182_183_184_185_186_187_188_189_190_191_192_193_194_195_196_197_198_199_200_201_202_203_204_205_206_208_209_210_211_212_213_214_215_216_217_218_219_220_221_222_223_224_225_226_227_228_230_231_232_233_234_235_236_237_238_239_240_241_242_243_244_245_246_247_248_249_250_251_252_253_254_255_256_257_258_259_260_261_262_263_264_265_266_267_268_269_270_271_272_273_274_275_276_277_278_279_280_281_282_283_284_285_286_287_288 2212       3.82e+08     86.09    241.37  -4936.76   1671.43      0.00
41_49_50_56_57_60_61_65_66_71_72_73_74_75_82_83_84_85_88_89_90_93_94_95_96_102_103_104_105_106_107_114_115_116_117_120_121_122_123_124_127_128_129_130_131_132_135_136_137_138_139_142_143_144_145_146_147_150_151_152_153_154_155_157_158_159_160_161_166_167_168_169_170_171_172_178_179_180_181_182_183_184_185_186_187_188_189_190_191_192_193_194_198_199_200_201_202_203_208_209_210_211_212_213_214_215_216_217_218_219_220_224_225_233_234_242_277_278_281_282_283_284_285_286_287_288 2212       3.82e+08     67.33     55.67   -668.32    858.46      0.00
0_1_2_3_4_5_6_7_8_9_10_12_13_14_15_16_19_20_21_22_23_27_28_29_30_35_36_37_38_44_45_46_53_54_55_81_113 2212       3.89e+08     77.31    197.14   5308.94  -4284.90      0.00
235_242_243_249_250 2212       3.96e+08     56.77    348.69   2069.22   3540.94      0.00
12_18_19_25_32 2212       4.07e+08     55.78    337.32  -2951.00  -4542.87      0.00
17_24_31_39_47_48_69_70_99_100_101_163_164_165_195_196_221_222_230_231_238_239_246_253_260_266 2212       4.08e+08     77.84    267.67  -7324.71  -1238.61      0.00
0_1_2_3_4_5_6_7_8_9_10_11_12_13_14_15_16_17_18_19_20_21_22_23_24_25_26_27_28_29_30_31_32_33_34_35_36_37_38_39_40_41_42_43_44_45_46_47_48_49_50_51_52_53_54_55_56_57_58_59_60_61_62_63_64_65_66_67_68_69_70_71_72_73_74_75_76_77_78_79_80_81_82_83_84_85_86_87_88_89_90_91_92_93_94_95_96_97_98_99_100_101_102_103_104_105_106_107_108_109_110_111_112_113_114_115_116_117_118_119_120_121_122_123_124_125_126_127_128_129_130_131_132_133_134_135_136_137_138_139_140_141_142_143_144_145_146_147_148_149_150_151_152_153_154_155_156_157_158_159_160_161_162_163_164_165_166_167_168_169_170_171_172_173_174_175_176_177_178_179_180_181_182_183_184_185_186_187_188_189_190_191_192_193_194_195_196_197_198_199_200_201_202_203_204_205_206_207_208_209_210_211_212_213_214_215_216_217_218_219_220_221_222_223_224_225_226_227_228_229_230_231_232_233_234_235_236_237_239_240_241_242_243_244_245_248_249_250_251_252_256_257_258_259_263_264_265_270_271_276_277_278_279_280_281_282_283_284_285_286_287_288 2212       4.08e+08     86.20     31.32   4746.68  -3199.75      0.00
69_99_100_163_164_195_196_221_222_223_230_231_238_239_240_246_247_254_255_261 2212       4.15e+08     68.21    225.16  -5941.44   1512.88      0.00
2_3_7_8_9_12_13_14_15_18_19_20_21_24_25_26_27_32_33_34_35_39_40_41_42_47_48_49_50_56_60_69_70_71_72_99_100_101_102_163_164_165_166_195_196_197_221_222_230 2212       4.16e+08     75.46    139.45  -7192.93    982.81      0.00
0_1_2_3_5_6_7_8_11_12_13_17_18_19_20_24_25_26_31_32_33_39_40_41_47_48_49_69_70_99_100_101_163_164_195 2212       4.19e+08     77.22    316.89  -3721.85  -4994.62      0.00
1_2_3_4_6_7_8_9_10_12_13_14_15_16_18_19_20_21_22_23_24_25_26_27_28_29_30_32_33_34_35_36_37_38_39_40_41_42_43_44_45_46_47_48_49_50_51_52_53_54_55_56_57_58_59_60_61_62_63_64_65_66_67_68_69_70_71_72_73_74_75_76_77_78_79_80_82_83_84_85_86_87_88_89_90_91_92_93_94_95_96_97_98_99_100_101_102_103_104_105_106_107_108_109_110_111_114_115_116_117_118_119_120_121_122_123_124_125_126_127_128_129_130_131_132_133_134_135_136_137_138_139_140_141_142_143_144_145_146_147_148_149_150_151_152_153_154_155_156_157_158_159_160_161_162_163_164_165_166_167_168_169_170_171_172_173_174_175_178_179_180_181_182_183_184_185_186_187_188_189_190_191_192_193_194_195_196_197_198_199_200_201_202_203_204_205_208_209_210_211_212_213_214_215_216_217_218_219_220_221_222_223_224_225_226_227_230_231_232_233_234_235_238_239_240_241_242_246_247_248_249_250_253_254_255_256_260_261_262_263_266_267_268_272_273_277_278_279_280_281_282_283_284_285_286_287_288 2212       4.23e+08     82.54    311.75  -1298.59   -275.25      0.00
0_1_2_3_4_5_6_7_8_9_10_11_12_13_14_15_16_17_18_19_20_21_22_24_25_26_27_28_29_31_32_33_34_35_36_37_39_40_41_42_43_44_45_47_48_49_50_51_52_53_56_57_58_59_60_61_62_63_64_65_66_67_68_69_70_71_72_73_74_75_76_77_78_79_82_83_84_85_86_87_88_89_90_91_92_93_94_95_96_97_98_100_101_102_103_104_105_106_107_108_109_110_111_114_115_116_117_118_119_120_121_122_123_124_125_126_127_128_129_130_131_132_133_134_135_136_137_138_139_140_141_142_143_144_145_146_147_148_149_150_151_152_153_154_155_156_157_158_159_160_161_162_164_165_166_167_168_169_170_171_172_173_174_175_178_179_180_181_182_183_184_185_186_187_188_189_190_191_192_193_194_195_196_197_198_199_200_201_202_203_204_205_208_209_210_211_212_213_214_215_216_217_218_219_220_221_222_223_224_225_226_227_230_231_232_233_234_235_236_238_239_240_241_242_243_244_246_247_248_249_250_251_253_254_255_256_257_258_260_261_262_263_264_265_266_267_268_269_270_271_272_273_274_275_276_277_278_279_280_281_282_283_284_285_286_287_288 2212       4.25e+08     83.88     85.64  -1668.61  -4453.78      0.00
0_1_2_5_6_7_8_11_12_13_14_15_17_18_19_20_21_24_25_26_27_28_29_31_32_33_34_35_36_37_40_41_42_43_44_45_48_49_50_51_52_53_54_56_57_58_59_60_61_62_63_64_65_66_67_68_71_72_73_74_75_76_77_78_79_80_82_83_84_85_86_87_88_89_90_91_92_93_94_95_96_97_98_102_103_104_105_106_107_108_109_110_111_112_114_115_116_117_118_119_120_121_122_123_124_125_126_127_128_129_130_131_132_133_134_135_136_137_138_139_140_141_142_143_144_145_146_147_148_149_150_151_152_153_154_155_156_157_158_159_160_161_162_166_167_168_169_170_171_172_173_174_175_176_178_179_180_181_182_183_184_185_186_187_188_189_190_191_192_193_194_198_199_200_201_202_203_204_205_206_207_208_209_210_211_212_213_214_215_216_217_218_219_220_224_225_226_227_228_229_233_234_235_236_237_242_243_244_245_249_250_251_252_257_258_259_264_265_270_271_276_277_278_279_280_281_282_283_284_285_286_287_288 2212       4.32e+08     80.38    230.53  -3901.61  -7007.94      0.00
0_1_2_3_4_5_6_7_8_9_10_12_13_14_15_16_18_19_20_21_22_23_26_27_28_29_30_33_34_35_36_37_38_41_42_43_44_45_46_50_51_52_53_54_55_56_57_58_59_60_61_62_63_64_65_66_67_68_72_73_74_75_76_77_78_79_80_81_82_83_84_85_86_87_88_89_90_91_92_93_94_95_96_97_98_103_104_105_106_107_108_109_110_111_112_113_114_115_116_117_118_119_120_121_122_123_124_125_126_128_129_130_131_132_133_134_136_137_138_139_140_141_143_144_145_146_147_148_149_151_152_153_154_155_156_158_159_160_161_162_168_169_170_171_172_173_174_175_176_177_179_180_181_182_183_185_186_187_188_190_191_192_193_194_200_201_202_203_204_205_206_207_209_210_211_213_214_215_216_218_219_220_225_226_227_228_229_234_235_236_237_242_243_244_245_250_251_252_257_258_259_264_265_270_271_276_277_278_279_280_281_282_283_284_285_286_287_288 2212       4.33e+08     84.02    237.21   5500.04  -1192.84      0.00
137_138_145_146_152_153_154_158_159_160_161_169_170_171_179_180_181_182_185_186_187_188_190_191_192_193_200_201_202_203_209_210_211_213_214_215_216_218_219_220_277_281_283_288 2212       4.35e+08     42.71     45.22    198.08    900.58      0.00
174_204_205_227 2212       4.39e+08     50.32    225.78   2688.89   1282.54      0.00
85_90_91_95_96_97_105_106_107_116_117_118_122_123_124_125_129_130_131_132_137_138_139_140_144_145_146_147_151_152_153_154_155_158_159_160_161_168_169_170_171_172_179_180_181_182_184_185_186_187_190_191_192_193_199_200_201_202_208_209_210_211_212_213_214_215_217_218_219_277_278_279_280_281_283_284_285_288 2212       4.46e+08     49.50    111.20    -94.45    659.29      0.00
22_28_29_36_43_44_52_53_59_63_64_68_76_77_78_85_86_87_91_92_96_97_98_107_108_109_110_117_118_119_124_125_126_131_132_133_134_139_140_141_146_147_148_149_154_155_156_161_162_171_172_173_182_183_187_188_193_194_203_277_278_279_280_288 2212       4.46e+08     63.43    111.47   1861.04  -1534.71      0.00
10_16_22_23_29_30_36_37_38_44_45_46_52_53_54_55_59_64_68_76_77_78_79_80_81_86_87_91_92_96_97_98_107_108_109_110_111_112_113_117_118_119_124_125_126_131_132_133_134_138_139_140_141_146_147_148_149_153_154_155_156_159_160_161_162_170_171_172_173_174_175_176_177_180_181_182_183_185_186_187_188_191_192_193_194_200_201_202_203_204_205_206_207_208_209_210_211_213_214_215_216_217_218_219_220_225_226_227_228_229_233_234_235_236_237_241_242_243_244_245_248_249_250_251_252_255_256_257_258_259_261_262_263_264_265_267_268_269_270_271_272_273_274_275_276_277_278_279_280_281_288 2212       4.63e+08     83.76    294.20   6441.17   1629.99      0.00
32_40_48_49_70_71_72_93_101_102_103_114_120_121_127_128_129_135_136_142_143_144_150_151_152_157_158_159_165_166_167_168_169_178_179_180_184_185_186_189_190_191_197_198_199_200_201_208_209_210_212_213_214_217_218_219_223_224_225_231_232_233_234_240_241_242_247_248_249_250_255_256_257_261_262_263_264_268_269_270_273_274_275_276_281_283_285_286 2212       4.74e+08     73.76     58.16    289.24   5705.18      0.00
1_2_3_4_6_7_8_9_10_13_14_15_16_20_21_22_23_28_29_30_36_37_38_46 2212       4.76e+08     74.38    192.21   3973.90  -5278.90      0.00
232_240_247_254_261 2212       4.77e+08     57.55    264.24  -2891.31   3834.61      0.00
16_22_23_28_29_30_36_37_38_43_44_45_46_51_52_53_54_55_56_57_58_59_60_61_62_63_64_65_66_67_68_72_73_74_75_76_77_78_79_80_81_82_83_84_85_86_87_88_89_90_91_92_93_94_95_96_97_98_102_103_104_105_106_107_108_109_110_111_112_113_114_115_116_117_118_119_120_121_122_123_124_125_126_127_128_129_130_131_132_133_134_135_136_137_138_139_140_141_142_143_144_145_146_147_148_149_150_151_152_153_154_155_156_157_158_159_160_161_162_165_166_167_168_169_170_171_172_173_174_175_176_177_178_179_180_181_182_183_184_185_186_187_188_189_190_191_192_193_194_196_197_198_199_200_201_202_203_204_205_206_207_208_209_210_211_212_213_214_215_216_217_218_219_220_222_223_224_225_226_227_228_230_231_232_233_234_235_236_237_238_239_240_241_242_243_244_246_247_248_249_250_251_253_254_255_256_257_258_260_261_262_263_264_266_267_268_269_272_273_274_277_278_279_280_281_282_283_284_285_286_287_288 2212       4.87e+08     81.65    319.53  -4252.14   6131.79      0.00
2_3_4_6_7_8_9_10_11_12_13_14_15_16_17_18_19_20_21_22_23_24_25_26_27_28_29_30_31_32_33_34_35_36_37_38_39_40_41_42_43_44_45_46_47_48_49_50_51_52_53_54_55_56_57_58_59_60_61_62_63_64_65_66_67_68_69_70_71_72_73_74_75_76_77_78_79_80_81_82_83_84_85_86_87_88_89_90_91_92_93_94_95_96_97_98_99_100_101_102_103_104_105_106_107_108_109_110_111_112_113_114_115_116_117_118_119_120_121_122_123_124_125_126_127_128_129_130_131_132_133_134_135_136_137_138_139_140_141_142_143_144_145_146_147_148_149_150_151_152_153_154_155_156_157_158_159_160_161_162_163_164_165_166_167_168_169_170_171_172_173_174_175_176_177_178_179_180_181_182_183_184_185_186_187_188_189_190_191_192_193_194_195_196_197_198_199_200_201_202_203_204_205_206_207_208_209_210_211_212_213_214_215_216_217_218_219_220_221_222_223_224_225_226_227_228_229_230_231_232_233_234_235_236_237_238_239_240_241_242_243_244_245_246_247_248_249_250_251_252_253_254_255_256_257_258_259_260_261_262_263_264_265_266_267_277_278_279_280_281_282_283_284_285_286_287_288 2212       4.80e+08     84.33    173.41   2829.65   -643.72      0.00
109_119_126_133_134_141_148_149_155_156_162_172_173_183_188_194_204 2212       4.91e+08     43.01     99.65   1523.70    448.03      0.00
17_18_24_25_26_32_33 2212       4.91e+08     59.57      6.92  -2968.50  -4075.94      0.00
24_31_32_39_40_47_48_49_69_70_71_72_99_100_101_102_103_114_120_121_127_128_135_136_142_143_144_150_151_152_157_158_159_163_164_165_166_167_168_169_178_179_180_184_185_186_189_190_191_192_195_196_197_198_199_200_201_202_208_209_210_212_213_214_215_217_218_219_220_221_222_223_224_225_230_231_232_233_234_238_239_240_241_242_243_246_247_248_249_250_253_254_255_256_257_258_260_261_262_263_264_265_266_267_268_269_270_271_272_273_274_275_276_281_283_285_286 2212       4.91e+08     82.72     42.05  -4102.20   4020.78      0.00
23_29_30_36_37_38_43_44_45_46_51_52_53_54_55_56_57_58_59_60_61_62_63_64_65_66_67_68_72_73_74_75_76_77_78_79_80_81_82_83_84_85_86_87_88_89_90_91_92_93_94_95_96_97_98_103_104_105_106_107_108_109_110_111_112_113_114_115_116_117_118_119_120_121_122_123_124_125_126_127_128_129_130_131_132_133_134_135_136_137_138_139_140_141_142_143_144_145_146_147_148_149_150_151_152_153_154_155_156_157_158_159_160_161_162_166_167_168_169_170_171_172_173_174_175_176_178_179_180_181_182_183_184_185_186_187_188_189_190_191_192_193_194_197_198_199_200_201_202_203_204_205_206_208_209_210_211_212_213_214_215_216_217_218_219_220_223_224_225_226_231_232_233_234_277_278_279_280_281_282_283_284_285_286_287_288 2212       4.00e+08     77.96    154.98   6331.19  -2545.88      0.00
81_112_176_206_207_228_229_237 2212       5.16e+08     58.09    281.98   6319.52     21.59      0.00
64_68_76_77_85_86_87_90_91_92_95_96_97_98_106_107_108_109_116_117_118_119_122_123_124_125_126_130_131_132_133_134_138_139_140_141_145_146_147_148_153_154_155_278_279_280_282_284 2212       5.24e+08     46.51    341.33    764.28   -490.98      0.00
44_45_53_79 2212       5.33e+08     49.65    297.89   3495.17  -2243.41      0.00
248_254_255_261 2212       5.45e+08     50.20    123.28  -2853.39   5061.44      0.00
0_1_5_6_11_12_17_18_19_24_25_26_31_32_33_39_40_41_47_48_49_50_69_70_71_72_99_100_101_102_163_164_165_166_195_196_197_221_222_223_230_231_232_238_239_240_246_247_253_254_260_261_266_267_272 2212       5.51e+08     82.63    277.41  -7025.97  -1302.82      0.00
0_1_2_3_4_5_6_7_8_9_10_11_12_13_14_15_16_17_18_19_20_21_22_23_24_25_26_27_28_29_30_31_32_33_34_35_36_37_38_39_40_41_42_43_44_45_46_47_48_49_50_51_52_53_54_55_56_57_58_59_60_61_62_63_64_65_66_67_68_69_70_71_72_73_74_75_76_77_78_79_80_81_82_83_84_85_86_87_88_89_90_91_92_93_94_95_96_97_98_99_100_101_102_103_104_105_106_107_108_109_110_111_112_113_114_115_116_117_118_119_120_121_122_123_124_125_126_127_128_129_130_131_132_133_134_135_136_137_138_139_140_141_142_143_144_145_146_147_148_149_150_151_152_153_154_155_156_157_158_159_160_161_162_163_164_165_166_167_168_169_170_171_172_173_174_175_176_177_178_179_180_181_182_183_184_185_186_187_188_189_190_191_192_193_194_195_196_197_198_199_200_201_202_203_204_205_206_207_208_209_210_211_212_213_214_215_216_217_218_219_220_221_222_223_224_225_226_227_228_229_230_231_232_233_234_235_236_237_238_239_240_241_242_243_244_245_246_247_248_249_250_251_252_253_254_255_256_257_258_259_260_261_262_263_264_265_266_267_268_269_270_271_272_273_274_275_276_277_278_279_280_281_282_283_284_285_286_287_288 2212       5.52e+08     86.50    258.15   -110.88  -3488.84      0.00
147_155_161_162_171_172_182_277 2212       5.57e+08     35.67    345.43    827.17    394.44      0.00
0_1_2_3_4_5_6_7_8_9_10_11_12_13_14_15_16_18_19_20_21_22_23_25_26_27_28_29_30_33_34_35_36_37_38_41_42_43_44_45_46_49_50_51_52_53_54_55_56_57_58_59_60_61_62_63_64_65_66_67_68_71_72_73_74_75_76_77_78_79_80_81_82_83_84_85_86_87_88_89_90_91_92_93_94_95_96_97_98_102_103_104_105_106_107_108_109_110_111_112_113_114_115_116_117_118_119_120_121_122_123_124_125_126_127_128_129_130_131_132_133_134_135_136_137_138_139_140_141_142_143_144_145_146_147_148_149_150_151_152_153_154_155_156_157_158_159_160_161_162_166_167_168_169_170_171_172_173_174_175_176_177_178_179_180_181_182_183_184_185_186_187_188_189_190_191_192_193_194_198_199_200_201_202_203_204_205_206_207_208_209_210_211_212_213_214_215_216_217_218_219_220_224_225_226_227_228_229_233_234_235_236_237_241_242_243_244_245_248_249_250_251_252_256_257_258_259_262_263_264_265_268_269_270_271_274_275_276_277_278_279_280_281_282_283_284_285_286_287_288 2212       5.58e+08     83.76     74.49   4108.01   1403.46      0.00
0_1_2_3_4_5_6_7_8_9_10_11_12_13_14_15_16_17_18_19_20_21_22_23_24_25_26_27_28_29_30_31_32_33_34_35_36_37_38_39_40_41_42_43_44_45_47_48_49_50_51_52_53_54_56_57_58_59_60_61_62_63_64_65_66_67_68_69_70_71_72_73_74_75_76_77_78_79_82_83_84_85_86_87_88_89_90_91_92_93_94_95_96_97_98_99_100_101_102_103_104_105_106_107_108_109_110_114_115_116_117_118_119_120_121_122_123_124_125_126_127_128_129_130_131_132_133_134_135_136_137_138_139_140_141_142_143_144_145_146_147_148_149_150_151_152_153_154_155_156_157_158_159_160_161_162_163_164_165_166_167_168_169_170_171_172_173_178_179_180_181_182_183_184_185_186_187_188_189_190_191_192_193_194_195_196_197_198_199_200_201_202_203_204_208_209_210_211_212_213_214_215_216_217_218_219_220_221_222_223_224_225_230_231_232_233_238_239_240_241_246_247_248_253_254_260_266_277_278_279_280_281_282_283_284_285_286_287_288 2212       5.64e+08     84.81    135.23  -5071.81  -2929.07      0.00
166_167_178_189_197_198_199_208_212_217_223_224_232 2212       5.65e+08     57.40    353.34  -2549.56   1416.73      0.00
21_27_28_35_43_51_52_56_57_58_59_61_62_63_64_65_66_67_68_74_75_76_77_78_83_84_85_86_87_89_90_91_92_94_95_96_97_98_105_106_107_108_109_116_117_118_119_122_123_124_125_126_130_131_132_133_137_138_139_140_141_145_146_147_148_153_154_155_159_160_161_162_170_171_172_181_182_187_277_278_279_280_282_284 2212       5.65e+08     63.15    279.63    848.12  -2821.24      0.00
113_177_207_229 2212       5.83e+08     53.23    127.31   6998.71    964.41      0.00
224_233_241_248_249_255_256_262 2212       6.02e+08     58.70    262.93  -1059.27   3537.58      0.00
1_2_3_4_7_8_9_10_13_14_15_16_19_20_21_22_23_26_27_28_29_30_34_35_36_37_38_42_43_44_45_46_50_51_52_53_54_55_56_57_58_59_60_61_62_63_64_65_66_67_68_72_73_74_75_76_77_78_79_80_81_82_83_84_85_86_87_88_89_90_91_92_93_94_95_96_97_98_103_104_105_106_107_108_109_110_111_112_113_114_115_116_117_118_119_120_121_122_123_124_125_126_127_128_129_130_131_132_133_134_135_136_137_138_139_140_141_142_143_144_145_146_147_148_149_150_151_152_153_154_155_156_157_158_159_160_161_162_167_168_169_170_171_172_173_174_175_176_177_178_179_180_181_182_183_184_185_186_187_188_189_190_191_192_193_194_199_200_201_202_203_204_205_206_207_208_209_210_211_212_213_214_215_216_217_218_219_220_225_226_227_228_229_233_234_235_236_237_241_242_243_244_245_249_250_251_252_256_257_258_259_262_263_264_265_269_270_271_274_275_276_277_278_279_280_281_282_283_284_285_286_287_288 2212       6.08e+08     82.24    261.27   3109.03  -3002.19      0.00
17_18_19_20_24_25_26_27_28_29_30_31_32_33_34_35_36_37_38_39_40_41_42_43_44_45_46_47_48_49_50_51_52_53_54_55_56_57_58_59_60_61_62_63_64_65_66_67_68_69_70_71_72_73_74_75_76_77_78_79_80_81_82_83_84_85_86_87_88_89_90_91_92_93_94_95_96_97_98_99_100_101_102_103_104_105_106_107_108_109_110_111_112_113_114_115_116_117_118_119_120_121_122_123_124_125_126_127_128_129_130_131_132_133_134_135_136_137_138_139_140_141_142_143_144_145_146_147_148_149_150_151_152_153_154_155_156_157_158_159_160_161_162_163_164_165_166_167_168_169_170_171_172_173_174_175_176_177_178_179_180_181_182_183_184_185_186_187_188_189_190_191_192_193_194_195_196_197_198_199_200_201_202_203_204_205_206_207_208_209_210_211_212_213_214_215_216_217_218_219_220_221_222_223_224_225_226_227_228_229_230_231_232_233_234_235_236_237_277_278_279_280_281_282_283_284_285_286_287_288 2212       6.15e+08     80.54      0.01     39.93  -1073.76      0.00
0_1_2_3_4_5_6_7_8_9_10_11_12_13_14_15_16_17_18_19_20_21_22_23_24_25_26_27_28_29_30_31_32_33_34_35_36_37_38_39_40_41_42_43_44_45_46_47_48_49_50_51_52_53_54_55_56_57_58_59_60_61_62_63_64_65_66_67_68_69_70_71_72_73_74_75_76_77_78_79_80_82_83_84_85_86_87_88_89_90_91_92_93_94_95_96_97_98_99_100_101_102_103_104_105_106_107_108_109_110_111_112_114_115_116_117_118_119_120_121_122_123_124_125_126_127_128_129_130_131_132_133_134_135_136_137_138_139_140_141_142_143_144_145_146_147_148_149_150_151_152_153_154_155_156_157_158_159_160_161_162_163_164_165_166_167_168_169_170_171_172_173_174_175_178_179_180_181_182_183_184_185_186_187_188_189_190_191_192_193_194_195_196_197_198_199_200_201_202_203_204_205_208_209_210_211_212_213_214_215_216_217_218_219_220_221_222_223_224_225_226_227_230_231_232_233_234_235_238_239_240_241_242_246_247_248_249_250_253_254_255_256_260_261_262_266_267_268_272_273_277_278_279_280_281_282_283_284_285_286_287_288 2212       6.10e+08     83.47    317.72  -4001.84   1115.68      0.00
47_69_70_99_100_101_102_142_150_157_163_164_165_166_167_168_178_179_184_185_189_190_191_195_196_197_198_199_200_201_202_208_209_210_211_212_213_214_215_216_217_218_219_220_221_222_223_224_225_226_230_231_232_233_234_235_238_239_240_241_242_243_244_246_247_248_249_250_251_252_253_254_255_256_257_258_259_260_261_262_263_264_265_267_268_269_270_271_274_275_276_281_285 2212       6.26e+08     77.60     25.48  -1364.61   3621.82      0.00
205_227_235_236_243_244_245_251_252_258_259_265_271 2212       6.27e+08     68.52    234.40   4667.82   4243.30      0.00
30_37_38_45 2212       6.29e+08     55.92    336.46   4920.90  -3209.88      0.00
234_241_242_248_249_250_255_256_261_262_267_268_273 2212       6.41e+08     62.28    138.87   -934.80   5091.10      0.00
47_69_99_100_163_164_195 2212       6.42e+08     58.63    258.62  -7103.89   -944.71      0.00
11_17_18_24_25_31_32_33_39_40_41_47_48_49_50_69_70_71_72_82_88_93_94_99_100_101_102_103_104_114_115_120_121_122_127_128_129_135_136_137_142_143_144_145_150_151_152_157_158_159_163_164_165_166_167_168_169_170_178_179_180_184_185_186_189_190_191_192_195_196_197_198_199_200_201_208_209_210_212_213_214_215_217_218_219_221_222_223_224_225_230_231_232_233_234_238_239_240_241_242_246_247_248_249_250_253_254_255_256_257_260_261_262_263_264_266_267_268_269_270_272_273_274_275_276_281_283_285_286_287 2212       6.40e+08     82.26    239.80  -7090.29  -1068.84      0.00
119_124_125_126_131_132_133_134_138_139_140_141_144_145_146_147_148_149_151_152_153_154_155_156_157_158_159_160_161_162_167_168_169_170_171_172_173_178_179_180_181_182_183_184_185_186_187_188_189_190_191_192_193_194_198_199_200_201_202_203_204_208_209_210_211_212_213_214_215_216_217_218_219_220_223_224_225_226_232_233_234_239_240_241_246_247_248_253_254_255_260_261_277_278_281_283_285_288 2212       6.52e+08     68.74    324.40   -889.56   2281.87      0.00
0_1_2_3_4_5_6_7_8_9_10_11_12_13_14_15_16_17_18_19_20_21_22_23_24_25_26_27_28_29_30_31_32_33_34_35_36_37_38_39_40_41_42_43_44_45_46_47_48_49_50_51_52_53_54_55_56_57_58_59_60_61_62_63_64_65_66_67_68_69_70_71_72_73_74_75_76_77_78_79_80_81_82_83_84_85_86_87_88_89_90_91_92_93_94_95_96_97_98_99_100_101_102_103_104_105_106_107_108_109_110_111_112_113_114_115_116_117_118_119_120_121_122_123_124_125_126_127_128_129_130_131_132_133_134_135_136_137_138_139_140_141_142_143_144_145_146_147_148_149_150_151_152_153_154_155_156_157_158_159_160_161_162_163_164_165_166_167_168_169_170_171_172_173_174_175_176_177_178_179_180_181_182_183_184_185_186_187_188_189_190_191_192_193_194_195_196_197_198_199_200_201_202_203_204_205_206_207_208_209_210_211_212_213_214_215_216_217_218_219_220_221_222_223_224_225_226_227_228_229_230_231_232_233_234_235_236_237_238_239_240_241_242_243_244_245_246_247_248_249_250_251_252_253_254_255_256_257_258_259_260_261_262_263_264_265_266_267_268_269_270_271_272_273_274_275_276_277_278_279_280_281_282_283_284_285_286_287_288 2212       6.52e+08     85.37     75.36    917.90    100.46      0.00
3_4_8_9_10_14_15_16_21_22_23_28_29_30_35_36_37_43_44_45_51_52_53_54_57_58_59_62_63_64_66_67_68_75_76_77_78_79_80_84_85_86_87_90_91_92_95_96_97_98_106_107_108_109_110_111_116_117_118_119_123_124_125_126_130_131_132_133_134_138_139_140_141_145_146_147_148_149_153_154_155_156_159_160_161_162_169_170_171_172_173_174_175_180_181_182_183_185_186_187_188_191_192_193_194_200_201_202_203_204_205_206_209_210_211_213_214_215_216_218_219_220_225_226_227_228_234_235_236_242_243_244_249_250_251_252_256_257_258_263_264_265_269_270_271_274_275_276_277_278_279_280_281_282_283_288 2212       6.59e+08     77.11    274.06   2685.06  -1885.32      0.00
0_1_2_3_4_5_6_7_8_9_11_12_13_14_15_17_18_19_20_21_24_25_26_27_28_31_32_33_34_35_39_40_41_42_43_47_48_49_50_51_52_56_57_58_59_60_61_62_63_64_65_66_67_68_69_70_71_72_73_74_75_76_77_82_83_84_85_86_87_88_89_90_91_92_93_94_95_96_97_98_99_100_101_102_103_104_105_106_107_108_109_114_115_116_117_118_119_120_121_122_123_124_125_127_128_129_130_131_132_133_135_136_137_138_139_140_142_143_144_145_146_147_148_150_151_152_153_154_155_157_158_159_160_161_163_164_165_166_167_168_169_170_171_172_178_179_180_181_182_184_185_186_187_188_189_190_191_192_193_195_196_197_198_199_200_201_202_208_209_210_211_212_213_214_215_217_218_219_220_221_222_223_224_225_230_231_232_233_238_239_240_241_246_247_248_253_254_255_260_261_262_266_267_272_273_277_278_279_280_281_282_283_284_285_286_287_288 2212       6.67e+08     83.69    292.05  -4851.38  -2035.86      0.00
16_21_22_23_27_28_29_30_34_35_36_37_38_42_43_44_45_46_50_51_52_53_54_56_57_58_59_60_61_62_63_64_65_66_67_68_71_72_73_74_75_76_77_78_79_82_83_84_85_86_87_88_89_90_91_92_93_94_95_96_97_98_101_102_103_104_105_106_107_108_109_110_114_115_116_117_118_119_120_121_122_123_124_125_126_127_128_129_130_131_132_133_134_135_136_137_138_139_140_141_142_143_144_145_146_147_148_149_150_151_152_153_154_155_156_157_158_159_160_161_162_165_166_167_168_169_170_171_172_173_178_179_180_181_182_183_184_185_186_187_188_189_190_191_192_193_194_196_197_198_199_200_201_202_203_208_209_210_211_212_213_214_215_216_217_218_219_220_221_222_223_224_230_231_232_238_239_277_278_279_280_281_282_283_284_285_286_287_288 2212       6.88e+08     73.35    147.91  -1315.78   -280.82      0.00
247_254_255_261 2212       6.88e+08     52.48     11.73  -2477.73   4800.22      0.00
2_7_8_13_14_19_20_26_27_33_34_35_41_42_49_50_51_56_60_61_65_71_72_73_82_83_88_93_102_103_114_120_127_142_166_197 2212       6.88e+08     67.86    118.80  -1765.56  -2398.21      0.00
221_230_238_239_246_247_253_254_255_260_261_262_266_267_268_269_272_273_274 2212       6.88e+08     73.13    215.41  -3761.02   6038.22      0.00
0_1_2_3_4_5_6_7_8_9_10_11_12_13_14_15_16_17_18_19_20_21_22_23_24_25_26_27_28_29_30_31_32_33_34_35_36_37_38_39_40_41_42_43_44_45_46_47_48_49_50_51_52_53_54_55_56_57_58_59_60_61_62_63_64_65_66_67_68_69_70_71_72_73_74_75_76_77_78_79_80_81_82_83_84_85_86_87_88_89_90_91_92_93_94_95_96_97_98_100_101_102_103_104_105_106_107_108_109_110_111_112_113_114_115_116_117_118_119_120_121_122_123_124_125_126_127_128_129_130_131_132_133_134_135_136_137_138_139_140_141_142_143_144_145_146_147_148_149_150_151_152_153_154_155_156_157_158_159_160_161_162_164_165_166_167_168_169_170_171_172_173_174_175_176_177_178_179_180_181_182_183_184_185_186_187_188_189_190_191_192_193_194_196_197_198_199_200_201_202_203_204_205_206_207_208_209_210_211_212_213_214_215_216_217_218_219_220_222_223_224_225_226_227_228_229_230_231_232_233_234_235_236_237_238_239_240_241_242_243_244_245_246_247_248_249_250_251_252_253_254_255_256_257_258_259_260_261_262_263_264_265_266_267_268_269_270_271_272_273_274_275_276_277_278_279_280_281_282_283_284_285_286_287_288 2212       6.90e+08     84.61    252.40   -943.56  -6211.79      0.00
3_4_8_9_14_15_20_21_22_27_28_29_34_35_36_42_43_44_50_51_52_56_57_58_59_60_61_62_63_64_65_66_67_68_72_73_74_75_76_77_78_82_83_84_85_86_87_88_89_90_91_92_93_94_95_96_97_98_102_103_104_105_106_107_108_109_110_114_115_116_117_118_119_120_121_122_123_124_125_126_127_128_129_130_131_132_133_134_135_136_137_138_139_140_141_142_143_144_145_146_147_148_149_150_151_152_153_154_155_156_157_158_159_160_161_162_166_167_168_169_170_171_172_173_178_179_180_181_182_183_184_185_186_187_188_189_190_191_192_193_194_197_198_199_200_201_202_203_204_208_209_210_211_212_213_214_215_216_217_218_219_220_223_224_225_226_231_232_233_234_239_240_241_242_246_247_248_249_253_254_255_256_260_261_262_266_267_268_272_273_277_278_279_280_281_282_283_284_285_286_287_288 2212       7.04e+08     76.08    114.01  -3150.88   6614.40      0.00
150_151_157_158_167_168_169_178_179_184_185_189_190_199_200_208_212_285 2212       7.40e+08     31.72    218.96   -941.36    690.45      0.00
3_4_8_9_10_13_14_15_16_18_19_20_21_22_23_24_25_26_27_28_29_30_31_32_33_34_35_36_37_38_39_40_41_42_43_44_45_46_47_48_49_50_51_52_53_54_55_56_57_58_59_60_61_62_63_64_65_66_67_68_69_70_71_72_73_74_75_76_77_78_79_80_81_82_83_84_85_86_87_88_89_90_91_92_93_94_95_96_97_98_99_100_101_102_103_104_105_106_107_108_109_110_111_112_113_114_115_116_117_118_119_120_121_122_123_124_125_126_127_128_129_130_131_132_133_134_135_136_137_138_139_140_141_142_143_144_145_146_147_148_149_150_151_152_153_154_155_156_157_158_159_160_161_162_163_164_165_166_167_168_169_170_171_172_173_174_175_176_177_178_179_180_181_182_183_184_185_186_187_188_189_190_191_192_193_194_195_196_197_198_199_200_201_202_203_204_205_206_207_208_209_210_211_212_213_214_215_216_217_218_219_220_221_222_223_224_225_226_227_228_229_230_231_232_233_234_235_236_237_238_239_240_241_242_243_244_245_246_247_248_249_250_251_252_253_254_255_256_257_258_259_260_261_262_263_264_265_266_267_268_269_270_271_272_273_274_275_276_277_278_279_280_281_282_283_284_285_286_287_288 2212       7.54e+08     85.50    157.21  -1255.77   3627.17      0.00
81_112_113_174_175_176_177_188_193_194_201_202_203_204_205_206_207_209_210_211_213_214_215_216_217_218_219_220_224_225_226_227_228_229_231_232_233_234_235_236_237_238_239_240_241_242_243_244_245_246_247_248_249_250_251_252_253_254_255_256_257_258_259_260_261_262_263_264_265_266_267_268_269_270_271_272_273_274_275_276_288 2212       7.58e+08     79.63    162.34  -3809.24   6193.76      0.00
123_124_125_126_129_130_131_132_133_134_135_136_137_138_139_140_141_142_143_144_145_146_147_148_149_150_151_152_153_154_155_156_157_158_159_160_161_162_166_167_168_169_170_171_172_173_174_175_178_179_180_181_182_183_184_185_186_187_188_189_190_191_192_193_194_197_198_199_200_201_202_203_204_205_208_209_210_211_212_213_214_215_216_217_218_219_220_223_224_225_226_227_231_232_233_234_235_277_278_281_283_285_286_288 2212       7.61e+08     67.32    174.38   -938.75   1688.63      0.00
84_89_90_94_95_96_104_105_106_107_115_116_117_118_122_123_124_129_130_131_132_137_138_139_140_145_146_147_152_153_154_155_159_160_161_170_171_277_278_279_282_284_287 2212       7.63e+08     47.19     32.80    129.09   -109.83      0.00
1_2_3_4_6_7_8_9_10_12_13_14_15_16_18_19_20_21_22_23_25_26_27_28_29_30_32_33_34_35_36_37_38_39_40_41_42_43_44_45_46_48_49_50_51_52_53_54_55_56_57_58_59_60_61_62_63_64_65_66_67_68_69_70_71_72_73_74_75_76_77_78_79_80_81_82_83_84_85_86_87_88_89_90_91_92_93_94_95_96_97_98_100_101_102_103_104_105_106_107_108_109_110_111_112_113_114_115_116_117_118_119_120_121_122_123_124_125_126_127_128_129_130_131_132_133_134_135_136_137_138_139_140_141_142_143_144_145_146_147_148_149_150_151_152_153_154_155_156_157_158_159_160_161_162_163_164_165_166_167_168_169_170_171_172_173_174_175_176_177_178_179_180_181_182_183_184_185_186_187_188_189_190_191_192_193_194_195_196_197_198_199_200_201_202_203_204_205_206_207_208_209_210_211_212_213_214_215_216_217_218_219_220_221_222_223_224_225_226_227_228_229_230_231_232_233_234_235_236_237_238_239_240_241_242_243_244_245_246_247_248_249_250_251_252_253_254_255_256_257_258_259_260_261_262_263_264_265_266_267_268_269_270_271_272_273_274_275_276_277_278_279_280_281_282_283_284_285_286_287_288 2212       7.68e+08     84.67    303.99   2456.94  -1870.01      0.00
44_52_78_79_87_98_109_110_119_126_133_134_140_141_148_149_155_156_162_172_173_174_175_183_188_194_203_204_205_216_226_227_234_235_236_243_244_250_251_257_258_264_265_270_271_276 2212       7.84e+08     69.00    264.42   2680.62   1700.25      0.00
58_59_62_63_64_67_68_75_76_77_85_86_87_91_92_96_97_98_107_108_279_280 2212       7.92e+08     40.97    352.60    936.88  -1173.68      0.00
238_239_240_241_246_247_248_249_253_254_255_256_257_260_261_262_263_264_266_267_268_269_270_271_272_273_274_275_276 2212       7.90e+08     72.00      8.15  -1508.85   5682.08      0.00
12_13_14_19_20_21_27_28_29_35_36 2212       8.02e+08     63.26     20.49   1252.56  -4345.96      0.00
1_2_3_4_6_7_8_9_10_12_13_14_15_16_18_19_20_21_22_23_25_26_27_28_29_30_32_33_34_35_36_37_38_40_41_42_43_44_45_46_49_50_51_52_53_54_55_56_57_58_59_60_61_62_63_64_65_66_67_68_70_71_72_73_74_75_76_77_78_79_80_82_83_84_85_86_87_88_89_90_91_92_93_94_95_96_97_98_101_102_103_104_105_106_107_108_109_110_111_112_114_115_116_117_118_119_120_121_122_123_124_125_126_127_128_129_130_131_132_133_134_135_136_137_138_139_140_141_142_143_144_145_146_147_148_149_150_151_152_153_154_155_156_157_158_159_160_161_162_165_166_167_168_169_170_171_172_173_174_175_176_178_179_180_181_182_183_184_185_186_187_188_189_190_191_192_193_194_196_197_198_199_200_201_202_203_204_205_206_208_209_210_211_212_213_214_215_216_217_218_219_220_222_223_224_225_226_227_228_230_231_232_233_234_235_236_238_239_240_241_242_243_244_246_247_248_249_250_251_252_253_254_255_256_257_258_259_260_261_262_263_264_265_266_267_268_269_270_271_272_273_274_275_276_277_278_279_280_281_282_283_284_285_286_287_288 2212       8.03e+08     83.29    288.93  -1081.36   4704.88      0.00
0_1_2_3_4_5_6_7_8_9_10_11_12_13_14_15_16_17_18_19_20_21_22_23_24_25_26_27_28_29_30_31_32_33_34_35_36_37_38_39_40_41_42_43_44_45_46_47_48_49_50_51_52_53_54_56_57_58_59_60_61_62_63_64_65_66_67_68_69_70_71_72_73_74_75_76_77_78_79_80_82_83_84_85_86_87_88_89_90_91_92_93_94_95_96_97_98_99_100_101_102_103_104_105_106_107_108_109_110_111_114_115_116_117_118_119_120_121_122_123_124_125_126_127_128_129_130_131_132_133_134_135_136_137_138_139_140_141_142_143_144_145_146_147_148_149_150_151_152_153_154_155_156_157_158_159_160_161_162_163_164_165_166_167_168_169_170_171_172_173_174_178_179_180_181_182_183_184_185_186_187_188_189_190_191_192_193_194_195_196_197_198_199_200_201_202_203_204_205_208_209_210_211_212_213_214_215_216_217_218_219_220_221_222_223_224_225_226_230_231_232_233_234_238_239_240_241_242_246_247_248_249_253_254_255_256_260_261_262_266_267_272_273_277_278_279_280_281_282_283_284_285_286_287_288 2212       8.06e+08     82.89    313.34  -1022.97  -1945.57      0.00
23_30_37_38_44_45_46_52_53_54_55_64_77_78_79_80_81_86_87_91_92_97_98_107_108_109_110_111_112_113_117_118_119_123_124_125_126_130_131_132_133_134_138_139_140_141_145_146_147_148_149_152_153_154_155_156_158_159_160_161_162_168_169_170_171_172_173_174_175_176_177_179_180_181_182_183_184_185_186_187_188_189_190_191_192_193_194_199_200_201_202_203_204_205_206_207_208_209_210_211_212_213_214_215_216_217_218_219_220_224_225_226_227_228_229_232_233_234_235_236_237_240_241_242_243_244_245_247_248_249_250_251_252_254_255_256_257_258_260_261_262_263_264_265_266_267_268_269_270_272_273_274_275_277_278_279_281_283_288 2212       8.07e+08     79.22    136.01   -949.86   5678.34      0.00
43_51_56_57_58_59_60_61_62_63_64_65_66_67_68_72_73_74_75_76_77_82_83_84_85_86_87_88_89_90_91_92_93_94_95_96_97_98_103_104_105_106_107_108_109_114_115_116_117_118_119_120_121_122_123_124_125_126_127_128_129_130_131_132_133_135_136_137_138_139_140_141_142_143_144_145_146_147_148_150_151_152_153_154_155_156_157_158_159_160_161_162_166_167_168_169_170_171_172_178_179_180_181_182_183_184_185_186_187_188_189_190_191_192_193_194_198_199_200_201_202_203_208_209_210_211_212_213_214_215_216_217_218_219_220_223_224_225_232_233_239_240_241_247_248_249_253_254_255_260_261_262_266_267_268_272_273_277_278_279_280_281_282_283_284_285_286_287_288 2212       8.15e+08     72.40    114.84  -3422.86   6465.02      0.00
0_1_2_3_4_5_6_7_8_9_10_11_12_13_14_15_16_17_18_19_20_21_22_24_25_26_27_28_29_31_32_33_34_35_36_39_40_41_42_43_44_47_48_49_50_51_52_53_56_57_58_59_60_61_62_63_64_65_66_67_68_69_70_71_72_73_74_75_76_77_78_82_83_84_85_86_87_88_89_90_91_92_93_94_95_96_97_98_99_100_101_102_103_104_105_106_107_108_109_110_114_115_116_117_118_119_120_121_122_123_124_125_126_127_128_129_130_131_132_133_134_135_136_137_138_139_140_141_142_143_144_145_146_147_148_149_150_151_152_153_154_155_156_157_158_159_160_161_162_163_164_165_166_167_168_169_170_171_172_173_174_178_179_180_181_182_183_184_185_186_187_188_189_190_191_192_193_194_195_196_197_198_199_200_201_202_203_204_208_209_210_211_212_213_214_215_216_217_218_219_220_221_222_223_224_225_226_230_231_232_233_234_238_239_240_241_242_246_247_248_249_253_254_255_256_260_261_262_266_267_268_272_273_274_277_278_279_280_281_282_283_284_285_286_287_288 2212       8.18e+08     84.08    293.55  -5028.22   2170.16      0.00
26_27_34_41_42_43_50_51_56_57_58_59_60_61_62_63_64_65_66_67_68_72_73_74_75_76_77_82_83_84_85_86_87_88_89_90_91_92_93_94_95_96_97_98_102_103_104_105_106_107_108_109_114_115_116_117_118_119_120_121_122_123_124_125_126_127_128_129_130_131_132_133_134_135_136_137_138_139_140_141_142_143_144_145_146_147_148_149_150_151_152_153_154_155_156_157_158_159_160_161_162_166_167_168_169_170_171_172_173_178_179_180_181_182_183_184_185_186_187_188_189_190_191_192_193_194_198_199_200_201_202_203_204_208_209_210_211_212_213_214_215_216_217_218_219_220_223_224_225_226_232_233_234_240_241_242_247_248_249_250_254_255_256_257_261_262_263_267_268_269_272_273_274_275_277_278_279_280_281_282_283_284_285_286_287_288 2212       8.20e+08     76.23    269.95   -751.22   4365.21      0.00
3_4_7_8_9_10_12_13_14_15_16_17_18_19_20_21_22_23_24_25_26_27_28_29_30_31_32_33_34_35_36_37_38_39_40_41_42_43_44_49_50_51 2212       8.31e+08     72.01    170.60   -584.22  -4240.83      0.00
232_240_247_254 2212       8.36e+08     53.48    279.04  -2761.52   3537.94      0.00
96_107_117_118_123_124_131_132_139_146_147_278_279 2212       8.38e+08     32.27    243.85    408.15   -282.26      0.00
3_4_8_9_10_14_15_16_20_21_22_23_27_28_29_30_34_35_36_37_38_42_43_44_45_46_50_51_52_53_54_55_56_57_58_59_60_61_62_63_64_65_66_67_68_72_73_74_75_76_77_78_79_80_82_83_84_85_86_87_88_89_90_91_92_93_94_95_96_97_98_102_103_104_105_106_107_108_109_110_111_112_114_115_116_117_118_119_120_121_122_123_124_125_126_127_128_129_130_131_132_133_134_135_136_137_138_139_140_141_142_143_144_145_146_147_148_149_150_151_152_153_154_155_156_157_158_159_160_161_162_166_167_168_169_170_171_172_173_174_175_178_179_180_181_182_183_184_185_186_187_188_189_190_191_192_193_194_197_198_199_200_201_202_203_204_205_206_208_209_210_211_212_213_214_215_216_217_218_219_220_223_224_225_226_227_231_232_233_234_235_236_239_240_241_242_243_246_247_248_249_250_251_253_254_255_256_257_260_261_262_263_264_266_267_268_269_272_273_274_277_278_279_280_281_282_283_284_285_286_287_288 2212       8.45e+08     80.83    119.87   -760.23   3298.12      0.00
0_1_5_6_7_11_12_13_17_18_19_24_25_26_31_32_33_34_39_40_41_47_48_49_50_69_70_71_72_99_100_101_102_103_120_127_135_142_163_164_165_166_195_196_197_198_221_222_223_224_230_231_232_238_239_240_246_247_253_254_260_261_266_267_272 2212       8.47e+08     81.33    282.37  -6246.72   2812.77      0.00
47_48_56_57_58_59_60_61_62_63_64_65_66_67_68_69_70_71_72_73_74_75_76_77_78_79_80_82_83_84_85_86_87_88_89_90_91_92_93_94_95_96_97_98_99_100_101_102_103_104_105_106_107_108_109_110_111_112_113_114_115_116_117_118_119_120_121_122_123_124_125_126_127_128_129_130_131_132_133_134_135_136_137_138_139_140_141_142_143_144_145_146_147_148_149_150_151_152_153_154_155_156_157_158_159_160_161_162_163_164_165_166_167_168_169_170_171_172_173_174_175_176_177_178_179_180_181_182_183_184_185_186_187_188_189_190_191_192_193_194_195_196_197_198_199_200_201_202_203_204_205_206_207_208_209_210_211_212_213_214_215_216_217_218_219_220_221_222_223_224_225_226_227_228_229_230_231_232_233_234_235_236_237_238_239_240_241_242_243_244_245_246_247_248_249_250_251_252_253_254_255_256_257_258_259_260_261_262_263_264_265_266_267_268_269_270_271_272_273_274_275_276_277_278_279_280_281_282_283_284_285_286_287_288 2212       8.47e+08     82.38      1.97  -1844.70   3353.49      0.00
80_81_111_112_175_176 2212       8.49e+08     50.57    165.52   5352.18   -122.47      0.00
0_1_2_3_4_5_6_7_8_9_10_11_12_13_14_15_16_17_18_19_20_21_22_23_24_25_26_27_28_29_30_31_32_33_34_35_36_37_38_39_40_41_42_43_44_45_46_47_48_49_50_51_52_53_54_55_56_57_58_59_60_61_62_63_64_65_66_67_68_69_70_71_72_73_74_75_76_77_78_79_80_81_82_83_84_85_86_87_88_89_90_91_92_93_94_95_96_97_98_99_100_101_102_103_104_105_106_107_108_109_110_111_112_113_114_115_116_117_118_119_120_121_122_123_124_125_126_127_128_129_130_131_132_133_134_135_136_137_138_139_140_141_142_143_144_145_146_147_148_149_150_151_152_153_154_155_156_157_158_159_160_161_162_163_164_165_166_167_168_169_170_171_172_173_174_175_176_177_178_179_180_181_182_183_184_185_186_187_188_189_190_191_192_193_194_195_196_197_198_199_200_201_202_203_204_205_206_207_208_209_210_211_212_213_214_215_216_217_218_219_220_221_222_223_224_225_226_227_228_229_230_231_232_233_234_235_236_237_238_239_240_241_242_243_244_245_246_247_248_249_250_251_252_253_254_255_256_257_258_259_260_261_262_263_264_265_266_267_268_269_270_271_272_273_274_275_276_277_278_279_280_281_282_283_284_285_286_287_288 2212       8.49e+08     85.41    356.74  -2395.24   -332.19      0.00
1_2_7_8_13_14_19_20_21_26_27_28_34_35_36_42_43_44_51_52_53_56_57_58_59_60_61_62_63_64_65_66_67_68_73_74_75_76_77_78_79_83_84_85_86_87_88_89_90_91_92_94_95_96_97_98_104_105_106_107_108_109_110_111_115_116_117_118_119_122_123_124_125_126_129_130_131_132_133_134_137_138_139_140_141_144_145_146_147_148_149_152_153_154_155_156_159_160_161_162_169_170_171_172_173_174_175_180_181_182_183_185_186_187_188_191_192_193_194_201_202_203_204_205_209_210_211_214_215_216_218_219_220_226_227_234_235_236_242_243_244_250_251_252_257_258_259_264_265_271_276_277_278_279_280_281_282_283_284_287_288 2212       8.55e+08     73.06     70.70   2170.83    679.97      0.00
27_34_35_42 2212       8.62e+08     47.86    351.90    187.13  -3299.70      0.00
1_2_3_4_7_8_9_10_13_14_15_16_20_21_22_23_27_28_29_30_35_36_37_38_43_44_45_46_52_53_54_55_59_63_64_68_77_78_79_80_81_86_87_92_98_108_109_110_111_112_113_119_126_133_134_141_148_149_156_173_174_175_176_177_204_205_206_207_227_228_229_235_236_237_244_245_251_252_259_265 2212       8.72e+08     78.94     69.16   3446.88  -3120.59      0.00
189_198_199_200_208_209_212_213_214_217_218_219_224_225_232_233_234 2212       8.77e+08     55.99      8.78   -795.83   2059.13      0.00
171_181_182_186_187_188_192_193_194_201_202_203_209_210_211_214_215_216_219_220_281_288 2212       8.91e+08     38.05    219.49    519.14   1177.34      0.00
32_40_41_49_71 2212       8.96e+08     57.79    239.84  -3855.79  -2900.79      0.00
221_222_230_231_238_239 2212       9.06e+08     60.40     10.70  -6421.34   2647.53      0.00
80_81_111_112_113_174_175_176_177_205_206_207_226_227_228_229_234_235_236_237_242_243_244_249_250_251_256_257_263 2212       9.06e+08     69.77    144.44   3052.68   2624.82      0.00
33_40_41_42_48_49_50_70_71_101 2212       9.26e+08     61.01    162.20  -3896.99  -1822.75      0.00
2_7_8_13_14_20_21 2212       9.39e+08     57.01      7.79    515.36  -5901.04      0.00
231_238_239_246 2212       9.41e+08     49.19    340.08  -5155.65   3170.90      0.00
4_9_10_14_15_16_21_22_23_27_28_29_30_34_35_36_37_38_42_43_44_45_46_50_51_52_53_54_56_57_58_59_60_61_62_63_64_65_66_67_68_71_72_73_74_75_76_77_78_79_80_82_83_84_85_86_87_88_89_90_91_92_93_94_95_96_97_98_102_103_104_105_106_107_108_109_110_111_114_115_116_117_118_119_120_121_122_123_124_125_126_127_128_129_130_131_132_133_134_135_136_137_138_139_140_141_142_143_144_145_146_147_148_149_150_151_152_153_154_155_156_157_158_159_160_161_162_165_166_167_168_169_170_171_172_173_174_175_178_179_180_181_182_183_184_185_186_187_188_189_190_191_192_193_194_197_198_199_200_201_202_203_204_205_208_209_210_211_212_213_214_215_216_217_218_219_220_222_223_224_225_226_230_231_232_233_234_238_239_240_241_242_246_247_248_249_253_254_255_260_261_266_267_272_277_278_279_280_281_282_283_284_285_286_287_288 2212       9.49e+08     78.40    133.99    317.07   -290.49      0.00
0_1_2_3_4_5_6_7_8_9_10_11_12_13_14_15_16_17_18_19_20_21_22_23_24_25_26_27_28_29_30_31_32_33_34_35_36_37_38_39_40_41_42_43_44_45_46_47_48_49_50_51_52_53_54_55_56_57_58_59_60_61_62_63_64_65_66_67_68_69_70_71_72_73_74_75_76_77_78_79_80_81_82_83_84_85_86_87_88_89_90_91_92_93_94_95_96_97_98_99_100_101_102_103_104_105_106_107_108_109_110_111_112_113_114_115_116_117_118_119_120_121_122_123_124_125_126_127_128_129_130_131_132_133_134_135_136_137_138_139_140_141_142_143_144_145_146_147_148_149_150_151_152_153_154_155_156_157_158_159_160_161_162_163_164_165_166_167_168_169_170_171_172_173_174_175_176_177_178_179_180_181_182_183_184_185_186_187_188_189_190_191_192_193_194_195_196_197_198_199_200_201_202_203_204_205_206_207_208_209_210_211_212_213_214_215_216_217_218_219_220_221_222_223_224_225_226_227_228_229_230_231_232_233_234_235_236_237_238_239_240_241_242_243_244_245_246_247_248_249_250_251_252_253_254_255_256_257_258_259_260_261_262_263_264_265_266_267_268_269_270_271_272_273_274_275_276_277_278_279_280_281_282_283_284_285_286_287_288 2212       9.59e+08     87.31     39.87   4990.25    993.21      0.00
32_39_40_48_49_70_71_101_102_165_166_196_197_198_223_224_231_232_233_240_241_247_248_255 2212       9.93e+08     67.00     63.29  -3105.16   1354.97      0.00
16_23_29_30_36_37_38_44_45_46_52_53_54_55_77_78_79_80_81_87_92_97_98_107_108_109_110_111_112_113_118_119_124_125_126_131_132_133_134_139_140_141_146_147_148_149_153_154_155_156_160_161_162_170_171_172_173_174_175_176_177_180_181_182_183_186_187_188_191_192_193_194_200_201_202_203_204_205_206_207_208_209_210_211_213_214_215_216_217_218_219_220_225_226_227_228_229_233_234_235_236_237_241_242_243_244_245_248_249_250_251_252_255_256_257_258_261_262_263_264_265_267_268_269_270_272_273_274_275_277_278_279_281_288 2212       9.93e+08     80.60    128.75   5864.19  -1515.58      0.00
12_13_18_19_20_24_25_26_31_32_33_34_39_40_41_47_48_49_69 2212       9.00e+08     68.42    335.83  -3427.23  -3639.02      0.00
76_85_86_91_92_96_97_98_106_107_108_117_118_119_123_124_125_131_132_133_138_139_140_146_147_148_153_154_155_160_161_162_171_172_181_182_187_277_278_279_280 2212       1.04e+09     39.77    271.61    583.60   -245.33      0.00
228_229_236_237_243_244_245_250_251_252_256_257_258_259_262_263_264_265_267_268_269_270_271_272_273_274_275_276 2212       1.04e+09     73.94    321.03    963.38   6745.84      0.00
3_4_9_10_15_16_21_22_23_28_29_30_36_37_38_44_45_46_53_54_55_79_80_81_110_111_112_113_175_176_177_205_206_207_227_228_229_236_237_244_245_252_259 2212       1.05e+09     78.29     77.50   6013.76   -658.17      0.00
182_183_186_187_188_191_192_193_194_199_200_201_202_203_204_205_208_209_210_211_212_213_214_215_216_217_218_219_220_224_225_226_227_233_234_235_236_241_242_281_288 2212       1.06e+09     63.38    355.38   1744.82   2073.85      0.00
0_1_2_3_4_5_6_7_8_9_10_11_12_13_14_15_16_17_18_19_20_21_22_23_24_25_26_27_28_29_30_31_32_33_34_35_36_37_39_40_41_42_43_44_45_47_48_49_50_51_52_53_56_57_58_59_60_61_62_63_64_65_66_67_68_69_70_71_72_73_74_75_76_77_78_79_82_83_84_85_86_87_88_89_90_91_92_93_94_95_96_97_98_99_100_101_102_103_104_105_106_107_108_109_110_114_115_116_117_118_119_120_121_122_123_124_125_126_127_128_129_130_131_132_133_134_135_136_137_138_139_140_141_142_143_144_145_146_147_148_149_150_151_152_153_154_155_156_157_158_159_160_161_162_163_164_165_166_167_168_169_170_171_172_173_174_178_179_180_181_182_183_184_185_186_187_188_189_190_191_192_193_194_195_196_197_198_199_200_201_202_203_204_208_209_210_211_212_213_214_215_216_217_218_219_220_221_222_223_224_225_226_230_231_232_233_234_238_239_240_241_242_246_247_248_249_253_254_255_260_261_262_266_267_272_273_277_278_279_280_281_282_283_284_285_286_287_288 2212       1.06e+09     84.11    120.41  -1196.51  -5307.56      0.00
0_1_2_3_5_6_7_8_9_11_12_13_14_15_17_18_19_20_21_24_25_26_27_28_31_32_33_34_35_39_40_41_42_43_47_48_49_50_51_52_56_57_58_59_60_61_62_63_64_65_66_67_68_69_70_71_72_73_74_75_76_77_78_82_83_84_85_86_87_88_89_90_91_92_93_94_95_96_97_98_100_101_102_103_104_105_106_107_108_109_114_115_116_117_118_119_120_121_122_123_124_125_126_127_128_129_130_131_132_133_134_135_136_137_138_139_140_141_142_143_144_145_146_147_148_149_150_151_152_153_154_155_156_157_158_159_160_161_162_163_164_165_166_167_168_169_170_171_172_173_178_179_180_181_182_183_184_185_186_187_188_189_190_191_192_193_194_195_196_197_198_199_200_201_202_203_208_209_210_211_212_213_214_215_216_217_218_219_220_221_222_223_224_225_230_231_232_233_234_238_239_240_241_246_247_248_249_253_254_255_256_260_261_262_266_267_268_272_273_277_278_279_280_281_282_283_284_285_286_287_288 2212       1.07e+09     81.98    288.92  -4083.23   3034.19      0.00
0_1_2_3_4_5_6_7_8_9_10_11_12_13_14_15_16_17_18_19_20_21_22_23_24_25_26_27_28_29_30_31_32_33_34_35_36_37_38_39_40_41_42_43_44_45_46_47_48_49_50_51_52_53_54_55_56_57_58_59_60_61_62_63_64_65_66_67_68_69_70_71_72_73_74_75_76_77_78_79_80_81_82_83_84_85_86_87_88_89_90_91_92_93_94_95_96_97_98_99_100_101_102_103_104_105_106_107_108_109_110_111_112_113_114_115_116_117_118_119_120_121_122_123_124_125_126_127_128_129_130_131_132_133_134_135_136_137_138_139_140_141_142_143_144_145_146_147_148_149_150_151_152_153_154_155_156_157_158_159_160_161_162_163_164_165_166_167_168_169_170_171_172_173_174_175_176_177_178_179_180_181_182_183_184_185_186_187_188_189_190_191_192_193_194_195_196_197_198_199_200_201_202_203_204_205_206_207_208_209_210_211_212_213_214_215_216_217_218_219_220_221_222_223_224_225_226_227_228_229_230_231_232_233_234_235_236_237_238_239_240_241_242_243_244_245_246_247_248_249_250_251_252_253_254_255_256_257_258_259_260_261_262_263_264_265_266_267_268_269_270_271_272_273_274_275_276_277_278_279_280_281_282_283_284_285_286_287_288 2212       1.07e+09     86.59    172.89    436.75  -1254.97      0.00
0_1_2_3_4_5_6_7_8_9_10_11_12_13_14_15_16_17_18_19_20_21_22_23_24_25_26_27_28_29_30_31_32_33_34_35_36_37_38_39_40_41_42_43_44_45_46_47_48_49_50_51_52_53_54_55_56_57_58_59_60_61_62_63_64_65_66_67_68_69_70_71_72_73_74_75_76_77_78_79_80_81_82_83_84_85_86_87_88_89_90_91_92_93_94_95_96_97_98_99_100_101_102_103_104_105_106_107_108_109_110_111_112_113_114_115_116_117_118_119_120_121_122_123_124_125_126_127_128_129_130_131_132_133_134_135_136_137_138_139_140_141_142_143_144_145_146_147_148_149_150_151_152_153_154_155_156_157_158_159_160_161_162_163_164_165_166_167_168_169_170_171_172_173_174_175_176_177_178_179_180_181_182_183_184_185_186_187_188_189_190_191_192_193_194_202_203_204_205_206_207_277_278_279_280_281_282_283_284_285_286_287_288 2212       1.08e+09     83.27      4.76   -521.97  -5103.67      0.00
39_47_48_49_69_70_71_72_82_88_93_94_99_100_101_102_103_104_105_114_115_120_121_122_127_128_129_130_135_136_137_138_142_143_144_145_150_151_152_153_157_158_159_160_163_164_165_166_167_168_169_170_178_179_180_181_184_185_186_189_190_191_192_195_196_197_198_199_200_201_208_209_212_213_214_217_218_221_222_223_224_281_283_284_285_286_287 2212       1.09e+09     72.98      9.00  -6412.16   -317.38      0.00
0_1_2_3_4_5_6_7_8_9_10_11_12_13_14_15_16_17_18_19_20_21_22_23_24_25_26_27_28_29_30_31_32_33_34_35_36_37_38_39_40_41_42_43_44_45_46_47_48_49_50_51_52_53_54_55_56_57_58_59_60_61_62_63_64_65_66_67_68_69_70_71_72_73_74_75_76_77_78_79_80_81_82_83_84_85_86_87_88_89_90_91_92_93_94_95_96_97_98_99_100_101_102_103_104_105_106_107_108_109_110_111_112_113_114_115_116_117_118_119_120_121_122_123_124_125_126_127_128_129_130_131_132_133_134_135_136_137_138_139_140_141_142_143_144_145_146_147_148_149_150_151_152_153_154_155_156_157_158_159_160_161_162_163_164_165_166_167_168_169_170_171_172_173_174_175_176_177_178_179_180_181_182_183_184_185_186_187_188_189_190_191_192_193_194_195_196_197_198_199_200_201_202_203_204_205_206_207_208_209_210_211_212_213_214_215_216_217_218_219_220_222_223_224_225_226_227_228_229_231_232_233_234_235_236_237_239_240_241_242_243_244_245_247_248_249_250_251_252_255_256_257_258_259_262_263_264_265_268_269_270_271_274_275_276_277_278_279_280_281_282_283_284_285_286_287_288 2212       1.00e+09     84.49    218.52  -2119.82  -3276.06      0.00
0_1_2_3_5_6_7_8_9_11_12_13_14_15_17_18_19_20_21_22_24_25_26_27_28_29_31_32_33_34_35_36_37_39_40_41_42_43_44_45_47_48_49_50_51_52_53_54_56_57_58_59_60_61_62_63_64_65_66_67_68_70_71_72_73_74_75_76_77_78_79_80_81_82_83_84_85_86_87_88_89_90_91_92_93_94_95_96_97_98_101_102_103_104_105_106_107_108_109_110_111_112_114_115_116_117_118_119_120_121_122_123_124_125_126_127_128_129_130_131_132_133_134_135_136_137_138_139_140_141_142_143_144_145_146_147_148_149_150_151_152_153_154_155_156_157_158_159_160_161_162_165_166_167_168_169_170_171_172_173_174_175_176_177_178_179_180_181_182_183_184_185_186_187_188_189_190_191_192_193_194_197_198_199_200_201_202_203_204_205_206_207_208_209_210_211_212_213_214_215_216_217_218_219_220_224_225_226_227_228_229_233_234_235_236_237_241_242_243_244_245_249_250_251_252_257_258_259_263_264_265_270_271_276_277_278_279_280_281_282_283_284_285_286_287_288 2212       1.11e+09     82.46     47.45  -3099.83  -5434.64      0.00
31_39_47_48_69_70_71_99_100_101_102_127_135_142_143_150_157_163_164_165_166_167_168_178_179_184_185_189_190_191_195_196_197_198_199_200_201_208_209_210_212_213_214_217_218_219_221_222_223_224_225_230_231_232_233_234_238_239_240_241_242_243_246_247_248_249_250_251_253_254_255_256_257_258_260_261_262_263_264_265_266_267_268_269_270_271_272_273_274_275_276_281_285 2212       1.13e+09     82.58     35.29  -2751.28   5562.30      0.00
2_3_4_8_9_10_13_14_15_16_20_21_22_23_26_27_28_29_30_34_35_36_37_42_43_44_45_50_51_52_53_56_57_58_59_60_61_62_63_64_65_66_67_68_72_73_74_75_76_77_78_79_82_83_84_85_86_87_88_89_90_91_92_93_94_95_96_97_98_102_103_104_105_106_107_108_109_110_111_114_115_116_117_118_119_120_121_122_123_124_125_126_127_128_129_130_131_132_133_134_135_136_137_138_139_140_141_142_143_144_145_146_147_148_149_150_151_152_153_154_155_156_157_158_159_160_161_162_166_167_168_169_170_171_172_173_174_178_179_180_181_182_183_184_185_186_187_188_189_190_191_192_193_194_197_198_199_200_201_202_203_204_205_208_209_210_211_212_213_214_215_216_217_218_219_220_223_224_225_226_227_231_232_233_234_235_239_240_241_242_243_247_248_249_250_253_254_255_256_257_260_261_262_263_266_267_268_269_272_273_274_277_278_279_280_281_282_283_284_285_286_287_288 2212       1.16e+09     78.24    111.14  -2256.41   6869.33      0.00
64_68_76_77_78_86_87_91_92_96_97_98_107_108_109_117_118_119_124_125_126_131_132_133_134_139_140_141_147_148_154_155_278_279_280 2212       1.17e+09     43.40    139.96    905.94   -473.02      0.00
1_2_3_4_6_7_8_9_10_12_13_14_15_16_18_19_20_21_22_23_25_26_27_28_29_30_33_34_35_36_37_38_41_42_43_44_45_46_49_50_51_52_53_54_55_56_57_58_59_60_61_62_63_64_65_66_67_68_71_72_73_74_75_76_77_78_79_80_81_82_83_84_85_86_87_88_89_90_91_92_93_94_95_96_97_98_102_103_104_105_106_107_108_109_110_111_112_114_115_116_117_118_119_120_121_122_123_124_125_126_127_128_129_130_131_132_133_134_135_136_137_138_139_140_141_142_143_144_145_146_147_148_149_150_151_152_153_154_155_156_157_158_159_160_161_162_166_167_168_169_170_171_172_173_174_175_176_178_179_180_181_182_183_184_185_186_187_188_189_190_191_192_193_194_197_198_199_200_201_202_203_204_205_206_207_208_209_210_211_212_213_214_215_216_217_218_219_220_223_224_225_226_227_228_229_232_233_234_235_236_237_240_241_242_243_244_245_247_248_249_250_251_252_254_255_256_257_258_259_261_262_263_264_265_267_268_269_270_271_272_273_274_275_276_277_278_279_280_281_282_283_284_285_286_287_288 2212       1.18e+09     83.08     96.17   1428.62   3829.06      0.00
0_1_2_3_4_5_6_7_8_9_10_11_12_13_14_15_16_17_18_19_20_21_22_23_24_25_26_27_28_29_30_31_32_33_34_35_36_37_38_39_40_41_42_43_44_45_46_47_48_49_50_51_52_53_54_55_56_57_58_59_60_61_62_63_64_65_66_67_68_69_70_71_72_73_74_75_76_77_78_79_80_81_82_83_84_85_86_87_88_89_90_91_92_93_94_95_96_97_98_99_100_101_102_103_104_105_106_107_108_109_110_111_112_113_114_115_116_117_118_119_120_121_122_123_124_125_126_127_128_129_130_131_132_133_134_135_136_137_138_139_140_141_142_143_144_145_146_147_148_149_150_151_152_153_154_155_156_157_158_159_160_161_162_163_164_165_166_167_168_169_170_171_172_173_174_175_176_177_178_179_180_181_182_183_184_185_186_187_188_189_190_191_192_193_194_195_196_197_198_199_200_201_202_203_204_205_206_207_208_209_210_211_212_213_214_215_216_217_218_219_220_221_222_223_224_225_226_227_228_229_230_231_232_233_234_235_236_237_238_239_240_241_242_243_244_245_246_247_248_249_250_251_252_253_254_255_256_257_258_259_260_261_262_263_264_265_266_267_268_269_270_271_272_273_274_275_276_277_278_279_280_281_282_283_284_285_286_287_288 2212       1.19e+09     86.61     73.92   2233.08   6145.57      0.00
1_2_3_4_6_7_8_9_10_12_13_14_15_16_18_19_20_21_22_23_25_26_27_28_29_30_32_33_34_35_36_37_38_39_40_41_42_43_44_45_46_48_49_50_51_52_53_54_55_56_57_58_59_60_61_62_63_64_65_66_67_68_69_70_71_72_73_74_75_76_77_78_79_80_81_82_83_84_85_86_87_88_89_90_91_92_93_94_95_96_97_98_99_100_101_102_103_104_105_106_107_108_109_110_111_112_113_114_115_116_117_118_119_120_121_122_123_124_125_126_127_128_129_130_131_132_133_134_135_136_137_138_139_140_141_142_143_144_145_146_147_148_149_150_151_152_153_154_155_156_157_158_159_160_161_162_163_164_165_166_167_168_169_170_171_172_173_174_175_176_177_178_179_180_181_182_183_184_185_186_187_188_189_190_191_192_193_194_195_196_197_198_199_200_201_202_203_204_205_206_207_208_209_210_211_212_213_214_215_216_217_218_219_220_221_222_223_224_225_226_227_228_229_230_231_232_233_234_235_236_237_238_239_240_241_242_243_244_245_246_247_248_249_250_251_252_253_254_255_256_257_258_259_260_261_262_263_264_265_266_267_268_269_270_271_272_273_274_275_276_277_278_279_280_281_282_283_284_285_286_287_288 2212       1.10e+09     86.30    132.67   6463.73  -1747.68      0.00
45_53_54_79 2212       1.21e+09     46.12    159.99   4019.12  -1608.83      0.00
0_1_2_3_4_5_6_7_8_9_10_11_12_13_14_15_16_17_18_19_20_21_22_23_24_25_26_27_28_29_30_31_32_33_34_35_36_37_38_39_40_41_42_43_44_45_46_47_48_49_50_51_52_53_54_55_56_57_58_59_60_61_62_63_64_65_66_67_68_69_70_71_72_73_74_75_76_77_78_79_80_81_82_83_84_85_86_87_88_89_90_91_92_93_94_95_96_97_98_99_100_101_102_103_104_105_106_107_108_109_110_111_112_113_114_115_116_117_118_119_120_121_122_123_124_125_126_127_128_129_130_131_132_133_134_135_136_137_138_139_140_141_142_143_144_145_146_147_148_149_150_151_152_153_154_155_156_157_158_159_160_161_162_163_164_165_166_167_168_169_170_171_172_173_174_175_176_177_178_179_180_181_182_183_184_185_186_187_188_189_190_191_192_193_194_195_196_197_198_199_200_201_202_203_204_205_206_207_208_209_210_211_212_213_214_215_216_217_218_219_220_221_222_223_224_225_226_227_228_229_230_231_232_233_234_235_236_237_238_239_240_241_242_243_244_245_246_247_248_249_250_251_252_253_254_255_256_257_258_259_260_261_262_263_264_265_266_267_268_269_270_271_272_273_274_275_276_277_278_279_280_281_282_283_284_285_286_287_288 2212       1.21e+09     85.83     87.74   -595.84   3831.47      0.00
69_70_99_100_101_164_165_166_167_189_195_196_197_198_199_208_212_217_222_223_224_231_232_233 2212       1.24e+09     65.42    204.02  -4762.18    522.97      0.00
0_1_2_3_5_6_7_8_11_12_13_14_17_18_19_20_21_24_25_26_27_31_32_33_34_35_39_40_41_42_47_48_49_50_51_56_57_60_61_65_66_69_70_71_72_73_74_82_83_88_89_93_94_99_100_101_102_103_104_105_114_115_120_121_127_128_129_135_136_142_143_150_151_157_163_164_165_166_167_178_195_196_197_198_221_222_223_230_231_232_238_239_246_247_253_260_286_287 2212       1.24e+09     80.73    113.15  -1958.64  -6465.53      0.00
258_259_264_265_270_271_275_276 2212       1.25e+09     64.40    305.84   3018.45   6756.12      0.00
0_5_11_12_17_18_24_25_26_31_32_33_39_40_41_42_47_48_49_50_56_57_60_61_62_65_66_69_70_71_72_73_74_75_82_83_84_85_88_89_90_93_94_95_96_99_100_101_102_103_104_105_106_107_114_115_116_117_120_121_122_123_124_127_128_129_130_131_132_135_136_137_138_139_142_143_144_145_146_147_150_151_152_153_154_155_157_158_159_160_161_163_164_165_166_167_168_169_170_171_172_178_179_180_181_182_184_185_186_187_188_189_190_191_192_193_194_195_196_197_198_199_200_201_202_203_208_209_210_211_212_213_214_215_216_217_218_219_220_221_222_223_224_225_226_230_231_232_233_234_238_239_240_241_242_246_247_248_249_250_253_254_255_256_257_260_261_262_263_264_266_267_268_269_270_272_273_274_275_276_277_278_281_282_283_284_285_286_287_288 2212       1.25e+09     82.05     60.49  -3230.98   3059.97      0.00
176_177_205_206_207_225_226_227_228_229_233_234_235_236_237_239_240_241_242_243_244_245_246_247_248_249_250_251_252_253_254_255_256_257_258_259_260_261_262_263_264_265_266_267_268_269_270_271_272_273_274_275_276 2212       1.27e+09     78.42    338.69   1343.99   5092.74      0.00
56_60_61_65_72_73_74_82_83_88_89_93_94_103_104_105_114_115_120_121_127_128_129_135_136_142_143_150_151_157_167_286_287 2212       1.28e+09     48.28    126.00  -1514.70   -276.35      0.00
72_82_88_93_103_104_114_120_121_127_128_135_142_143_150_286_287 2212       1.29e+09     42.14    115.44  -1559.81   -281.92      0.00
0_1_5_6_11_12_13_17_18_19_24_25_26_32_33_34_40_41_42_49_50_51_56_57_58_59_60_61_62_63_65_66_67_68_71_72_73_74_75_76_77_82_83_84_85_86_88_89_90_91_92_93_94_95_96_97_102_103_104_105_106_107_108_114_115_116_117_118_120_121_122_123_124_125_127_128_129_130_131_132_135_136_137_138_139_140_142_143_144_145_146_147_148_150_151_152_153_154_155_157_158_159_160_161_162_166_167_168_169_170_171_172_178_179_180_181_182_183_184_185_186_187_188_189_190_191_192_193_194_198_199_200_201_202_203_208_209_210_211_212_213_214_215_216_217_218_219_220_224_225_233_234_241_242_249_277_278_279_280_281_282_283_284_285_286_287_288 2212       1.29e+09     73.19    246.76  -3913.25  -6372.83      0.00
41_49_71_101_102_165_166_197_223_231_239 2212       1.20e+09     63.38    276.98  -3531.99   -160.96      0.00
79_80_110_111_174_175_205_206_226_227_228_235_236_237_243_244_245_250_251_252_257_258_259_264_265_270_271_275_276 2212       1.20e+09     75.70    273.27   3761.06   6831.45      0.00
31_39_47_48_69_70_71_99_100_101_163_164_165_166_195_196_197_198_221_222_223_224_230_231_232_233_238_239_240_241_246_247_248_249_253_254_255_256_257_260_261_262_263_266_267_268_269_270_272_273_274_275 2212       1.20e+09     79.72     47.96  -3907.39   3902.17      0.00
16_22_23_29_30_36_37_38_43_44_45_46_51_52_53_54_55_56_57_58_59_60_61_62_63_64_65_66_67_68_73_74_75_76_77_78_79_80_81_82_83_84_85_86_87_88_89_90_91_92_93_94_95_96_97_98_103_104_105_106_107_108_109_110_111_112_113_114_115_116_117_118_119_120_121_122_123_124_125_126_127_128_129_130_131_132_133_134_135_136_137_138_139_140_141_142_143_144_145_146_147_148_149_150_151_152_153_154_155_156_157_158_159_160_161_162_166_167_168_169_170_171_172_173_174_175_176_177_178_179_180_181_182_183_184_185_186_187_188_189_190_191_192_193_194_197_198_199_200_201_202_203_204_205_206_207_208_209_210_211_212_213_214_215_216_217_218_219_220_223_224_225_226_227_228_229_231_232_233_234_235_236_237_238_239_240_241_242_243_244_245_246_247_248_249_250_251_252_253_254_255_256_257_258_259_260_261_262_263_264_265_266_267_268_269_270_271_272_273_274_275_276_277_278_279_280_281_282_283_284_285_286_287_288 2212       1.20e+09     83.00    141.26   5563.79    497.62      0.00
47_69_99_100_164 2212       1.31e+09     53.34     52.38  -7007.11   -576.50      0.00
2_3_4_8_9_10_13_14_15_16_19_20_21_22_23_26_27_28_29_33_34_35_36_37_41_42_43_44_49_50_51_52_56_57_58_59_60_61_62_63_64_65_66_67_68_71_72_73_74_75_76_77_78_82_83_84_85_86_87_88_89_90_91_92_93_94_95_96_97_98_101_102_103_104_105_106_107_108_109_114_115_116_117_118_119_120_121_122_123_124_125_126_127_128_129_130_131_132_133_135_136_137_138_139_140_142_143_144_145_146_147_150_151_152_153_154_157_158_159_160_161_165_166_167_168_169_170_171_178_179_180_181_184_185_186_189_190_191_196_197_198_199_200_208_212_213_217_222_223_224_230_231_232_238_239_278_279_280_281_282_283_284_285_286_287 2212       1.32e+09     75.07    133.55     50.93  -2912.90      0.00
2_3_4_7_8_9_10_13_14_15_16_20_21_22_23_27_28_29_30_35_36_37_38_43_44_45_46_51_52_53_54_55_57_58_59_62_63_64_66_67_68_75_76_77_78_79_80_81_84_85_86_87_90_91_92_95_96_97_98_106_107_108_109_110_111_112_113_117_118_119_123_124_125_126_131_132_133_134_138_139_140_141_146_147_148_149_153_154_155_156_160_161_162_170_171_172_173_174_175_176_177_181_182_183_187_188_192_193_194_202_203_204_205_206_207_210_211_215_216_219_220_226_227_228_229_234_235_236_237_242_243_244_245_250_251_252_257_258_259_264_265_270_271_275_276_277_278_279_280_282_288 2212       1.32e+09     83.11     81.84   4500.08  -5131.51      0.00
1_2_3_4_6_7_8_9_10_11_12_13_14_15_16_18_19_20_21_22_23_24_25_26_27_28_29_30_32_33_34_35_36_37_38_39_40_41_42_43_44_45_46_47_48_49_50_51_52_53_54_55_56_57_58_59_60_61_62_63_64_65_66_67_68_69_70_71_72_73_74_75_76_77_78_79_80_81_82_83_84_85_86_87_88_89_90_91_92_93_94_95_96_97_98_99_100_101_102_103_104_105_106_107_108_109_110_111_112_114_115_116_117_118_119_120_121_122_123_124_125_126_127_128_129_130_131_132_133_134_135_136_137_138_139_140_141_142_143_144_145_146_147_148_149_150_151_152_153_154_155_156_157_158_159_160_161_162_163_164_165_166_167_168_169_170_171_172_173_174_175_176_178_179_180_181_182_183_184_185_186_187_188_189_190_191_192_193_194_195_196_197_198_199_200_201_202_203_204_205_206_208_209_210_211_212_213_214_215_216_217_218_219_220_221_222_223_224_225_226_227_230_231_232_233_234_235_236_238_239_240_241_242_243_246_247_248_249_250_253_254_255_256_257_260_261_262_263_266_267_268_272_273_274_277_278_279_280_281_282_283_284_285_286_287_288 2212       1.34e+09     83.33    129.38   1442.77  -3147.68      0.00
59_64_68_77_78_86_87_92_98_109_110 2212       1.36e+09     43.40     22.02   1786.43   -931.24      0.00
17_24_31_32_39_40_47_48_49_69_70_71_99_100_101_163_164_165_195_196_197_221_222_223_230_231_238_239_246_247_253_254_260_266 2212       1.38e+09     74.53    278.71  -5950.85   2902.00      0.00
16_23_29_30_36_37_38_44_45_46_52_53_54_55_64_77_78_79_80_81_86_87_92_97_98_107_108_109_110_111_112_117_118_119_124_125_126_131_132_133_134_138_139_140_141_146_147_148_149_153_154_155_156_159_160_161_162_170_171_172_173_174_175_176_180_181_182_183_185_186_187_188_191_192_193_194_200_201_202_203_204_205_206_208_209_210_211_213_214_215_216_217_218_219_220_225_226_227_228_233_234_235_236_241_242_243_244_248_249_250_251_255_256_257_258_261_262_263_264_267_268_269_273_274_275_277_278_279_281_288 2212       1.30e+09     74.77    123.07   1418.90   3097.63      0.00
9_13_14_15_16_19_20_21_22_24_25_26_27_28_29_31_32_33_34_35_36_39_40_41_42_43_44_47_48_49_50_51_52_56_57_58_59_60_61_62_63_64_65_66_67_68_69_70_71_72_73_74_75_76_77_82_83_84_85_86_88_89_90_91_93_94_95_96_99_100_101_102_103_104_105_106_114_115_116_120_121_122_127_128_129_135_136_142_143_144_150_151_157_163_164_165_166_167_195_196_197_221_222_230_280_282_284_286_287 2212       1.41e+09     76.60    333.06  -4071.04  -1347.50      0.00
99_163_164_195_196_221_222_223_230_231_232_238_239_240_246_247_248_253_254_255_256_260_261_262_263_266_267_268_269_270_272_273_274_275_276 2212       1.41e+09     78.77     31.09  -3650.76   5954.02      0.00
127_135_136_142_143_144_150_151_152_157_158_159_160_166_167_168_169_170_171_178_179_180_181_182_184_185_186_187_188_189_190_191_192_193_198_199_200_201_202_203_208_209_210_211_212_213_214_215_216_217_218_219_220_224_225_226_233_234_235_242_243_250_281_283_285_286_288 2212       1.42e+09     61.42     32.54    492.83   2298.13      0.00
238_239_240_246_247_248_253_254_255 2212       1.42e+09     61.47      2.48  -3447.00   4057.71      0.00
16_22_23_29_30_36_37_44_45_53_79_110 2212       1.42e+09     61.91    116.56   3694.56  -2676.59      0.00
2_3_4_7_8_9_13_14_15_20_21_22_27_28_29_35_36_37_43_44_45_52_53_59_63_64_68_77_78_79_86_87_92_98_108_109_110_111_119_125_126_133_134_141_148_149_156_173_174_175_204_205_227_236 2212       1.42e+09     71.81    253.44   1308.77  -6352.40      0.00
11_17_18_24_32 2212       1.43e+09     52.30    307.07  -4402.87  -4663.42      0.00
60_65_72_73_74_82_83_84_88_89_93_94_95_103_104_105_106_114_115_116_120_121_122_123_127_128_129_130_135_136_137_138_143_144_145_151_152_158_282_284_286_287 2212       1.44e+09     43.59    225.20   -976.79   -642.99      0.00
0_1_5_6_7_11_12_13_17_18_19_24_25_26_31_32_33_34_39_40_41_42_47_48_49_50_56_60_61_65_69_70_71_72_73_74_82_83_88_89_93_94_99_100_101_102_103_104_105_114_115_120_121_122_127_128_129_135_136_137_142_143_144_150_151_152_157_158_163_164_165_166_167_168_169_178_179_184_185_189_190_191_195_196_197_198_199_200_208_209_212_213_217_218_221_222_223_224_230_231_232_233_238_239_240_241_246_247_248_249_253_254_255_256_260_261_262_266_267_268_272_273_274_283_284_285_286_287 2212       1.46e+09     83.18    267.94  -6470.14  -1802.57      0.00
0_1_2_5_6_7_8_11_12_13_14_17_18_19_20_21_24_25_26_27_28_31_32_33_34_35_39_40_41_42_43_47_48_49_50_51_52_56_57_58_59_60_61_62_63_64_65_66_67_68_69_70_71_72_73_74_75_76_77_78_82_83_84_85_86_87_88_89_90_91_92_93_94_95_96_97_98_99_100_101_102_103_104_105_106_107_108_109_114_115_116_117_118_119_120_121_122_123_124_125_126_127_128_129_130_131_132_133_134_135_136_137_138_139_140_141_142_143_144_145_146_147_148_149_150_151_152_153_154_155_156_157_158_159_160_161_162_163_164_165_166_167_168_169_170_171_172_173_174_178_179_180_181_182_183_184_185_186_187_188_189_190_191_192_193_194_195_196_197_198_199_200_201_202_203_204_208_209_210_211_212_213_214_215_216_217_218_219_220_221_222_223_224_225_226_230_231_232_233_234_235_238_239_240_241_242_243_246_247_248_249_250_253_254_255_256_257_260_261_262_263_264_266_267_268_269_270_272_273_274_275_276_277_278_279_280_281_282_283_284_285_286_287_288 2212       1.47e+09     85.10    265.43  -5341.94   -713.85      0.00
0_1_2_3_4_5_6_7_8_9_10_11_12_13_14_15_16_17_18_19_20_21_22_23_24_25_26_27_28_29_30_31_32_33_34_35_36_37_38_39_40_41_42_43_44_45_46_47_48_49_50_51_52_53_56_57_58_59_60_61_62_63_64_65_66_67_68_69_70_71_72_73_74_75_76_77_78_82_83_84_85_86_87_88_89_90_91_92_93_94_95_96_97_98_99_100_101_102_103_104_105_106_107_108_109_114_115_116_117_118_120_121_122_123_124_127_128_129_130_131_135_136_137_138_142_143_144_150_151_157_163_164_165_166_167_195_196_197_221_279_280_282_284_286_287 2212       1.48e+09     79.63    340.76   1866.40  -4856.14      0.00
0_1_2_3_4_5_6_7_8_9_10_11_12_13_14_15_16_17_18_19_20_21_22_23_24_25_26_27_28_29_30_31_32_33_34_35_36_37_38_39_40_41_42_43_44_45_46_47_48_49_50_51_52_53_54_55_56_57_58_59_60_61_62_63_64_65_66_67_68_69_70_71_72_73_74_75_76_77_78_79_80_81_82_83_84_85_86_87_88_89_90_91_92_93_94_95_96_97_98_99_100_101_102_103_104_105_106_107_108_109_110_111_112_113_114_115_116_117_118_119_120_121_122_123_124_125_126_127_128_129_130_131_132_133_134_135_136_137_138_139_140_141_142_143_144_145_146_147_148_149_150_151_152_153_154_155_156_157_158_159_160_161_162_163_164_165_166_167_168_169_170_171_172_173_174_175_176_177_178_179_180_181_182_183_184_185_186_187_188_189_190_191_192_193_194_195_196_197_198_199_200_201_202_203_204_205_206_207_208_209_210_211_212_213_214_215_216_217_218_219_220_221_222_223_224_225_226_227_228_229_230_231_232_233_234_235_236_237_238_239_240_241_242_243_244_245_246_247_248_249_250_251_252_253_254_255_256_257_258_259_260_261_262_263_264_265_266_267_268_269_270_271_272_273_274_275_276_277_278_279_280_281_282_283_284_285_286_287_288 2212       1.49e+09     86.78    138.88    952.52   2582.69      0.00
0_1_2_5_6_7_8_11_12_13_17_18_19_20_24_25_26_27_31_32_33_34_39_40_41_42_47_48_49_50_69_70_71_72_99_100_101_102_163_164_165_166_195_196_197_221_222_230_231_238_246 2212       1.51e+09     79.01    306.82  -7035.73    739.11      0.00
0_1_2_3_4_5_6_7_8_9_10_11_12_13_14_15_16_17_18_19_20_21_22_23_24_25_26_27_28_29_30_32_33_34_35_36_37_38_40_41_42_43_44_45_46_49_50_51_52_53_54_55_56_57_58_59_60_61_62_63_64_65_66_67_68_71_72_73_74_75_76_77_78_79_80_81_82_83_84_85_86_87_88_89_90_91_92_93_94_95_96_97_98_102_103_104_105_106_107_108_109_110_111_112_113_114_115_116_117_118_119_120_121_122_123_124_125_126_127_128_129_130_131_132_133_134_135_136_137_138_139_140_141_142_143_144_145_146_147_148_149_150_151_152_153_154_155_156_157_158_159_160_161_162_166_167_168_169_170_171_172_173_174_175_176_177_178_179_180_181_182_183_184_185_186_187_188_189_190_191_192_193_194_198_199_200_201_202_203_204_205_206_207_208_209_210_211_212_213_214_215_216_217_218_219_220_224_225_226_227_228_229_233_234_235_236_237_241_242_243_244_245_249_250_251_252_256_257_258_259_263_264_265_269_270_271_275_276_277_278_279_280_281_282_283_284_285_286_287_288 2212       1.51e+09     86.07    236.31   4957.99  -4713.31      0.00
221_222_230_231_239 2212       1.53e+09     53.09    226.94  -5652.30   2371.99      0.00
0_1_2_3_4_5_6_7_8_9_10_11_12_13_14_15_16_18_19_20_21_22_23_24_25_26_27_28_29_30_32_33_34_35_36_37_38_39_40_41_42_43_44_45_46_48_49_50_51_52_53_54_55_56_57_58_59_60_61_62_63_64_65_66_67_68_70_71_72_73_74_75_76_77_78_79_80_81_82_83_84_85_86_87_88_89_90_91_92_93_94_95_96_97_98_100_101_102_103_104_105_106_107_108_109_110_111_112_113_114_115_116_117_118_119_120_121_122_123_124_125_126_127_128_129_130_131_132_133_134_135_136_137_138_139_140_141_142_143_144_145_146_147_148_149_150_151_152_153_154_155_156_157_158_159_160_161_162_164_165_166_167_168_169_170_171_172_173_174_175_176_177_178_179_180_181_182_183_184_185_186_187_188_189_190_191_192_193_194_195_196_197_198_199_200_201_202_203_204_205_206_207_208_209_210_211_212_213_214_215_216_217_218_219_220_221_222_223_224_225_226_227_228_229_230_231_232_233_234_235_236_237_238_239_240_241_242_243_244_245_246_247_248_249_250_251_252_253_254_255_256_257_258_259_260_261_262_263_264_265_266_267_268_269_270_271_272_273_274_275_276_277_278_279_280_281_282_283_284_285_286_287_288 2212       1.55e+09     86.08    115.25   5291.08  -4281.65      0.00
163_164_165_195_196_197_212_217_221_222_223_224_225_230_231_232_233_234_238_239_240_241_242_243_246_247_248_249_250_251_253_254_255_256_257_260_261_262_263 2212       1.56e+09     74.47      5.86  -4420.14   3301.09      0.00
3_4_9_10_15_16_21_22_23_28_29_30_35_36_37_38_43_44_45_46_52_53_54_55_58_59_63_64_67_68_76_77_78_79_80_81_85_86_87_90_91_92_96_97_98_106_107_108_109_110_111_112_113_117_118_119_123_124_125_126_131_132_133_134_138_139_140_141_146_147_148_149_153_154_155_156_159_160_161_162_170_171_172_173_174_175_176_177_180_181_182_183_186_187_188_191_192_193_194_201_202_203_204_205_206_207_209_210_211_213_214_215_216_218_219_220_225_226_227_228_229_234_235_236_237_242_243_244_245_249_250_251_252_256_257_258_259_262_263_264_265_268_269_270_271_274_275_276_277_278_279_280_281_288 2212       1.57e+09     80.77    102.52   2974.08   6256.38      0.00
1_2_3_4_7_8_9_12_13_14_15_19_20_21_22_26_27_28_29_33_34_35_36_41_42_43_44_45_50_51_52_53_56_57_58_59_60_61_62_63_64_65_66_67_68_72_73_74_75_76_77_78_79_82_83_84_85_86_87_88_89_90_91_92_93_94_95_96_97_98_102_103_104_105_106_107_108_109_110_111_114_115_116_117_118_119_120_121_122_123_124_125_126_127_128_129_130_131_132_133_134_135_136_137_138_139_140_141_142_143_144_145_146_147_148_149_150_151_152_153_154_155_156_157_158_159_160_161_162_166_167_168_169_170_171_172_173_174_175_178_179_180_181_182_183_184_185_186_187_188_189_190_191_192_193_194_198_199_200_201_202_203_204_205_208_209_210_211_212_213_214_215_216_217_218_219_220_224_225_226_227_232_233_234_235_236_240_241_242_243_244_247_248_249_250_251_254_255_256_257_258_261_262_263_264_265_267_268_269_270_271_272_273_274_275_276_277_278_279_280_281_282_283_284_285_286_287_288 2212       1.57e+09     81.19    269.44    826.55   6969.25      0.00
163_164_195_196_221_222_223_230_231_232_238_239 2212       1.50e+09     63.86    194.54  -6815.60   1973.45      0.00
0_1_2_3_4_5_6_7_8_9_10_11_12_13_14_15_16_17_18_19_20_21_22_23_24_25_26_27_28_29_31_32_33_34_35_36_37_39_40_41_42_43_44_47_48_49_50_51_52_53_56_57_58_59_60_61_62_63_64_65_66_67_68_69_70_71_72_73_74_75_76_77_78_82_83_84_85_86_87_88_89_90_91_92_93_94_95_96_97_98_99_100_101_102_103_104_105_106_107_108_109_110_114_115_116_117_118_119_120_121_122_123_124_125_126_127_128_129_130_131_132_133_134_135_136_137_138_139_140_141_142_143_144_145_146_147_148_149_150_151_152_153_154_155_156_157_158_159_160_161_162_163_164_165_166_167_168_169_170_171_172_173_178_179_180_181_182_183_184_185_186_187_188_189_190_191_192_193_194_195_196_197_198_199_200_201_202_203_204_208_209_210_211_212_213_214_215_216_217_218_219_220_221_222_223_224_225_230_231_232_233_234_238_239_240_241_246_247_248_249_253_254_255_260_261_262_266_267_268_272_273_277_278_279_280_281_282_283_284_285_286_287_288 2212       1.61e+09     85.83    115.58  -5618.21  -4057.29      0.00
197_222_223_224_225_231_232_233_234_239_240_241_242_243_247_248_249_250_251_255_256_257_258_261_262_263_264_265_268_269_270_271_274_275_276 2212       1.64e+09     72.05     32.53   3166.23   6606.66      0.00
0_1_2_3_4_5_6_7_8_9_10_11_12_13_14_15_16_17_18_19_20_21_22_23_24_25_26_27_28_29_30_31_32_33_34_35_36_37_38_39_40_41_42_43_44_45_46_47_48_49_50_51_52_53_54_55_56_57_58_59_60_61_62_63_64_65_66_67_68_69_70_71_72_73_74_75_76_77_78_79_80_81_82_83_84_85_86_87_88_89_90_91_92_93_94_95_96_97_98_99_100_101_102_103_104_105_106_107_108_109_110_111_112_113_114_115_116_117_118_119_120_121_122_123_124_125_126_127_128_129_130_131_132_133_134_135_136_137_138_139_140_141_142_143_144_145_146_147_148_149_150_151_152_153_154_155_156_157_158_159_160_161_162_163_164_165_166_167_168_169_170_171_172_173_174_175_176_177_178_179_180_181_182_183_184_185_186_187_188_189_190_191_192_193_194_195_196_197_198_199_200_201_202_203_204_205_206_207_208_209_210_211_212_213_214_215_216_217_218_219_220_221_222_223_224_225_226_227_228_229_230_231_232_233_234_235_236_238_277_278_279_280_281_282_283_284_285_286_287_288 2212       1.64e+09     85.72    357.63  -4081.92  -5742.01      0.00
0_1_2_3_4_5_6_7_8_9_10_11_12_13_14_15_16_17_18_19_20_21_22_23_24_25_26_27_28_29_30_31_32_33_34_35_36_37_38_39_40_41_42_43_44_45_46_47_48_49_50_51_52_53_54_55_56_57_58_59_60_61_62_63_64_65_66_67_68_71_72_73_74_75_76_77_78_79_80_81_82_83_84_85_86_87_88_89_90_91_92_93_94_95_96_97_98_103_104_105_106_107_108_109_110_111_112_113_114_115_116_117_118_119_122_123_124_125_126_131_132_133_134_141_176_177_279_280_282_284_287 2212       1.71e+09     79.92    183.16   5724.65  -3419.86      0.00
174_175_204_205_206_227_228_235_236_237_244_245_252_259 2212       1.72e+09     64.42     43.91   5449.94   3403.91      0.00
27_28_35_36_43_44_52_53_59_63_64_68_77_78_79_80_86_87_92_98_108_109_110_111_112_119_126_133_134_141_149_174_175_176_205_206_207_227_228_229_236_237_245_252 2212       1.70e+09     68.34    228.83   3134.78   -719.41      0.00
0_1_2_3_5_6_7_8_11_12_13_14_17_18_19_20_21_24_25_26_27_31_32_33_34_35_39_40_41_42_43_47_48_49_50_51_56_57_58_59_60_61_62_63_64_65_66_67_68_69_70_71_72_73_74_75_76_82_83_84_85_86_88_89_90_91_93_94_95_96_97_99_100_101_102_103_104_105_106_107_114_115_116_117_120_121_122_123_124_127_128_129_130_131_135_136_137_138_139_142_143_144_145_146_150_151_152_153_157_158_159_160_163_164_165_166_167_168_169_170_178_179_180_181_184_185_186_189_190_191_195_196_197_198_199_200_201_208_209_212_213_214_217_218_221_222_223_224_230_231_232_233_238_239_240_241_246_247_248_253_254_255_260_261_266_267_272_278_279_280_281_282_283_284_285_286_287 2212       1.83e+09     83.80    290.38  -6391.83    566.50      0.00
0_1_2_3_4_5_6_7_8_9_10_11_12_13_14_15_16_17_18_19_20_21_22_23_24_25_26_27_28_29_30_31_32_33_34_35_36_37_38_39_40_41_42_43_44_45_46_47_48_49_50_51_52_53_54_55_56_57_58_59_60_61_62_63_64_65_66_67_68_69_70_71_72_73_74_75_76_77_78_79_80_81_82_83_84_85_86_87_88_89_90_91_92_93_94_95_96_97_98_99_100_101_102_103_104_105_106_107_108_109_110_111_112_113_114_115_116_117_118_119_120_121_122_123_124_125_126_127_128_129_130_131_132_133_134_135_136_137_138_139_140_141_142_143_144_145_146_147_148_149_150_151_152_153_154_155_156_157_158_159_160_161_162_163_164_165_166_167_168_169_170_171_172_173_174_175_176_177_178_179_180_181_182_183_184_185_186_187_188_189_190_191_192_193_194_195_196_197_198_199_200_201_202_203_204_205_206_207_208_209_210_211_212_213_214_215_216_217_218_219_220_221_222_223_224_225_226_227_228_229_230_231_232_233_234_235_236_237_238_239_240_241_242_243_244_245_246_247_248_249_250_251_252_253_254_255_256_257_258_259_260_261_262_263_264_265_266_267_268_269_270_271_272_273_274_275_276_277_278_279_280_281_282_283_284_285_286_287_288 2212       1.85e+09     86.47      5.97   -386.33    -54.17      0.00
5_11_17_18_24_25_31_32_33_39_40_41_47_48_49_50_56_57_60_61_65_66_69_70_71_72_73_74_75_82_83_84_88_89_90_93_94_95_96_100_101_102_103_104_105_106_114_115_116_117_120_121_122_123_124_127_128_129_130_131_135_136_137_138_139_142_143_144_145_146_147_150_151_152_153_154_157_158_159_160_161_165_166_167_168_169_170_171_172_178_179_180_181_182_184_185_186_187_188_189_190_191_192_193_194_196_197_198_199_200_201_202_203_208_209_210_211_212_213_214_215_216_217_218_219_220_223_224_225_226_231_232_233_234_240_241_242_248_249_250_255_256_257_262_263_264_269_270_275_277_278_281_282_283_284_285_286_287_288 2212       1.80e+09     74.38     53.53  -2401.23    433.31      0.00
11_17_24_25_31_32_33_39_40_41_42_47_48_49_50_51_56_57_58_59_60_61_62_63_64_65_66_67_68_69_70_71_72_73_74_75_76_77_78_82_83_84_85_86_87_88_89_90_91_92_93_94_95_96_97_98_99_100_101_102_103_104_105_106_107_108_109_110_114_115_116_117_118_119_120_121_122_123_124_125_126_127_128_129_130_131_132_133_134_135_136_137_138_139_140_141_142_143_144_145_146_147_148_149_150_151_152_153_154_155_156_157_158_159_160_161_162_163_164_165_166_167_168_169_170_171_172_173_174_178_179_180_181_182_183_184_185_186_187_188_189_190_191_192_193_194_195_196_197_198_199_200_201_202_203_204_205_208_209_210_211_212_213_214_215_216_217_218_219_220_221_222_223_224_225_226_227_228_230_231_232_233_234_235_236_237_238_239_240_241_242_243_244_245_246_247_248_249_250_251_252_253_254_255_256_257_258_259_260_261_262_263_264_265_267_268_269_270_271_273_274_275_276_277_278_279_280_281_282_283_284_285_286_287_288 2212       1.80e+09     81.75     35.09   1830.95   4758.89      0.00
0_1_2_3_4_5_6_7_8_9_10_11_12_13_14_15_16_17_18_19_20_21_22_23_24_25_26_27_28_29_30_31_32_33_34_35_36_37_38_39_40_41_42_43_44_45_46_47_48_49_50_51_52_53_54_55_56_57_58_59_60_61_62_63_64_65_66_67_68_69_70_71_72_73_74_75_76_77_78_79_80_81_82_83_84_85_86_87_88_89_90_91_92_93_94_95_96_97_98_99_100_101_102_103_104_105_106_107_108_109_110_111_112_113_114_115_116_117_118_119_120_121_122_123_124_125_126_127_128_129_130_131_132_133_134_135_136_137_138_139_140_141_142_143_144_145_146_147_148_149_150_151_152_153_154_155_156_157_158_159_160_161_162_163_164_165_166_167_168_169_170_171_172_173_174_175_176_177_178_179_180_181_182_183_184_185_186_187_188_189_190_191_192_193_194_195_196_197_198_199_200_201_202_203_204_205_206_207_208_209_210_211_212_213_214_215_216_217_218_219_220_222_223_224_225_226_227_228_229_231_232_233_234_235_236_237_240_241_242_243_244_245_248_249_250_251_252_256_257_258_259_263_264_265_270_271_275_276_277_278_279_280_281_282_283_284_285_286_287_288 2212       1.97e+09     85.21    211.21   6597.31    873.22      0.00
150_157_167_168_178_179_184_185_189_190_191_198_199_200_208_209_212_213_217_218_285 2212       2.01e+09     46.16    197.04  -1382.04   1017.46      0.00
0_1_2_3_4_5_6_7_8_9_10_11_12_13_14_15_17_18_19_20_21_22_24_25_26_27_28_31_32_33_34_35_36_39_40_41_42_43_47_48_49_50_51_56_57_58_59_60_61_62_63_64_65_66_67_68_69_70_71_72_73_74_75_76_82_83_84_85_86_88_89_90_91_93_94_95_96_99_100_101_102_103_104_105_106_114_115_116_117_120_121_122_123_127_128_129_130_135_136_137_142_143_144_145_150_151_152_157_158_163_164_165_166_167_168_178_179_184_189_195_196_197_198_221_222_223_230_231_232_238_239_246_253_280_282_284_285_286_287 2212       2.02e+09     80.01    126.51  -3087.65  -2655.34      0.00
0_1_2_3_5_6_7_8_11_12_13_14_15_17_18_19_20_21_24_25_26_27_28_29_31_32_33_34_35_36_37_39_40_41_42_43_44_45_47_48_49_50_51_52_53_54_56_57_58_59_60_61_62_63_64_65_66_67_68_69_70_71_72_73_74_75_76_77_78_79_80_82_83_84_85_86_87_88_89_90_91_92_93_94_95_96_97_98_99_100_101_102_103_104_105_106_107_108_109_110_111_112_114_115_116_117_118_119_120_121_122_123_124_125_126_127_128_129_130_131_132_133_134_135_136_137_138_139_140_141_142_143_144_145_146_147_148_149_150_151_152_153_154_155_156_157_158_159_160_161_162_163_164_165_166_167_168_169_170_171_172_173_174_175_176_178_179_180_181_182_183_184_185_186_187_188_189_190_191_192_193_194_195_196_197_198_199_200_201_202_203_204_205_206_207_208_209_210_211_212_213_214_215_216_217_218_219_220_221_222_223_224_225_226_227_228_229_230_231_232_233_234_235_236_237_238_239_240_241_242_243_244_245_246_247_248_249_250_251_252_253_254_255_256_257_258_259_260_261_262_263_264_265_266_267_268_269_270_271_272_273_274_275_276_277_278_279_280_281_282_283_284_285_286_287_288 2212       2.02e+09     85.60    236.25  -2611.29    939.46      0.00
77_85_86_87_91_92_96_97_98_106_107_108_109_117_118_119_123_124_125_126_131_132_133_134_138_139_140_141_146_147_148_149_153_154_155_156_160_161_162_171_172_173_181_182_183_187_188_193_194_202_203_204_211_216_220_226_277_278_279_280_288 2212       2.00e+09     51.99    235.02   1092.98    282.66      0.00
79_80_110_111_112_149_173_174_175_183_188_194_203_204_205_206_211_215_216_220_225_226_227_234_235_242_243_249_250 2212       2.00e+09     65.40    321.12   3675.18    658.05      0.00
134_141_148_149_156_162_173_183 2212       2.14e+09     37.40    355.11   1693.42    314.65      0.00
0_1_2_3_4_5_6_7_8_9_10_11_12_13_14_15_16_17_18_19_20_21_22_23_24_25_26_27_28_29_31_32_33_34_35_36_39_40_41_42_43_44_47_48_49_50_51_52_56_57_58_59_60_61_62_63_64_65_66_67_68_69_70_71_72_73_74_75_76_77_82_83_84_85_86_88_89_90_91_93_94_95_96_99_100_101_102_103_104_105_106_114_115_116_117_120_121_122_123_127_128_129_130_135_136_137_142_143_144_150_151_157_163_164_165_166_167_168_178_195_196_197_198_221_222_223_230_231_238_246_280_282_284_285_286_287 2212       2.14e+09     83.04    138.06  -3632.90  -4337.50      0.00
56_60_61_65_73_82 2212       2.16e+09     37.32    220.40  -1127.79  -1502.70      0.00
38_46_54_55_80_81_111_112_113_175_176_177_205_206_207_227_228_229_235_236_237_243_244_245_250_251_252_257_258_259_264_265_269_270_271_275_276 2212       2.16e+09     76.85    115.41   4630.10   5486.20      0.00
0_1_5_6_11_12_17_18_19_24_25_26_31_32_33_34_39_40_41_42_47_48_49_50_56_60_61_65_66_69_70_71_72_73_74_82_83_84_88_89_93_94_95_99_100_101_102_103_104_105_114_115_116_120_121_122_123_127_128_129_130_135_136_137_138_142_143_144_145_150_151_152_153_157_158_159_163_164_165_166_167_168_169_170_178_179_180_181_184_185_186_189_190_191_192_195_196_197_198_199_200_201_208_209_210_212_213_214_217_218_219_221_222_223_224_225_230_231_232_233_238_239_240_241_246_247_248_249_253_254_255_256_260_261_262_263_266_267_268_269_272_273_274_281_282_283_284_285_286_287 2212       2.16e+09     81.92    259.95  -4542.60    777.58      0.00
23_30_37_38_45_46_53_54_55_79_80_81_110_111_112_113_174_175_176_177_204_205_206_207_226_227_228_229_234_235_236_237_242_243_244_245_250_251_252_256_257_258_259_263_264_265_269_270_271_274_275_276 2212       2.18e+09     74.53    116.75   2783.68   4664.36      0.00
59_63_64_67_68_76_77_78_85_86_87_91_92_96_97_98_107_108_109_110_118_119_124_125_126_132_133_134_139_140_141_147_148_149_154_155_156_161_162_172_173_174_175_182_183_188_193_194_203_204_205_216_226_227_228_235_236_243_244_251_252_259_277_278_279_280 2212       2.18e+09     64.46     53.84   3652.89   2377.31      0.00
4_9_10_15_16_21_22_23_28_29_30_35_36_37_43_44_45_51_52_53_58_59_63_64_67_68_76_77 2212       2.21e+09     69.92    134.37   3927.78  -5018.81      0.00
38_45_46_53_54_55_77_78_79_80_81_86_87_91_92_96_97_98_106_107_108_109_110_111_112_116_117_118_119_122_123_124_125_126_130_131_132_133_134_137_138_139_140_141_144_145_146_147_148_149_151_152_153_154_155_156_157_158_159_160_161_162_167_168_169_170_171_172_173_174_175_176_178_179_180_181_182_183_184_185_186_187_188_189_190_191_192_193_194_198_199_200_201_202_203_204_205_206_208_209_210_211_212_213_214_215_216_217_218_219_220_224_225_226_227_232_233_234_235_236_239_240_241_242_243_246_247_248_249_250_253_254_255_256_257_260_261_262_263_266_267_268_269_272_273_274_277_278_279_280_281_283_285_288 2212       2.22e+09     74.64    318.13    738.82   2536.82      0.00
133_140_141_147_148_149_154_155_156_161_162_171_172_173_182_183_187_188_193_194_203_277 2212       2.26e+09     41.85    352.00   1270.93    472.62      0.00
0_1_5_6_7_11_12_13_17_18_19_24_25_26_31_32_33_39_40_41_47_48_49_50_69_70_71_100_101_102_164_165_166_195_196_197_221_222_223_230_231_238_239_246 2212       2.20e+09     74.88    101.95  -3699.11  -4818.24      0.00
5_11_17_18_24_25_26_31_32_33_39_40_41_42_48_49_50_51_56_57_58_60_61_62_63_65_66_67_68_70_71_72_73_74_75_76_82_83_84_85_86_88_89_90_91_92_93_94_95_96_97_101_102_103_104_105_106_107_108_114_115_116_117_118_119_120_121_122_123_124_125_127_128_129_130_131_132_133_135_136_137_138_139_140_141_142_143_144_145_146_147_148_150_151_152_153_154_155_156_157_158_159_160_161_162_165_166_167_168_169_170_171_172_173_178_179_180_181_182_183_184_185_186_187_188_189_190_191_192_193_194_197_198_199_200_201_202_203_204_208_209_210_211_212_213_214_215_216_217_218_219_220_223_224_225_226_232_233_234_235_240_241_242_243_248_249_250_251_255_256_257_258_262_263_264_268_269_270_271_274_275_276_277_278_279_280_281_282_283_284_285_286_287_288 2212       2.34e+09     74.42     57.04   -143.79   3016.16      0.00
176_206_227_228_236_237_244_251_252 2212       2.38e+09     59.19    303.92   4953.98   2013.91      0.00
1_2_3_4_7_8_9_10_14_15_16_21_22_23 2212       2.38e+09     67.53      7.14   3628.12  -6693.49      0.00
1_2_3_4_5_6_7_8_9_10_11_12_13_14_15_16_17_18_19_20_21_22_23_24_25_26_27_28_29_30_31_32_33_34_35_36_37_38_39_40_41_42_43_44_45_46_47_48_49_50_51_52_53_54_55_56_57_58_59_60_61_62_63_64_65_66_67_68_69_70_71_72_73_74_75_76_77_78_79_80_81_82_83_84_85_86_87_88_89_90_91_92_93_94_95_96_97_98_99_100_101_102_103_104_105_106_107_108_109_110_111_112_113_114_115_116_117_118_119_120_121_122_123_124_125_126_127_128_129_130_131_132_133_134_135_136_137_138_139_140_141_142_143_144_145_146_147_148_149_150_151_152_153_154_155_156_157_158_159_160_161_162_163_164_165_166_167_168_169_170_171_172_173_174_175_178_179_180_181_182_183_184_185_186_187_188_189_190_191_192_193_194_195_196_197_198_199_200_201_202_203_204_208_209_210_211_212_213_214_221_277_278_279_280_281_282_283_284_285_286_287_288 2212       2.38e+09     81.23    168.37    726.19  -3382.59      0.00
0_1_2_3_4_5_6_7_8_9_10_11_12_13_14_15_16_17_18_19_20_21_22_23_24_25_26_27_28_29_30_31_32_33_34_35_36_37_38_39_40_41_42_43_44_45_46_47_48_49_50_51_52_53_54_55_56_57_58_59_60_61_62_63_64_65_66_67_68_69_70_71_72_73_74_75_76_77_78_79_80_81_82_83_84_85_86_87_88_89_90_91_92_93_94_95_96_97_98_99_100_101_102_103_104_105_106_107_108_109_110_111_112_113_114_115_116_117_118_119_120_121_122_123_124_125_126_127_128_129_130_131_132_133_134_135_136_137_138_139_140_141_142_143_144_145_146_147_148_149_150_151_152_153_154_155_156_157_158_159_160_161_162_163_164_165_166_167_168_169_170_171_172_173_174_175_176_177_178_179_180_181_182_183_184_185_186_187_188_189_190_191_192_193_194_195_196_197_198_199_200_201_202_203_204_205_206_207_208_209_210_211_212_213_214_215_216_217_218_219_220_221_222_223_224_225_226_227_228_229_230_231_232_233_234_235_236_237_277_278_279_280_281_282_283_284_285_286_287_288 2212       2.42e+09     83.73      4.27  -2671.27  -2647.84      0.00
0_1_2_5_6_7_8_11_12_13_14_17_18_19_20_21_24_25_26_27_28_31_32_33_34_35_36_39_40_41_42_43_44_47_48_49_50_51_52_53_56_57_58_59_60_61_62_63_64_65_66_67_68_69_70_71_72_73_74_75_76_77_78_79_82_83_84_85_86_87_88_89_90_91_92_93_94_95_96_97_98_99_100_101_102_103_104_105_106_107_108_109_110_111_114_115_116_117_118_119_120_121_122_123_124_125_126_127_128_129_130_131_132_133_134_135_136_137_138_139_140_141_142_143_144_145_146_147_148_149_150_151_152_153_154_155_156_157_158_159_160_161_162_163_164_165_166_167_168_169_170_171_172_173_174_175_176_178_179_180_181_182_183_184_185_186_187_188_189_190_191_192_193_194_195_196_197_198_199_200_201_202_203_204_205_206_208_209_210_211_212_213_214_215_216_217_218_219_220_221_222_223_224_225_226_227_228_229_230_231_232_233_234_235_236_237_238_239_240_241_242_243_244_245_246_247_248_249_250_251_252_253_254_255_256_257_258_259_260_261_262_263_264_265_266_267_268_269_270_271_272_273_274_275_276_277_278_279_280_281_282_283_284_285_286_287_288 2212       2.46e+09     85.07    239.82  -1571.72   3210.33      0.00
204_216_220_226_234 2212       2.40e+09     46.05    119.28   1023.17   2352.92      0.00
1_2_3_4_6_7_8_9_10_11_12_13_14_15_16_17_18_19_20_21_22_23_24_25_26_27_28_29_30_31_32_33_34_35_36_37_38_39_40_41_42_43_44_45_46_47_48_49_50_51_52_53_54_55_56_57_58_59_60_61_62_63_64_65_66_67_68_69_70_71_72_73_74_75_76_77_78_79_80_82_83_84_85_86_87_88_89_90_91_92_93_94_95_96_97_98_99_100_101_102_103_104_105_106_107_108_109_110_111_114_115_116_117_118_119_120_121_122_123_124_125_126_127_128_129_130_131_132_133_134_135_136_137_138_139_140_141_142_143_144_145_146_147_148_149_150_151_152_153_154_155_156_157_158_159_160_161_162_163_164_165_166_167_168_169_170_171_172_173_174_178_179_180_181_182_183_184_185_186_187_188_189_190_191_192_193_194_195_196_197_198_199_200_201_202_203_204_208_209_210_211_212_213_214_215_216_217_218_219_220_221_222_223_224_225_230_231_232_238_239_246_277_278_279_280_281_282_283_284_285_286_287_288 2212       2.52e+09     81.47    154.12  -4182.68  -1122.08      0.00
0_6_11_12_13_18_19_20_25_26_27_33_34_35_41_42_43_44_50_51_52_56_57_58_59_60_61_62_63_64_65_66_67_68_73_74_75_76_77_78_79_82_83_84_85_86_87_88_89_90_91_92_93_94_95_96_97_98_104_105_106_107_108_109_110_115_116_117_118_119_121_122_123_124_125_126_129_130_131_132_133_134_137_138_139_140_141_145_146_147_148_149_153_154_155_156_160_161_162_170_171_172_173_174_181_182_183_187_188_193_194_203_204_205_227_277_278_279_280_282_284_287 2212       2.58e+09     68.51     47.02    819.84  -1502.43      0.00
80_81_111_112_113_174_175_176_177_204_205_206_207_226_227_228_229_234_235_236_237_243_244_245 2212       2.59e+09     72.13    162.11   6941.39    778.06      0.00
55_80_81_111_112_113_175_176_177_205_206_207_227_228_229_235_236_237_242_243_244_245_250_251_252_256_257_258_259_263_264_265_268_269_270_271_274_275_276 2212       2.63e+09     74.91    134.61   4754.76   3513.22      0.00
4_9_10_13_14_15_16_19_20_21_22_23_24_25_26_27_28_29_30_31_32_33_34_35_36_37_38_39_40_41_42_43_44_45_46_47_48_49_50_51_52_53_54_55_56_57_58_59_60_61_62_63_64_65_66_67_68_69_70_71_72_73_74_75_76_77_78_79_80_81_82_83_84_85_86_87_88_89_90_91_92_93_94_95_96_97_98_99_100_101_102_103_104_105_106_107_108_109_110_111_112_113_114_115_116_117_118_119_120_121_122_123_124_125_126_127_128_129_130_131_132_133_134_135_136_137_138_139_140_141_142_143_144_145_146_147_148_149_150_151_152_153_154_155_156_157_158_159_160_161_162_163_164_165_166_167_168_169_170_171_172_173_174_175_176_177_178_179_180_181_182_183_184_185_186_187_188_189_190_191_192_193_194_195_196_197_198_199_200_201_202_203_204_205_206_207_208_209_210_211_212_213_214_215_216_217_218_219_220_221_222_223_224_225_226_227_228_229_230_231_232_233_234_235_236_237_238_239_240_241_242_243_246_247_248_249_250_253_254_277_278_279_280_281_282_283_284_285_286_287_288 2212       2.66e+09     82.13    164.39  -1255.67   -338.73      0.00
2_7_8_13_14_20_27 2212       2.60e+09     60.68     83.91    -46.99  -6014.78      0.00
36_44_52_53_64_77_78_79_87_92_97_98_108_109_110_111_118_119_125_126_132_133_134_140_141_147_148_149_155_156_161_162_172_173_174_175_182_183_187_188_193_194_202_203_204_205_211_215_216_220_226_227_234_235_236_242_243_244_250_251_257_258_263_264_265_269_270_271_275_276_277_288 2212       2.60e+09     71.16    269.05   2630.31   1862.39      0.00
56_57_60_61_65_66_72_73_74_75_82_83_84_88_89_90_93_94_95_102_103_104_105_106_114_115_116_120_121_122_123_127_128_129_130_135_136_137_138_142_143_144_145_150_151_152_153_157_158_159_166_167_168_169_170_178_179_180_184_185_186_189_190_191_197_198_199_200_201_208_209_212_213_217_218_222_223_224_231_232_233_238_239_240_246_247_248_253_254_260_261_266_281_282_283_284_285_286_287 2212       2.78e+09     68.37    304.27  -2970.69   2559.02      0.00
43_44_45_46_50_51_52_53_54_55_56_57_58_59_60_61_62_63_64_65_66_67_68_70_71_72_73_74_75_76_77_78_79_80_81_82_83_84_85_86_87_88_89_90_91_92_93_94_95_96_97_98_99_100_101_102_103_104_105_106_107_108_109_110_111_112_113_114_115_116_117_118_119_120_121_122_123_124_125_126_127_128_129_130_131_132_133_134_135_136_137_138_139_140_141_142_143_144_145_146_147_148_149_150_151_152_153_154_155_156_157_158_159_160_161_162_163_164_165_166_167_168_169_170_171_172_173_174_175_176_177_178_179_180_181_182_183_184_185_186_187_188_189_190_191_192_193_194_195_196_197_198_199_200_201_202_203_204_205_206_207_208_209_210_211_212_213_214_215_216_217_218_219_220_221_222_223_224_225_226_227_228_229_230_231_232_233_234_235_236_237_238_239_240_241_242_243_244_245_246_247_248_249_250_251_252_253_254_255_256_257_258_259_260_261_262_263_264_277_278_279_280_281_282_283_284_285_286_287_288 2212       2.78e+09     80.08    173.85   3913.43   1183.78      0.00
121_122_123_124_128_129_130_131_132_133_135_136_137_138_139_140_141_142_143_144_145_146_147_148_149_150_151_152_153_154_155_156_157_158_159_160_161_162_167_168_169_170_171_172_173_174_178_179_180_181_182_183_184_185_186_187_188_189_190_191_192_193_194_198_199_200_201_202_203_204_205_208_209_210_211_212_213_214_215_216_217_218_219_220_225_226_227_234_235_236_243_244_277_278_281_283_285_286_288 2212       2.70e+09     62.18    202.03    923.62   1446.91      0.00
127_135_142_143_150_151_157_166_167_168_178_179_184_185_189_190_198_199_200_208_209_212_213_217_218_224_225_232_233_240_241_248_249_255_256_261_262_268_273_274_285_286 2212       2.70e+09     64.81    259.18  -1304.86   3156.48      0.00
11_12_13_14_15_16_17_18_19_20_21_22_23_24_25_26_27_28_29_30_31_32_33_34_35_36_37_38_39_40_41_42_43_44_45_46_47_48_49_50_51_52_53_54_55_56_57_58_59_60_61_62_63_64_65_66_67_68_69_70_71_72_73_74_75_76_77_78_79_80_81_82_83_84_85_86_87_88_89_90_91_92_93_94_95_96_97_98_99_100_101_102_103_104_105_106_107_108_109_110_111_112_113_114_115_116_117_118_119_120_121_122_123_124_125_126_127_128_129_130_131_132_133_134_135_136_137_138_139_140_141_142_143_144_145_146_147_148_149_150_151_152_153_154_155_156_157_158_159_160_161_162_163_164_165_166_167_168_169_170_171_172_173_174_175_176_177_178_179_180_181_182_183_184_185_186_187_188_189_190_191_192_193_194_196_197_198_199_200_201_202_203_204_205_206_207_208_209_210_211_212_213_214_215_216_217_218_219_220_277_278_279_280_281_282_283_284_285_286_287_288 2212       2.70e+09     77.79      3.22   6465.44  -1792.03      0.00
0_1_2_3_4_5_6_7_8_9_10_11_12_13_14_15_16_17_18_19_20_21_22_23_24_25_26_27_28_29_30_31_32_33_34_35_36_37_38_39_40_41_42_43_44_45_46_47_48_49_50_51_52_53_54_55_56_57_58_59_60_61_62_63_64_65_66_67_68_69_70_71_72_73_74_75_76_77_78_79_80_82_83_84_85_86_87_88_89_90_91_92_93_94_95_96_97_98_99_100_101_102_103_104_105_106_107_108_109_110_111_112_114_115_116_117_118_119_120_121_122_123_124_125_126_127_128_129_130_131_132_133_134_135_136_137_138_139_140_141_142_143_144_145_146_147_148_149_150_151_152_153_154_155_156_157_158_159_160_161_162_163_164_165_166_167_168_169_170_171_172_173_174_175_178_179_180_181_182_183_184_185_186_187_188_189_190_191_192_193_194_195_196_197_198_199_200_201_202_203_204_205_206_208_209_210_211_212_213_214_215_216_217_218_219_220_221_222_223_224_225_226_227_230_231_232_233_234_235_238_239_240_241_242_243_246_247_248_249_250_253_254_255_256_257_260_261_262_263_266_267_268_269_272_273_274_277_278_279_280_281_282_283_284_285_286_287_288 2212       2.82e+09     85.91    307.22   -813.68  -6756.48      0.00
0_1_2_3_4_5_6_7_8_9_10_11_12_13_14_15_16_17_18_19_20_21_22_23_24_25_26_27_28_29_30_31_32_33_34_35_36_37_38_39_40_41_42_43_44_45_46_47_48_49_50_51_52_53_54_55_56_57_58_59_60_61_62_63_64_65_66_67_68_69_70_71_72_73_74_75_76_77_78_79_80_81_82_83_84_85_86_87_88_89_90_91_92_93_94_95_96_97_98_99_100_101_102_103_104_105_106_107_108_109_110_111_112_113_114_115_116_117_118_119_120_121_122_123_124_125_126_127_128_129_130_131_132_133_134_135_136_137_138_139_140_141_142_143_144_145_146_147_148_149_150_151_152_153_154_155_156_157_158_159_160_161_162_163_164_165_166_167_168_169_170_171_172_173_174_175_176_177_178_179_180_181_182_183_184_185_186_187_188_189_190_191_192_193_194_195_196_197_198_199_200_201_202_203_204_205_206_207_208_209_210_211_212_213_214_215_216_217_218_219_220_221_222_223_224_225_226_227_228_229_230_231_232_233_234_235_236_237_238_239_240_241_242_243_244_245_246_247_248_249_250_251_252_253_254_255_256_257_258_259_260_261_262_263_264_265_266_267_268_269_270_271_272_273_274_275_276_277_278_279_280_281_282_283_284_285_286_287_288 2212       2.82e+09     86.74    344.64   6544.74  -1409.87      0.00
12_19_26_33_34_41_42_50_51_56_57_58_60_61_62_63_65_66_67_72_73_74_75_76_82_83_84_85_88_89_90_91_93_94_95_96_97_102_103_104_105_106_107_114_115_116_117_118_120_121_122_123_124_127_128_129_130_131_132_135_136_137_138_139_142_143_144_145_146_147_150_151_152_153_154_157_158_159_160_161_167_168_169_170_171_178_179_180_181_182_184_185_186_187_189_190_191_192_193_198_199_200_201_202_208_209_210_211_212_213_214_215_217_218_219_225_233_277_278_279_280_281_282_283_284_285_286_287_288 2212       2.85e+09     64.94     75.62  -1140.16   -673.21      0.00
0_1_2_3_4_5_6_7_8_9_10_11_12_13_14_15_16_17_18_19_20_21_22_23_24_25_26_27_28_29_30_31_32_33_34_35_36_37_38_39_40_41_42_43_44_45_46_47_48_49_50_51_52_53_54_55_56_57_58_59_60_61_62_63_64_65_66_67_68_69_70_71_72_73_74_75_76_77_78_79_80_81_82_83_84_85_86_87_88_89_90_91_92_93_94_95_96_97_98_99_100_101_102_103_104_105_106_107_108_109_110_111_112_113_114_115_116_117_118_119_120_121_122_123_124_125_126_127_128_129_130_131_132_133_134_135_136_137_138_139_140_141_142_143_144_145_146_147_148_149_150_151_152_153_154_155_156_157_158_159_160_161_162_163_164_165_166_167_168_169_170_171_172_173_174_175_176_177_178_179_180_181_182_183_184_185_186_187_188_189_190_191_192_193_194_195_196_197_198_199_200_201_202_203_204_205_206_207_208_209_210_211_212_213_214_215_216_217_218_219_220_221_222_223_224_225_226_227_228_229_230_231_232_233_234_235_236_237_238_239_240_241_242_243_244_245_246_247_248_249_250_251_252_253_254_255_256_257_258_259_260_261_262_263_264_265_266_267_268_269_270_271_272_273_274_275_276_277_278_279_280_281_282_283_284_285_286_287_288 2212       2.85e+09     87.32    176.34  -2076.64   -705.18      0.00
3_4_9_10_15_16_21_22_23_28_29_30_35_36_37_38_43_44_45_46_52_53_54_58_59_63_64_67_68_76_77_78_79_80_85_86_87_91_92_96_97_98_107_108_109_110_111_112_117_118_119_124_125_126_131_132_133_134_138_139_140_141_146_147_148_149_153_154_155_156_160_161_162_170_171_172_173_174_175_176_181_182_183_186_187_188_192_193_194_201_202_203_204_205_206_210_211_214_215_216_219_220_225_226_227_228_234_235_236_242_243_244_249_250_251_252_256_257_258_259_263_264_265_269_270_271_274_275_276_277_278_279_280_281_288 2212       2.89e+09     75.50     98.40   2554.73   3975.38      0.00
2_3_4_7_8_9_10_13_14_15_16_20_21_22_23_26_27_28_29_30_34_35_36_37_38_42_43_44_45_46_50_51_52_53_54_56_57_58_59_60_61_62_63_64_65_66_67_68_72_73_74_75_76_77_78_79_80_82_83_84_85_86_87_88_89_90_91_92_93_94_95_96_97_98_102_103_104_105_106_107_108_109_110_111_114_115_116_117_118_119_120_121_122_123_124_125_126_127_128_129_130_131_132_133_134_135_136_137_138_139_140_141_142_143_144_145_146_147_148_149_150_151_152_153_154_155_156_157_158_159_160_161_162_166_167_168_169_170_171_172_173_174_175_178_179_180_181_182_183_184_185_186_187_188_189_190_191_192_193_194_198_199_200_201_202_203_204_205_206_208_209_210_211_212_213_214_215_216_217_218_219_220_223_224_225_226_227_228_232_233_234_235_236_240_241_242_243_244_247_248_249_250_251_252_254_255_256_257_258_260_261_262_263_264_265_266_267_268_269_270_271_272_273_274_275_276_277_278_279_280_281_282_283_284_285_286_287_288 2212       2.89e+09     80.92    283.16    956.09   2496.89      0.00
5_11_17_18_24_25_31_32_39_40_47_48_49_69_70_71_99_100_101_163_164_165_195_196_197_221_222_230_231_238_239_246_253_260 2212       2.93e+09     72.98    276.24  -5745.27  -1593.17      0.00
102_114_120_121_127_128_129_135_136_142_143_144_150_151_152_157_158_165_166_167_168_169_178_179_184_185_189_190_196_197_198_199_200_208_212_221_222_223_224_230_231_232_283_285_286 2212       2.94e+09     62.68    343.09  -3087.34   1131.33      0.00
31_39_40_47_48_49_60_65_69_70_71_72_73_74_82_83_84_88_89_90_93_94_95_96_99_100_101_102_103_104_105_106_107_114_115_116_117_118_120_121_122_123_124_125_127_128_129_130_131_132_133_135_136_137_138_139_140_141_142_143_144_145_146_147_148_149_150_151_152_153_154_155_156_157_158_159_160_161_162_163_164_165_166_167_168_169_170_171_172_173_178_179_180_181_182_183_184_185_186_187_188_189_190_191_192_193_194_195_196_197_198_199_200_201_202_203_204_208_209_210_211_212_213_214_215_216_217_218_219_220_221_222_223_224_225_226_227_230_231_232_233_234_235_236_238_239_240_241_242_243_244_245_246_247_248_249_250_251_252_253_254_255_256_257_258_259_260_261_262_263_264_265_266_267_268_269_270_271_272_273_274_275_276_277_278_279_281_282_283_284_285_286_287_288 2212       2.94e+09     80.65     28.72    947.32   4822.28      0.00
0_1_2_3_4_5_6_7_8_9_10_11_12_13_14_15_16_17_18_19_20_21_22_23_24_25_26_27_28_29_30_31_32_33_34_35_36_37_38_39_40_41_42_43_44_45_46_47_48_49_50_51_52_53_54_55_56_57_58_59_60_61_62_63_64_65_66_67_68_69_70_71_72_73_74_75_76_77_78_79_80_81_82_83_84_85_86_87_88_89_90_91_92_93_94_95_96_97_98_99_100_101_102_103_104_105_106_107_108_109_110_111_112_113_114_115_116_117_118_119_120_121_122_123_124_125_126_127_128_129_130_131_132_133_134_135_136_137_138_139_140_141_142_143_144_145_146_147_148_149_150_151_152_153_154_155_156_157_158_159_160_161_162_163_164_165_166_167_168_169_170_171_172_173_174_175_176_177_178_179_180_181_182_183_184_185_186_187_188_189_190_191_192_193_194_195_196_197_198_199_200_201_202_203_204_205_206_207_208_209_210_211_212_213_214_215_216_217_218_219_220_221_222_223_224_225_226_227_228_229_230_231_232_233_234_235_236_237_238_239_240_241_242_243_244_246_247_248_249_250_253_254_277_278_279_280_281_282_283_284_285_286_287_288 2212       2.98e+09     86.55    165.21   1853.90  -6934.54      0.00
2_3_8_13_14_20_21_27_28_34_35_43 2212       3.06e+09     61.09    278.27    726.18  -5962.29      0.00
0_1_2_3_4_6_7_8_9_10_12_13_14_15_16_18_19_20_21_22_23_25_26_27_28_29_30_33_34_35_36_37_38_40_41_42_43_44_45_46_49_50_51_52_53_54_55_56_57_58_59_60_61_62_63_64_65_66_67_68_71_72_73_74_75_76_77_78_79_80_81_82_83_84_85_86_87_88_89_90_91_92_93_94_95_96_97_98_101_102_103_104_105_106_107_108_109_110_111_112_113_114_115_116_117_118_119_120_121_122_123_124_125_126_127_128_129_130_131_132_133_134_135_136_137_138_139_140_141_142_143_144_145_146_147_148_149_150_151_152_153_154_155_156_157_158_159_160_161_162_165_166_167_168_169_170_171_172_173_174_175_176_177_178_179_180_181_182_183_184_185_186_187_188_189_190_191_192_193_194_196_197_198_199_200_201_202_203_204_205_206_207_208_209_210_211_212_213_214_215_216_217_218_219_220_222_223_224_225_226_227_228_229_231_232_233_234_235_236_237_239_240_241_242_243_244_245_246_247_248_249_250_251_252_253_254_255_256_257_258_259_260_261_262_263_264_265_266_267_268_269_270_271_272_273_274_275_276_277_278_279_280_281_282_283_284_285_286_287_288 2212       3.06e+09     84.39    103.91   1993.46    266.50      0.00
0_1_2_3_4_5_6_7_8_9_10_11_12_13_14_15_16_17_18_19_20_21_22_23_24_25_26_27_28_29_30_31_32_33_34_35_36_37_38_39_40_41_42_43_44_45_46_48_49_50_51_52_53_54_55_56_57_58_59_60_61_62_63_64_65_66_67_68_70_71_72_73_74_75_76_77_78_79_80_81_82_83_84_85_86_87_88_89_90_91_92_93_94_95_96_97_98_100_101_102_103_104_105_106_107_108_109_110_111_112_113_114_115_116_117_118_119_120_121_122_123_124_125_126_127_128_129_130_131_132_133_134_135_136_137_138_139_140_141_142_143_144_145_146_147_148_149_150_151_152_153_154_155_156_157_158_159_160_161_162_164_165_166_167_168_169_170_171_172_173_174_175_176_177_178_179_180_181_182_183_184_185_186_187_188_189_190_191_192_193_194_195_196_197_198_199_200_201_202_203_204_205_206_207_208_209_210_211_212_213_214_215_216_217_218_219_220_221_222_223_224_225_226_227_228_229_230_231_232_233_234_235_236_237_238_239_240_241_242_243_244_245_246_247_248_249_250_251_252_253_254_255_256_257_258_259_260_261_262_263_264_265_266_267_268_269_270_271_272_273_274_275_276_277_278_279_280_281_282_283_284_285_286_287_288 2212       3.11e+09     86.30    105.46   1873.18   5909.53      0.00
0_1_2_3_4_5_6_7_8_9_10_11_12_13_14_15_16_17_18_19_20_21_22_23_24_25_26_27_28_29_30_31_32_33_34_35_36_37_38_39_40_41_42_43_44_45_46_47_48_49_50_51_52_53_54_55_56_57_58_59_60_61_62_63_64_65_66_67_68_69_70_71_72_73_74_75_76_77_78_79_80_81_82_83_84_85_86_87_88_89_90_91_92_93_94_95_96_97_98_99_100_101_102_103_104_105_106_107_108_109_110_111_112_113_114_115_116_117_118_119_120_121_122_123_124_125_126_127_128_129_130_131_132_133_134_135_136_137_138_139_140_141_142_143_144_145_146_147_148_149_150_151_152_153_154_155_156_157_158_159_160_161_162_163_164_165_166_167_168_169_170_171_172_173_174_175_176_177_178_179_180_181_182_183_184_185_186_187_188_189_190_191_192_193_194_195_196_197_198_199_200_201_202_203_204_205_206_207_208_209_210_211_212_213_214_215_216_217_218_219_220_221_222_223_224_225_226_227_228_229_230_231_232_233_234_235_236_237_238_239_240_241_242_243_244_245_246_247_248_249_250_251_252_253_254_255_256_257_258_259_260_261_262_263_264_265_266_267_268_269_270_271_272_273_274_275_277_278_279_280_281_282_283_284_285_286_287_288 2212       3.13e+09     86.83    154.52  -5788.59  -1238.33      0.00
58_59_63_64_67_68_75_76_77_78_85_86_87_90_91_92_95_96_97_98_106_107_108_109_116_117_118_119_123_124_125_126_130_131_132_133_134_138_139_140_141_145_146_147_148_149_153_154_155_156_159_160_161_162_170_171_172_173_181_182_183_186_187_188_192_193_202_277_278_279_280_282_288 2212       3.14e+09     47.81    289.11    810.07   -629.12      0.00
42_50_51_56_57_60_61 2212       3.17e+09     50.27    175.50   -931.58  -1935.62      0.00
0_5_6_11_12_17_18_19_24_25_26_31_32_33_39_40_41_42_47_48_49_50_56_60_61_65_69_70_71_72_73_74_82_83_88_89_93_94_99_100_101_102_103_104_105_114_115_116_120_121_122_127_128_129_130_135_136_137_142_143_144_145_150_151_152_153_157_158_159_164_165_166_167_168_169_170_178_179_180_184_185_186_189_190_191_195_196_197_198_199_200_201_208_209_210_212_213_214_217_218_219_221_222_223_224_225_230_231_232_233_238_239_240_241_246_247_248_249_253_254_255_256_260_261_262_263_266_267_268_269_272_273_274_281_283_284_285_286_287 2212       3.19e+09     77.99     71.21  -3917.63   -230.03      0.00
50_51_56_57_58_59_60_61_62_63_64_65_66_67_68_71_72_73_74_75_76_77_82_83_84_85_86_87_88_89_90_91_92_93_94_95_96_97_102_103_104_105_106_107_108_114_115_116_117_118_120_121_122_123_124_127_128_129_130_131_135_136_137_138_142_143_144_145_146_150_151_152_153_157_158_159_166_167_168_169_178_179_184_189_197_198_278_279_280_282_283_284_285_286_287 2212       3.23e+09     59.22    337.03  -1003.38   -755.79      0.00
197_198_212_213_217_218_223_224_225_231_232_233_234_240_241_242_243_248_249_250_256_257 2212       3.24e+09     64.26     18.20     27.67   3326.98      0.00
0_1_2_3_4_5_6_7_8_9_10_11_12_13_14_15_16_17_18_19_20_21_22_23_24_25_26_27_28_29_30_31_32_33_34_35_36_37_38_39_40_41_42_43_44_45_46_47_48_49_50_51_52_53_54_55_56_57_58_59_60_61_62_63_65_69_70_71 2212       3.29e+09     80.52    171.93  -1867.17  -5372.19      0.00
205_206_226_227_228_229_235_236_237_243_244_245 2212       3.32e+09     61.64    356.04   5395.76   2325.80      0.00
0_1_2_3_5_6_7_8_9_11_12_13_14_15_17_18_19_20_21_22_24_25_26_27_28_29_31_32_33_34_35_36_37_39_40_41_42_43_44_45_46_48_49_50_51_52_53_54_55_56_57_58_59_60_61_62_63_64_65_66_67_68_70_71_72_73_74_75_76_77_78_79_80_81_82_83_84_85_86_87_88_89_90_91_92_93_94_95_96_97_98_101_102_103_104_105_106_107_108_109_110_111_112_113_114_115_116_117_118_119_120_121_122_123_124_125_126_127_128_129_130_131_132_133_134_135_136_137_138_139_140_141_142_143_144_145_146_147_148_149_150_151_152_153_154_155_156_157_158_159_160_161_162_165_166_167_168_169_170_171_172_173_174_175_176_177_178_179_180_181_182_183_184_185_186_187_188_189_190_191_192_193_194_197_198_199_200_201_202_203_204_205_206_207_208_209_210_211_212_213_214_215_216_217_218_219_220_223_224_225_226_227_228_229_232_233_234_235_236_237_240_241_242_243_244_245_248_249_250_251_252_256_257_258_259_262_263_264_265_269_270_271_274_275_276_277_278_279_280_281_282_283_284_285_286_287_288 2212       3.33e+09     83.28    229.66   4827.76   4002.37      0.00
38_46_55_80_81_112_113_176_177_206_207_228_229_237_245_252 2212       3.44e+09     65.63    103.34   6614.28    700.41      0.00
39_40_41_47_48_49_50_51_56_57_58_59_60_61_62_63_64_65_66_67_68_69_70_71_72_73_74_75_76_77_78_79_80_82_83_84_85_86_87_88_89_90_91_92_93_94_95_96_97_98_99_100_101_102_103_104_105_106_107_108_109_110_111_112_114_115_116_117_118_119_120_121_122_123_124_125_126_127_128_129_130_131_132_133_134_135_136_137_138_139_140_141_142_143_144_145_146_147_148_149_150_151_152_153_154_155_156_157_158_159_160_161_162_163_164_165_166_167_168_169_170_171_172_173_174_175_176_177_178_179_180_181_182_183_184_185_186_187_188_189_190_191_192_193_194_195_196_197_198_199_200_201_202_203_204_205_206_207_208_209_210_211_212_213_214_215_216_217_218_219_220_221_222_223_224_225_226_227_228_229_230_231_232_233_234_235_236_237_240_241_242_243_244_245_249_250_251_252_277_278_279_280_281_282_283_284_285_286_287_288 2212       3.48e+09     74.81    191.35  -2694.97    442.02      0.00
58_59_62_63_64_67_68_76_77_85_86_87_91_92_97_280 2212       3.55e+09     39.67    268.36    596.63  -1529.49      0.00
0_5_6_11_12_13_18_19_20_25_26_27_28_32_33_34_35_36_41_42_43_44_49_50_51_52_53_56_57_58_59_60_61_62_63_64_65_66_67_68_72_73_74_75_76_77_78_79_80_82_83_84_85_86_87_88_89_90_91_92_93_94_95_96_97_98_102_103_104_105_106_107_108_109_110_111_112_114_115_116_117_118_119_120_121_122_123_124_125_126_127_128_129_130_131_132_133_134_135_136_137_138_139_140_141_142_143_144_145_146_147_148_149_150_151_152_153_154_155_156_157_158_159_160_161_162_167_168_169_170_171_172_173_174_175_176_178_179_180_181_182_183_184_185_186_187_188_189_190_191_192_193_194_199_200_201_202_203_204_205_206_207_208_209_210_211_212_213_214_215_216_217_218_219_220_225_226_227_228_229_234_235_236_237_242_243_244_245_250_251_252_257_258_259_264_265_271_276_277_278_279_280_281_282_283_284_285_286_287_288 2212       3.56e+09     78.80    224.95   5355.20   3456.68      0.00
0_1_2_3_4_5_6_7_8_9_10_11_12_13_14_15_16_17_18_19_20_21_22_24_25_26_27_28_29_31_32_33_34_35_36_39_40_41_42_43_44_47_48_49_50_51_52_56_57_58_59_60_61_62_63_64_65_66_67_68_69_70_71_72_73_74_75_76_77_78_82_83_84_85_86_87_88_89_90_91_92_93_94_95_96_97_98_99_100_101_102_103_104_105_106_107_108_109_114_115_116_117_118_119_120_121_122_123_124_125_126_127_128_129_130_131_132_133_134_135_136_137_138_139_140_141_142_143_144_145_146_147_148_150_151_152_153_154_155_156_157_158_159_160_161_162_163_164_165_166_167_168_169_170_171_172_178_179_180_181_182_183_184_185_186_187_188_189_190_191_192_193_195_196_197_198_199_200_201_202_203_208_209_210_211_212_213_214_215_216_217_218_219_220_221_222_223_224_225_230_231_232_233_238_239_240_241_246_247_248_253_254_255_260_261_266_267_272_277_278_279_280_281_282_283_284_285_286_287_288 2212       3.58e+09     82.59    115.62   -631.24  -6834.66      0.00
2_3_7_8_9_13_14_15_19_20_21_26_27_28_34_35_36_42_43_50_51_52_56_57_58_59_60_61_62_63_64_65_66_67_68_72_73_74_75_76_77_78_82_83_84_85_86_87_88_89_90_91_92_93_94_95_96_97_98_103_104_105_106_107_108_109_114_115_116_117_118_119_120_121_122_123_124_125_126_127_128_129_130_131_132_133_134_135_136_137_138_139_140_141_142_143_144_145_146_147_148_149_150_151_152_153_154_155_156_157_158_159_160_161_162_167_168_169_170_171_172_173_178_179_180_181_182_183_184_185_186_187_188_189_190_191_192_193_194_198_199_200_201_202_203_208_209_210_211_212_213_214_215_216_217_218_219_220_224_225_233_277_278_279_280_281_282_283_284_285_286_287_288 2212       3.50e+09     70.61    279.22    609.14  -5837.27      0.00
0_1_5_6_11_12_17_18_19_24_25_26_32_33_34_40_41_42_48_49_50_56_60_65_70_71_72_73_74_82_83_88_89_93_94_101_102_103_104_105_114_115_120_121_122_127_128_129_135_136_137_142_143_144_150_151_152_157_158_165_166_167_168_169_178_179_184_189_190_197_198_199_208_212_217_223_224_232_233_240_247_248_285_286_287 2212       3.62e+09     70.87    264.00  -3160.71  -4303.43      0.00
0_1_2_3_4_5_6_7_8_9_10_11_12_13_14_15_16_17_18_19_20_21_22_23_24_25_26_27_28_29_30_31_32_33_34_35_36_37_38_39_40_41_42_43_44_45_46_48_49_50_51_52_53_54_55_56_57_58_59_60_61_62_63_64_65_66_67_68_70_71_72_73_74_75_76_77_78_79_80_81_82_83_84_85_86_87_88_89_90_91_92_93_94_95_96_97_98_101_102_103_104_105_106_107_108_109_110_111_112_113_114_115_116_117_118_119_120_121_122_123_124_125_126_127_128_129_130_131_132_133_134_135_136_137_138_139_140_141_142_143_144_145_146_147_148_149_150_151_152_153_154_155_156_157_158_159_160_161_162_166_167_168_169_170_171_172_173_174_175_176_177_178_179_180_181_182_183_184_185_186_187_188_189_190_191_192_193_194_198_199_200_201_202_203_204_205_206_207_208_209_210_211_212_213_214_215_216_217_218_219_220_224_225_226_227_228_229_233_234_235_236_237_241_242_243_244_245_249_250_251_252_257_258_259_264_265_270_271_276_277_278_279_280_281_282_283_284_285_286_287_288 2212       3.62e+09     85.24     48.77   6115.21  -1038.67      0.00
240_247_248_255_261_262 2212       3.65e+09     53.99     44.67  -1812.09   4863.00      0.00
10_16_22_23_29_30_36_37_38_43_44_45_46_52_53_54_55_58_59_62_63_64_66_67_68_75_76_77_78_79_80_81_84_85_86_87_89_90_91_92_95_96_97_98_105_106_107_108_109_110_111_112_113_115_116_117_118_119_121_122_123_124_125_126_129_130_131_132_133_134_136_137_138_139_140_141_143_144_145_146_147_148_149_151_152_153_154_155_156_157_158_159_160_161_162_167_168_169_170_171_172_173_174_175_176_177_178_179_180_181_182_183_184_185_186_187_188_189_190_191_192_193_194_198_199_200_201_202_203_204_205_206_207_208_209_210_211_212_213_214_215_216_217_218_219_220_224_225_226_227_228_229_232_233_234_235_236_237_240_241_242_243_244_245_247_248_249_250_251_252_254_255_256_257_258_259_260_261_262_263_264_265_266_267_268_269_270_271_272_273_274_275_276_277_278_279_280_281_282_283_284_285_286_288 2212       3.65e+09     84.46    129.02   6931.40    887.42      0.00
0_1_2_3_5_6_7_8_11_12_13_14_17_18_19_20_21_24_25_26_27_28_31_32_33_34_35_36_39_40_41_42_43_44_47_48_49_50_51_52_53_56_57_58_59_60_61_62_63_64_65_66_67_68_69_70_71_72_73_74_75_76_77_78_79_82_83_84_85_86_87_88_89_90_91_92_93_94_95_96_97_98_99_100_101_102_103_104_105_106_107_108_109_110_111_114_115_116_117_118_119_120_121_122_123_124_125_126_127_128_129_130_131_132_133_134_135_136_137_138_139_140_141_142_143_144_145_146_147_148_149_150_151_152_153_154_155_156_157_158_159_160_161_162_163_164_165_166_167_168_169_170_171_172_173_174_175_178_179_180_181_182_183_184_185_186_187_188_189_190_191_192_193_194_195_196_197_198_199_200_201_202_203_204_205_206_208_209_210_211_212_213_214_215_216_217_218_219_220_221_222_223_224_225_226_227_228_230_231_232_233_234_235_236_237_238_239_240_241_242_243_244_245_246_247_248_249_250_251_252_253_254_255_256_257_258_259_260_261_262_263_264_265_266_267_268_269_270_271_272_273_274_275_276_277_278_279_280_281_282_283_284_285_286_287_288 2212       3.67e+09     84.24    246.60   -887.47   2494.64      0.00
25_32_33_41_42_49_50_56_57_60_61_62_65_66_72_73_74_75_82_83_84_85_88_89_90_93_94_95_96_102_103_104_105_106_114_115_116_117_120_121_122_123_127_128_129_130_131_135_136_137_138_142_143_144_145_146_150_151_152_153_157_158_159_160_167_168_169_170_178_179_180_181_184_185_186_189_190_191_199_200_278_281_282_283_284_285_286_287 2212       3.82e+09     61.79    234.27  -2438.11  -2434.29      0.00
1_2_3_4_7_8_9_10_12_13_14_15_16_19_20_21_22_23_25_26_27_28_29_30_33_34_35_36_37_40_41_42_43_44_45_49_50_51_52_53_56_57_58_59_60_61_62_63_64_65_66_67_68_70_71_72_73_74_75_76_77_78_79_82_83_84_85_86_87_88_89_90_91_92_93_94_95_96_97_98_101_102_103_104_105_106_107_108_109_110_111_114_115_116_117_118_119_120_121_122_123_124_125_126_127_128_129_130_131_132_133_134_135_136_137_138_139_140_141_142_143_144_145_146_147_148_149_150_151_152_153_154_155_156_157_158_159_160_161_162_165_166_167_168_169_170_171_172_173_174_178_179_180_181_182_183_184_185_186_187_188_189_190_191_192_193_194_196_197_198_199_200_201_202_203_204_205_208_209_210_211_212_213_214_215_216_217_218_219_220_222_223_224_225_226_227_230_231_232_233_234_235_238_239_240_241_242_243_246_247_248_249_250_253_254_255_256_257_260_261_262_263_266_267_268_269_272_273_274_277_278_279_280_281_282_283_284_285_286_287_288 2212       3.83e+09     80.62    295.35   -493.95   -234.36      0.00
0_1_2_3_4_5_6_7_8_9_10_11_12_13_14_15_16_17_18_19_20_21_22_23_24_25_26_27_28_29_30_31_32_33_34_35_36_37_38_39_40_41_42_43_44_45_46_47_48_49_50_51_52_53_54_55_56_57_58_59_60_61_62_63_64_65_66_67_68_69_70_71_72_73_74_75_76_77_78_79_80_81_82_83_84_85_86_87_88_89_90_91_92_93_94_95_96_97_98_99_100_101_102_103_104_105_106_107_108_109_110_111_112_113_114_115_116_117_118_119_120_121_122_123_124_125_126_127_128_129_130_131_132_133_134_135_136_137_138_139_140_141_142_143_144_145_146_147_148_149_150_151_152_153_154_155_156_157_158_159_160_161_162_163_164_165_166_167_168_169_170_171_172_173_174_175_176_177_178_179_180_181_182_183_184_185_186_187_188_189_190_191_192_193_194_195_196_197_198_199_200_201_202_203_204_205_206_207_208_209_210_211_212_213_214_215_216_217_218_219_220_221_222_223_224_225_226_227_228_229_230_231_232_233_234_235_236_237_238_239_240_241_242_243_244_245_246_247_248_249_250_251_252_253_254_255_256_257_258_259_260_261_262_263_264_265_266_267_268_269_270_271_272_273_274_275_276_277_278_279_280_281_282_283_284_285_286_287_288 2212       3.87e+09     87.02     55.95   2506.22  -1578.73      0.00
14_21_27_28_35 2212       3.80e+09     51.64    135.44    670.61  -4249.80      0.00
47_69_99_163 2212       3.95e+09     49.79    111.99  -7162.30   -594.63      0.00
